ID,Tanggal Berita,Media,Judul Berita,Isu Ekonomi,Sektor,Ringkasan Berita,Link Berita
4532b408beba4d8c8eb781d180f9e3e9,2026-08-15,JATIM POS online,"iSentra Lamongan Berpotensi Jadi Pusat Ekonomi Baru, FKBN Dorong Keterlibatan Warga Lokal - JATIM POS online",Ekonomi Digital,J - Informasi dan Komunikasi,"iSentra Lamongan Berpotensi Jadi Pusat Ekonomi Baru, FKBN Dorong Keterlibatan Warga Lokal JATIM POS online",https://news.google.com/rss/articles/CBMizAFBVV95cUxPc2RmTE0xa3A5ai0yVXdxMUhTME9nVV80cVd3VkgwSzdpc2dKcUh6ZXJCSG9ycllkYnROWUs3YWR2MVc0SFR3aGVXQ2gyRU9xQWFlSWxOVnJWcEU4eGlxU3I1WUdqSm92eTRLeE5uZldETzQ3RVU2S21EZlgzSi1XTnJqamh1SUZzY2tWUzdHUTdRbXBEZy1abHhuTm9NcU1YaGliZ0p6M0x4N3NVVXFqb2VGdjR1ZXF3ZDc3cVd5RDZfaWVyRGx0VUo5d28?oc=5
4167eef9628e9a35db7c22e1f716ea7b,2026-08-15,Tribunnews.com,KPK Dalami Laporan Keuangan KSO Abipraya-Jaya Abadi Terkait Korupsi Gedung Pemkab Lamongan - Tribunnews.com,Keuangan,F - Konstruksi,KPK Dalami Laporan Keuangan KSO Abipraya-Jaya Abadi Terkait Korupsi Gedung Pemkab Lamongan Tribunnews.com,https://news.google.com/rss/articles/CBMizwFBVV95cUxOQ2VWeDdQcy1jOVktVUpQYXRHcm9xOGE0SmVUYXlxVTVlR3RNWFN1Sjc5R2JqQ0NLSFk3ODhXWVE3a2dwNlJnalFLTVFaSmRzSHJCSEhYS2NCSkxwUFM0R0xtNDIyOUNsb3Joa3pBbEZGelNqZGZLUlRoUUZfNlNSS3diOEowRXZIbzYwdkEwZm5qVTFucHdGdkhHLXhaY1RNUnZyTzk0dFBKcHBXOV8zOHc3dGlwWjYwUy1DOXZhaDlwbmxlMXVOci1CRTZzdVE?oc=5
bfc5c594d59c4a567e9d73fd0425b1fc,2026-08-14,klikjatim.com,"Kunjungi TPST Tambakrigadung, Pak Yes Pastikan Pengelolaan Sampah Lamongan Berjalan Optimal - klikjatim.com",Ekonomi Umum,"E - Pengadaan Air, Pengelolaan Sampah, Limbah dan Daur Ulang","Kunjungi TPST Tambakrigadung, Pak Yes Pastikan Pengelolaan Sampah Lamongan Berjalan Optimal klikjatim.com",https://news.google.com/rss/articles/CBMiwAFBVV95cUxObk5QZl9BZkFMTXNRbFBMbUNBNVVWdnZqYndDdHl5aExyU1NtVXkzbTB3NTgxVjV1Y3NINi02R21fdTE4dzdkaDRiTXZ0Z2x2cndTOW81U0FBcEFEQzlqVVFlUl9oNmtiOVVWb0NjWVA2TVFqNlJRaFctVy1xbnBTb0ctTVl1U3RPcGpyZk1zOUNzXzB6M0Y2SklUX2p4YURiVms2dGJXX2w4NVNiT1owak56OXJ0V3Z2ZTNYMjdBMlDSAcYBQVVfeXFMUFJZNm9VRGs4SEhDa0dSeWJKbGRfWVRpZDdXUHg4dnFXeTBHSGw2NWtCYVlLZ3VTR0pXdXZHTkZJWU1zMkpXSFc2NGdYYURZYS10WTY0cFZ2VWxQSTRpRldwWUlOU1A0X2p4SVBWclpKd1JSajJiNzJsaktqYlgwLVp5RGJ3MVhCczh3ZTdLUFBXcmRER3NudXItcFkzZWViSzloWlpnLVE5S0N1akwtSFhjQXEzd3dQRzRSbXVqZHdQV0k2NEtB?oc=5
042780a546e2fd5991462178d9393abc,2026-08-14,surabaya.kompas.com,"Viral Sego Boran Lamongan Dianggap Mahal hingga Rp 350.000, Pemkab Turun Tangan - surabaya.kompas.com",Harga dan Inflasi,"O - Administrasi Pemerintahan, Pertahanan dan Jaminan Sosial Wajib","Viral Sego Boran Lamongan Dianggap Mahal hingga Rp 350.000, Pemkab Turun Tangan surabaya.kompas.com",https://news.google.com/rss/articles/CBMiwgFBVV95cUxQeEpaV214VjFJOGZ5R3R6STdIQWJHZVVpWEhpWndhV2V3bzVaNkp5QnRSV2w1VjUtMGluQzRoTHFzVHJNUkpkU0REQ2ZjdzVuMUlPS1A1YXhkYk5CdDV4b1JqZGpBU0loU0tWdGtUMXB0bXZ0YmFaVWFtdWhPY0xXem53d0xHU1RqR0FnbHVMSUw3VkpqbEhvTGtiWVVjdUd6LXVPOTVHUktFY2pLVnl0Z3JWcTJaUXNUSjdYYU9pYmN0dw?oc=5
70d08b763e04852021867cca1517b315,2026-08-14,Antara News jatim,Pemkab Lamongan perkuat dukungan terhadap swasembada pangan nasional - Antara News jatim,Ekonomi Umum,"O - Administrasi Pemerintahan, Pertahanan dan Jaminan Sosial Wajib",Pemkab Lamongan perkuat dukungan terhadap swasembada pangan nasional Antara News jatim,https://news.google.com/rss/articles/CBMisgFBVV95cUxQbHZ5VUlkcG9xRlJBVHRSdU1jMkJ0azIzbFJIdGQzNGRWdjU2LXpYV0JRdTEtSXROdEhYaFNNRlhhTElWai1vcXd0ZEtoYV9vY19heVNRYjhOMnBwUlZ5VGNEZkE0eGZUZlFlM0ltYTA3d1NxWGpxaHJHaTI5aFIyaTNxcVNKYW9mXzJOVjdQNmVkN0JMR01ZcWI4REw1dGhuQ1VSNVd2dUY4LVpMWExsdUdn0gG3AUFVX3lxTFBVWWlDRE5yVk8tZm9OQ0NDV1NMUXhtWjFiRlBsTzdwSE1KZ2dkNGtJeTRucmo2SFg2eTFncTQ4YU1XRURXMzQ0WUx5RU8weWpUdDRuRl90a2djMEx1OUstZDlBWGVNVFZieTJmR1AtWkpTaVlTeUwzQVA4OE5MQURMYktPWldWUDRHUFg0Z014N29SRmVpTGZsYzhSa0lvX1ktaWhDM1NvdEJETmZmY2VBT1R2WDVuRQ?oc=5
2a5a0df4d6705ad7506e51e68d23db4e,2026-08-14,beritajatim.com,UNISDA Lamongan Berdayakan UMKM Miyono dengan Teknologi dan Ekonomi Sirkular - beritajatim.com,UMKM,J - Informasi dan Komunikasi,UNISDA Lamongan Berdayakan UMKM Miyono dengan Teknologi dan Ekonomi Sirkular beritajatim.com,https://news.google.com/rss/articles/CBMiogFBVV95cUxObmhNakhnT3FxZDNaQ3EzdHdxVGNqdzJxUVdCN2lmWk9BNk5SYkZYYmNDUFRZMFh0dTMtSlFtdFdhYmk1RFhWclhiR2wwMUEyeFF4b0FQMGtQTmozVy1VMUpheUM2a3ZzSC0wYUJVaEVVWWtGVldTWDA0SXVCT1FvRzRNUE9UNWlZU3RCYjlCaWlZRHZZaVM3dUIzVDZnTmdOSVE?oc=5
de5812569792e3c715dba06c795419b2,2026-08-14,beritajatim.com,"HUT ke-65 Pramuka, Bupati Lamongan Dorong Generasi Muda Jadi Kekuatan Pembangunan Daerah - beritajatim.com",Infrastruktur,F - Konstruksi,"HUT ke-65 Pramuka, Bupati Lamongan Dorong Generasi Muda Jadi Kekuatan Pembangunan Daerah beritajatim.com",https://news.google.com/rss/articles/CBMisAFBVV95cUxQa3M3LXJ2eHhWX1hoaFIyZHZFdjVjOE9tTzhvZUVraGlGdWxjMERmSW5pWUhJUnBhT19YQkpaOW9kTXFqc3lCSkJvWVpzMk5sQ3FZR1JXRHM1aU1BRXgwakhxMjRqZTUyMkJzMGxySkE1RGNiMVNsdnFYMnNyT2VneGg1dE5jQmkyR3hMX0JPSWpfSnUyWWU5LXk4YXZSbHVnOEJaeXZvT0IxOElieGxDSA?oc=5
996d9513f06c2a4abd95a627b500fc70,2026-08-14,kabar1news.com,"iSentra Lamongan Jadi Sorotan, Kawasan Industri Strategis Paciran Diproyeksikan Dongkrak Ekonomi - kabar1news.com",Industri,C - Industri Pengolahan,"iSentra Lamongan Jadi Sorotan, Kawasan Industri Strategis Paciran Diproyeksikan Dongkrak Ekonomi kabar1news.com",https://news.google.com/rss/articles/CBMiuwFBVV95cUxONXFQR2VfakN1OVdsYWFKLUR2ZkFfb29VM0RRWG04aERvaHhBeG5CN3lBNkxDaEk3RnpIMmh5Z1hMSmJjUW92RUNZTy1rZDFWbTdTc2FMWFZIdkNidGxEUXFIRXd1VU03b2JVMkQwMTdSdFVBWFdjMEFibk9ZNDNQNTdpeGlPWnk1ZHlXUFhkVllwNEt6OWRfV2dDM1I3aEFHZ0tyWE10aDkyVGI0LVhUOExCc1ZhVUp3R25v?oc=5
65566e9f1778f383242929775cfe118c,2026-08-14,ANTARA News,Pemkab Lamongan perkuat dukungan terhadap swasembada pangan nasional - ANTARA News,Ekonomi Umum,"O - Administrasi Pemerintahan, Pertahanan dan Jaminan Sosial Wajib",Pemkab Lamongan perkuat dukungan terhadap swasembada pangan nasional ANTARA News,https://news.google.com/rss/articles/CBMirwFBVV95cUxPV0kyUmc0U3pwM01TNThMREZhdWZuZ29JR2NVa2VWVDZhRkhueEw5Tkk5UjBtam95LTNtN2hva21aU1lULW5HXzdhYksyZFRXSTdxa05tSk9idlkwejVTWXZJZXlpdS1tb0NhNmJ2YWllZDZxR09YOEpwLVlYd0pBOEFMNEVXZERFMTRxNmRqVzZCYU1nbVQ3OGRycUNzZmxzNDY4NXd2TW1VWFpDZHpr0gGyAUFVX3lxTE4yWDFyYlVQcTRpTXRNek00Wkt5bk83ZklkZ25aMk5Rc2ZRbjlfN2VGTTd3cVUwNTJhVTVwRVRoa0QweTVEZGRma3lmcUdHNFlUbWJOdjB6bDZRUENNWFUxc3ZJaXRHZ0t3MTJieGdRZVRNemstYUlGTmNFLXpxU09nUENkYjdyb1FOV0F2MDhHb2FvZm9BbV9lZ0JfR2tIQlZNYWpMaVFvenI1SzN6YnVsTkE?oc=5
b8064a1adba506985aa32297f4e659ec,2026-08-14,Radarbangsa.com,Bupati Lamongan Kenalkan Potensi Wisata kepada Wakil Bupati Lombok Tengah - Radarbangsa.com,Pariwisata,I - Penyediaan Akomodasi dan Makan Minum,Bupati Lamongan Kenalkan Potensi Wisata kepada Wakil Bupati Lombok Tengah Radarbangsa.com,https://news.google.com/rss/articles/CBMisgFBVV95cUxOc0U1LVRKSkVEY1ZSZVExd0dPVlhZX1pFdkRrNXgxV1RZU2ZxTXYtU1QyTzhveDMxdnlIanRtN3hfMm9ST0VodU95U1lCSWt1a1d1UkZQdXc2dDF0Q2drWHYzWUNQbFFwVUNiN2NiTTgyczM3V3NHVl8zR0lwVUxpd0RRd2NTR3A4MTZoSXF4aDZzQmFWcUQyMDRqdEtMT2I0NnVpZTNEWW5tS05KcXdnV1N3?oc=5
e42d22d69bd04c3ed17af37632b61a3a,2026-08-14,Nusantarapos.co.id,"Akses Pertanian Makin Lancar, Jalan Usaha Tani Mulus Hasil Kerja Satgas TMMD 129 Tingkatkan Perekonomian Lamongan - Nusantarapos.co.id",Pertanian,"A - Pertanian, Kehutanan, dan Perikanan","Akses Pertanian Makin Lancar, Jalan Usaha Tani Mulus Hasil Kerja Satgas TMMD 129 Tingkatkan Perekonomian Lamongan Nusantarapos.co.id",https://news.google.com/rss/articles/CBMi4AFBVV95cUxPdFhiQUs0cXRicXE5alJBb1l6Tm1jNXFEajVBU1B1NEpTaGEwUnZuaHJKQl96a2dYb1dxeUt3UG5aUi1QaklmVjV3VVUtcWV3MVZidjhheHVSSW5JLVZRd0JYUzl1U09zZTQ1TGdxNjNxNm8taTA4MV9ncFdLU1pXRk40RUZqMzR4TjFFV2VaX1NaMGphcHdfWXpoNGhZc3VSSlJUbDIwSUFzWWpHU1RhbWxNVVZkVDA2WFRxcUJVWnk2bWtqbnVKLVdiV2ZQY2dNTHZjaWlydTAtN2ZEckItRA?oc=5
919cf9e4d708faf549825ccb623cce12,2026-08-14,Nusantarapos.co.id,"Urat Nadi Perekonomian Perdesaan: Rabat Beton 1,2 Km TMMD 129 Tingkatkan Mobilisasi Hasil Panen Petani Lamongan - Nusantarapos.co.id",Pertanian,"A - Pertanian, Kehutanan, dan Perikanan","Urat Nadi Perekonomian Perdesaan: Rabat Beton 1,2 Km TMMD 129 Tingkatkan Mobilisasi Hasil Panen Petani Lamongan Nusantarapos.co.id",https://news.google.com/rss/articles/CBMi3AFBVV95cUxOV0puM1F3VDRJTDJIaUM1cVhxOEhidmZXYlVCNHRhY0JkR2JjXzA5X2E0Yi1XSXBpTkRKSFc5Z180dzNDdHh4NXhyMWdzelpPT0IxWXZrUGttel9iVnhXaHRvVFdtNTVWbGVMangyNWZSNVNQOWJUeTVUSTZ0SGpRNlFxb25TUlRpUjF3WjloNWRZcHowWnpCZWVjRjlvOFJKeTBmR0NMbTVqeEw0TmpDRnkwNmcxYnByV21BcmpmSkZGbHRaRWdyTlFJSTlVUUtvRml3clpDTlZxaVhF?oc=5
fbeaae779a5d9b6bac8a3ee167301421,2026-08-14,Nusantarapos.co.id,Akses Ekonomi Makin Mulus: Jalan Rabat Beton TMMD ke-129 Kodim 0812/Lamongan di Desa Tlemang Tuntas 100% - Nusantarapos.co.id,Infrastruktur,F - Konstruksi,Akses Ekonomi Makin Mulus: Jalan Rabat Beton TMMD ke-129 Kodim 0812/Lamongan di Desa Tlemang Tuntas 100% Nusantarapos.co.id,https://news.google.com/rss/articles/CBMi0wFBVV95cUxPbGxGdjJRSUp4TThFQzRRS0hsN0RrVlZnbXJVMEtkWXR2cmluSTVzYmE5NXIxTkVDd0hWa1c4TnV4ckY0S3FrVlFuam85Q2dSU0NEdkpXZll1SFF1bTdJSkFYVU42TUh0VlYwdXpiWnNaQ0NndlNaNFJSWlZkSkl6aEVJWklNZkh6VVR3ckVmcnhibTBOMXZfajVoWk9IdG1yX1l6Mm9HX2pUNkpnTVJoX1UzaGlGSzBkc3hjOTJURUNTN3kxbXJpM2N5aEpWWkdENVJV?oc=5
fb4b3d62c5279c1e9253c5a6472d40df,2026-08-14,Media Indonesia,Lamongan Tambah Unit RDF untuk Pengelolaan Sampah Berkelanjutan - Media Indonesia,Ekonomi Umum,"E - Pengadaan Air, Pengelolaan Sampah, Limbah dan Daur Ulang",Lamongan Tambah Unit RDF untuk Pengelolaan Sampah Berkelanjutan Media Indonesia,https://news.google.com/rss/articles/CBMiqwFBVV95cUxOSXdwNTI2QmhaczNWR2lnbWxKLXN0YmtVcVpZRXFiZ2pGMDJGY2ZKMWpiSk1iMXJSOFkzUGRNSTRMMjZPLUNyQVJpS1AtQ3MxRFBleFdWVVlxVjNmSlRnemI5TUduT084YlhxRFhWczg5UEI3bnRYNkpPc1dhcHdHVHJicUV5c29tTlZJUmVTRGdaTElKYXpIT0ZPMllfZmNuSUF6bWdFQ0xCQnc?oc=5
2ba45e212ff8566f48c2e2d0c0afde1a,2026-08-14,Kompas.com,"Viral Sego Boran Lamongan Dianggap Mahal hingga Rp 350.000, Pemkab Turun Tangan - Kompas.com",Harga dan Inflasi,"O - Administrasi Pemerintahan, Pertahanan dan Jaminan Sosial Wajib","Viral Sego Boran Lamongan Dianggap Mahal hingga Rp 350.000, Pemkab Turun Tangan Kompas.com",https://news.google.com/rss/articles/CBMiwgFBVV95cUxQeEpaV214VjFJOGZ5R3R6STdIQWJHZVVpWEhpWndhV2V3bzVaNkp5QnRSV2w1VjUtMGluQzRoTHFzVHJNUkpkU0REQ2ZjdzVuMUlPS1A1YXhkYk5CdDV4b1JqZGpBU0loU0tWdGtUMXB0bXZ0YmFaVWFtdWhPY0xXem53d0xHU1RqR0FnbHVMSUw3VkpqbEhvTGtiWVVjdUd6LXVPOTVHUktFY2pLVnl0Z3JWcTJaUXNUSjdYYU9pYmN0dw?oc=5
7bf33a49db911bffd079dc0f4dac2063,2026-08-13,Radar Lamongan,"Biaya Nany Widjaja untuk Lobi Pembelian Tanah Rp 50 M, Harga Tanah Hanya Rp 30 M - Radar Lamongan",Harga dan Inflasi,G - Perdagangan Besar dan Eceran; Reparasi Mobil dan Sepeda Motor,"Biaya Nany Widjaja untuk Lobi Pembelian Tanah Rp 50 M, Harga Tanah Hanya Rp 30 M Radar Lamongan",https://news.google.com/rss/articles/CBMizgFBVV95cUxNNzlDUmZMN1FpbkxwOXBYbjB4eEVIN2Y4U1UwaGk5WUxUWmtNVmhudWdwaW16Nk9vV0VKVjdnV3BPdmJCbkVXZmg4eEs4YjBTTVpQZ3pwdkRVQmhSdi1hb3A3bzFjcUMzYXBOY0ZfZTVIMFVLMEs5VktzYzB6VGtVLVdsYTZzRFpHbjkzOWFyd0xKNGpES1FxdlE3OGM5ckxkWWZKMzhFb2xzVWtDbzM5dVNyRVVyOGJfNHp3a05VeERSSnd0UzRQbWx1RWR3d9IB0wFBVV95cUxQU1ZleGR3YmRVTmdrVVBCWnNfMkwwVlZSMTJmYm5PR2xvTzU0RFhfOTMtZUhRM0VXRXRPSXkxQWlaR1hJdWVydlhubk9YbFlSWGliQXVZQU9wdjBqam40eWdRNlJ3WjlMUFJobDhMaE5Dc3laYTVWOXlFbHVJc192ZG1jQmJ6aHhRQkhWRTFpYTFNYnBEVUdhSng2VWI5VWFBWldlTTZ2d0pVV0N3R1ZhYk5EVkZ4eHYzQllrUmFYb1Q0NHJ4STRZclppZWVnM1c5X21V?oc=5
8f63c1d9f7b487f00b8a0e7a9ded2adb,2026-08-13,Antara News jatim,Pemkab Lamongan perkuat TPST dan RDF guna kurangi sampah ke TPA - Antara News jatim,Ekonomi Umum,"E - Pengadaan Air, Pengelolaan Sampah, Limbah dan Daur Ulang",Pemkab Lamongan perkuat TPST dan RDF guna kurangi sampah ke TPA Antara News jatim,https://news.google.com/rss/articles/CBMiqwFBVV95cUxPdkdIYmZ6ZUFTZ0lWN2I2R2xaYU1xcU5rekVLU2pmaEdDc0EyQU8xcWwzWllZV0JwT2dLV3VQbVRxdE12cFVkVFI3M3JZS3ZwRmx2X0FxWUJEWGF4NzNKa1VkaERycVhpeThSTWo1eVhyOE1aOHZ3M1RvUElfT3BSR05XZ0c2U3l0djVZdG5oeFpsX1lUQVFMOTZuUjNQRGp0ZWZoSExaV2RMd1nSAbABQVVfeXFMTmVEQl9FcGpTS1hsaUxLTU1FWjg1bU9Mc1JhaEc0VjJpWWprX3hGZzV5TlpvM3dkT2UyVWpGTFBfN1M1MXVCNWhqLU1rUlJzVFRoYVdKazVYTm9QV2xKRUxMRFN0bFI2QUg1dUVCbDMwMEtXVC1Dc3NqZVhoYy1mbnVxZGtIbHUyU00yTEdNWnhQWWRZVkowTDZSYVVYY0VJSlVCb1lRTEVnalFtc1E0bDQ?oc=5
225a47884b6472c5f2808feaa2202c97,2026-08-13,detikcom,"Perubahan KUA PPAS 2026 Disetujui, Lamongan Fokus Infrastruktur-Layanan - detikcom",Infrastruktur,F - Konstruksi,"Perubahan KUA PPAS 2026 Disetujui, Lamongan Fokus Infrastruktur-Layanan detikcom",https://news.google.com/rss/articles/CBMitgFBVV95cUxNT1JFVE5uNlNqN0RzZzBNZmZQeDZDTnc3NlVsSm15OV9RdWNkaGg5U0hDLVVZRDNVUzR4UFZmYVhZOGdJTXRnZUlZUElLcE81WEZFRDVIQ09NdDZXVjVyU0pNNlZpYmdCc3piRHN2bHpDcF9KRUd2WUMtc0lLMnR2cU14aE8wQWlXWjE5ZTdMZWJDVURSMmU5SmJKay1kcGZxd0RBRWpmRTE5Z3dVUzZtc0thTUFiZ9IBuwFBVV95cUxNQjJhMU01QmU0OGx0UmZTdTh5Y0dmNVUyaGJDVWdqZFducWRneWJ1Mk96SVM4REtNTzhfN29weG9OeWQzdEhOT3VFZGg4Y2JtM1dOQVV1VTFpeFp4bENuTjhuLTFQc1d3c0pzY1huWGtzWGNYbV9nSHNOQ1BOYjVneEY4RmFZMDFRS3Ntd0lQVV9mb1IwZFNfOU5EZDcxdkd1ZWV6V21KdzZnSVdUcUlUNzFVMUp1dUpjdXA4?oc=5
627910ca959dd46403be28fe7a26cac3,2026-08-13,beritajatim.com,Mahasiswa Unisda Lamongan Hasilkan Puluhan Inovasi selama Pelaksanaan KKN 2026 - beritajatim.com,Ekonomi Umum,P - Jasa Pendidikan,Mahasiswa Unisda Lamongan Hasilkan Puluhan Inovasi selama Pelaksanaan KKN 2026 beritajatim.com,https://news.google.com/rss/articles/CBMipAFBVV95cUxQbVdIeVJPNkt1eFdkWUtIRHlIbU9FYXpobHV1a3NwX09uNkNwc3dRSEVINlZpZFlnWWVVOWg3WVVkVFdOVGZuSUlwcFdiYXpyUjNBOFFkdHJGRlFYTEdidWJDRnZSaVJRaXNCcTRaaWJqZXpZOXh4c0YwZ0VtemNZVU0td2gtMl9ra252amtvZGQxNmprS2xvV1Q3U3QzZmpxamo3OA?oc=5
1a78252b8f6c36c0173d40f3df365e1e,2026-08-13,beritajatim.com,"Diskoperindag Lamongan Bina Pedagang Nasi Boran, Imbas Keluhan Harga Fantastis - beritajatim.com",Harga dan Inflasi,G - Perdagangan Besar dan Eceran; Reparasi Mobil dan Sepeda Motor,"Diskoperindag Lamongan Bina Pedagang Nasi Boran, Imbas Keluhan Harga Fantastis beritajatim.com",https://news.google.com/rss/articles/CBMiowFBVV95cUxOSnlYNXRTVXZqZ0NzRHFzMXI2SFRYanlGYTFaaHhFUGtfNkZkUDlPMG5qZjEtNTdvUmNXaVFDMkJVR1FmUUljZXFhamNvOGhCMVVzdjhkMG1LbVFLZV96N0FCQllsbGtkeER5VVk2WnpyQzZ3X3R4YTU5VmZNQ3hZdlNDVUtiZFVLaEVoWExOd1Zmem9BcXFZYWYwYnZZMXFHcG53?oc=5
3626295e9ce3550c6916647bd24234a3,2026-08-13,Radar Bojonegoro,"5 Wisata yang Bisa Dikunjungi di Lamongan, Cocok untuk Liburan Bersama Keluarga - Radar Bojonegoro",Pariwisata,I - Penyediaan Akomodasi dan Makan Minum,"5 Wisata yang Bisa Dikunjungi di Lamongan, Cocok untuk Liburan Bersama Keluarga Radar Bojonegoro",https://news.google.com/rss/articles/CBMizAFBVV95cUxQSzA3ODdCVlBIdUJkeUVBTG82MGQxc1JMMHBxYjlVODdyejRaOHdKaVNjemY1bVZUWms1ZE5WTkdVU2tBMkVQRHdfQjZFbVV4TXNoTm5wQ0ZWU0dwOHhoeE1ycER4WTMwNndmbnktU1pWekppcTBMcXBvalZOTXVKdENib1hrR0dDM2huZDNWZjEyXzIycWNRQkVrbTg0czJMQm45Q3FlcWt3TFh3SUJoazZLWW9xYlVzTExBUHliNXo3NllVZFF2V1c2VHrSAdIBQVVfeXFMTi1qampFSE9ibW0wQTBsWXBIUmtoY2xnUm9aczV6ZkxCU0w1MGhpTFRPdFdDUnIyMFhVS1lyQTQwODNHam93Y2daU3JMTjFvNGZQV2k3V2dGVnplLWlta18tN3lJZWdmOXpuLXp6a21JaVZGcXRfV0xOSWEzRjhIaTJ1VFI1a3RjLW1XRW9ONHVPWGRhenpCcGJTUVhpRDJZQXBsLXpCMl90N2RfeFEwcHNOTjVQTnptVnJZTlhLdVJ0SWIxYlNkSUgwWi1kMEZackx3?oc=5
52559906532f3831fc2b6f421315873b,2026-08-13,Tribunnews.com,"Usut Korupsi Gedung Pemkab Lamongan, KPK Periksa GM Abipraya Properti - Tribunnews.com",Ekonomi Umum,F - Konstruksi,"Usut Korupsi Gedung Pemkab Lamongan, KPK Periksa GM Abipraya Properti Tribunnews.com",https://news.google.com/rss/articles/CBMisgFBVV95cUxNaDBCVDN0c1hzWEd2LV9UNkZ2SHQyYVE0WS1MQkl4NVowVmhwZlAzemxMQ2EyQkJoZjN1VG9WMXhtVW03bUcxdnF2eE4xeTc5a2JHZEtMSEpMSnpxbHJPbDEyZy02c1VFbnFFaWJBRGM0VXRBNjl6YnR4MXlZVTRQREdMOW9XS1BCQ0xvVFNWQWxnZ2N3Y1NQQkc1OTZXM0FHTTIySFlDa3dtUlR2VUNtbkl3?oc=5
d028a0913a69776ce9559c8e6cb8c838,2026-08-13,optika.id,"Datang ke Lamongan, Wakil Bupati Lombok Timur Disuguhi Potensi Wisata Lamongan - optika.id",Pariwisata,I - Penyediaan Akomodasi dan Makan Minum,"Datang ke Lamongan, Wakil Bupati Lombok Timur Disuguhi Potensi Wisata Lamongan optika.id",https://news.google.com/rss/articles/CBMiqwFBVV95cUxQRE9xcC14MkFZQ3VVLXhCd3lpTzVvaFBDYlNqWlp2LU1nVGhaTUpuaGgteVlKMnZpT0pNVEhsNjc5bU85MWdrenVRaDdya2Nmcl9UM3hmMDMyUUNIcDdwSVBMVGpNUzVod1Faa2FTV1EwbU5pa1R4aGV0ZlRuUjlwTlJBYzc3YnFkd1BtWDVONzdTOGJMTjl2TThvbXBnTVNRTVJUcWEwSnV5eUE?oc=5
fb818df2288d7f17c0cc78d3133e7908,2026-08-12,klikjatim.com,"Pererat Tali Silaturahmi Antardaerah, Pak Yes Kenalkan Potensi Wisata Lamongan ke Wabup Lombok Tengah - klikjatim.com",Pariwisata,I - Penyediaan Akomodasi dan Makan Minum,"Pererat Tali Silaturahmi Antardaerah, Pak Yes Kenalkan Potensi Wisata Lamongan ke Wabup Lombok Tengah klikjatim.com",https://news.google.com/rss/articles/CBMizgFBVV95cUxNN21iay1DUk1ZSXFrRnMtOGgtWkdMLWpYUjQ0akpnTW9LNzdmdktwMkVXejZCZUpCd3FfZ3FtdWt4V3luTUtBX2RWaVNiSHVtZ1ppQXlYcllKRDNTQll3WDlGM0tnNkh0QzUwaXQtSllwR0pJWUo4aENmMjg3c01CM0MwcS1Fa0dmVUdzLXFraHdhU0RKZFBFTUw1cTJlZDNvd21odm1HSUg3ZUVfQnl6TmhIdDREWFQ1ekN5dkxSS3ZzTzA2RjVWZjFqZGV5Z9IB0wFBVV95cUxQUGRIb2ZVMDNHQ0xhQ3FyR0Q1OC1ONkktLW9RaDY2SmpPa01WeVVzRVRsdl9Hbzg2M1hNWXFyZkItcjlqck1wcmN0WjFNN0M2dTFSMGdnVDBQcEhRRlQ3WnFhME1WV291M2NySkN4dnNlUTdlamRrd2poMVk0WEZqWEFUWUhNLTlnZUlOQkVhQ1NUMHlqM0Y5WWxXc1NOY1RZYnhDeTJZWEN2eDBEd2dZZlZtbG0zZnVBbVZLWTU4NVUwZGpUTFB6X1hWbllFTExURXp3?oc=5
158ec41c325b84b4512d998443c00162,2026-08-12,Radar Lamongan,Mahasiswa Unisda Lamongan Hasilkan Puluhan Inovasi dalam Gelar Karya KKN 2026 - Radar Lamongan,Ekonomi Umum,P - Jasa Pendidikan,Mahasiswa Unisda Lamongan Hasilkan Puluhan Inovasi dalam Gelar Karya KKN 2026 Radar Lamongan,https://news.google.com/rss/articles/CBMiyAFBVV95cUxPYllmZHlacmpxc1NFTkZjVWw3QjJxemdWUVlhbXJPRDAxdk5jc3c2Nk9IcmV4dFh0ZDAwVURlSzluVmlVU01MdnByTGRmM0ExODZvaHR3TzJ2bXZ6cGRnbUMwSkhUNU5YeFhESU9MT1RVdjNLSjk3X05CQlJRdWxFVk9iOGV4c0V5WmktTVB0VWlScGR0WEpIOWtoeXE3enNiR2xvUnFXU2p3UVo3TXd2WDlyMTZRQTZTWUJFZDFyaWQzRHFJRWo2M9IBzgFBVV95cUxQV1Naa2lSVzFGdE1PZW43OHV3TkhxamhOMHhEU256emNFVm9xQzNaZ202aVBrT1lsdXhMRkRGMmw3djFqQ2ZjRTd5aW5VZmYzRWRkeTF2VzlCN0hZTlNZTmk2Y1h1MXU1WmZnWlBSanBrdXJyUXhJZ1RKZC1vMWNmbjZ4aUw0YlpudFVDbjJnSW9QVDdva2VGYURaM2JYTnl2TWFUSEJsM0xmSzRTZHlOZERoUHl3YkoyWlNLbGtPS0R6THc0c0FFbnJzb2FaZw?oc=5
50a8a0976b080baa99a497903ab193a7,2026-08-12,beritajatim.com,"Mata Minus Anak Meningkat, 15 Sekolah Gresik-Lamongan Ikut Gerakan Myopia Care - beritajatim.com",Ekonomi Umum,P - Jasa Pendidikan,"Mata Minus Anak Meningkat, 15 Sekolah Gresik-Lamongan Ikut Gerakan Myopia Care beritajatim.com",https://news.google.com/rss/articles/CBMiowFBVV95cUxPRkNvNHV0S2JmMHg3a3pKYlJad1NTcVhMUnJmM0taTXN2eEJDTll2a0taZFcwTGhXSUZPRThabzhQLTc1RnV1SlhfWVNOYmdJVkROT0NXVE1Idkh5ZklPMEh0UHVaYndHdnJpdTJwZlJVS2hzQ2VFXy0tbzBtQzJ1YnhJUzJCWDhCa2pBNG5WT1l6U3VWcXhuNG5ZUzl5ZVFnX2sw?oc=5
d5c5f3c664fe25f161f8d4e4d3ff3363,2026-08-12,Memorandum.co.id,"Bupati Lamongan Promosikan Potensi Wisata ke Wabup Lombok Tengah, Bidik Kolaborasi Ekonomi - memorandum.disway.id - Memorandum.co.id",Pariwisata,I - Penyediaan Akomodasi dan Makan Minum,"Bupati Lamongan Promosikan Potensi Wisata ke Wabup Lombok Tengah, Bidik Kolaborasi Ekonomi - memorandum.disway.id Memorandum.co.id",https://news.google.com/rss/articles/CBMiyAFBVV95cUxNWGJUSEhrbDBNMzF0N3cxMExqUHZfb084bXFDcEVBamFRM2tvbGtUaDE2VmdwQW51dzFDM0ZEUm1QLVZEeFgxeGVad0tZLTI5d3g0RG5KbUNnQm1tRlZEMk9qOVpYT3ZpTWlIb0JsSkxFTVJ1cXJJVE9FZTV2VVRoM1pRZUc2U1VOcmtOc1BLWHFkNTA5dnpyNmpvTTZ1MXFCZ0syZ0FYMGRDN3hNclU4d2hCS2ttTEJ0cktGc3JDeGx3MmVKTE1lcdIByAFBVV95cUxNWGJUSEhrbDBNMzF0N3cxMExqUHZfb084bXFDcEVBamFRM2tvbGtUaDE2VmdwQW51dzFDM0ZEUm1QLVZEeFgxeGVad0tZLTI5d3g0RG5KbUNnQm1tRlZEMk9qOVpYT3ZpTWlIb0JsSkxFTVJ1cXJJVE9FZTV2VVRoM1pRZUc2U1VOcmtOc1BLWHFkNTA5dnpyNmpvTTZ1MXFCZ0syZ0FYMGRDN3hNclU4d2hCS2ttTEJ0cktGc3JDeGx3MmVKTE1lcQ?oc=5
47d59c3edb60af00fcf0646d674da8ae,2026-08-12,Radar Bangsa,Lamongan Buka Kartu Potensi Wisata di Hadapan Wabup Lombok Tengah - Radar Bangsa,Pariwisata,I - Penyediaan Akomodasi dan Makan Minum,Lamongan Buka Kartu Potensi Wisata di Hadapan Wabup Lombok Tengah Radar Bangsa,https://news.google.com/rss/articles/CBMilwFBVV95cUxQY0Z3R084TXMwOHl4bDdRWi0xT2RxTnFQYW12Qkd3ZXhNdnpoUlFjcGVFZ2YyQ3E2blYtRzBJcGVLUWFrZXJnSlhTcVFzcDB2UXVsZFQza2RsMzdzNTJybk9lZ3JiS0lISzhlOUgyMVM3dG9xSU9JZVNJbHF5OVNTcXA2ZkRiX3NGcjdrZEJPc2ZoelVDLTdF?oc=5
b1895eef75cb9793eb6c44a78fd8930a,2026-08-12,Nusantarapos.co.id,TMMD Ke-129 Kodim 0812 Lamongan Perkuat Ekonomi Desa Lewat Kesehatan Hewan - Nusantarapos.co.id,Ekonomi Umum,Q - Jasa Kesehatan dan Kegiatan Sosial,TMMD Ke-129 Kodim 0812 Lamongan Perkuat Ekonomi Desa Lewat Kesehatan Hewan Nusantarapos.co.id,https://news.google.com/rss/articles/CBMirgFBVV95cUxQZFlxLUtqQ3F3cVRPTzFtVm1CNmlyeVl6NE16eDNqVmtYQVhseWxKeVc0aU1iS0dsRXd0VlBLcm5acS1mSnVzYUlUMmVudC11VFBKZEpWSG9oRkk4Mm93LVVTNlRsU0VaMEk1NjVsRjV6Q1NndE1NR00tb2ZubDJIa1h4R1BMckVwQkxueHVNNWx3d2c2MHZ0OENhdW5ITUhDNUtHN2ZZVXZvUnJRQWc?oc=5
22d5120d676804feb7cac9f3229753eb,2026-08-12,Media Indonesia,Lamongan Perkuat Pariwisata sebagai Penggerak Ekonomi Masyarakat - Media Indonesia,Pariwisata,I - Penyediaan Akomodasi dan Makan Minum,Lamongan Perkuat Pariwisata sebagai Penggerak Ekonomi Masyarakat Media Indonesia,https://news.google.com/rss/articles/CBMirAFBVV95cUxORUNSNmRmX0psQXIxUU5XLUNBOEcydmRXUUNEYlZzaVpYUWdnN3BFZWxrNl9fVG9VcEplV3FIYi1kZi1oUlF1bDZCZWNVRHVvU1hIQ2cyQmladndtZF9vUlVmMlJmVy11a2FPSkRmWkZDN3BGbGxOeW1YendkY3FHaGgtT09kVDVhdF8tSHRDcU1Jb1BZMFdhMUxRUjc0THRnS3RDUFlvbkV6Zkp1?oc=5
5764f2ce07b6d990eea9452df2dbfd74,2026-08-12,radarlamongan.jawapos.com,Mahasiswa Unisda Lamongan Hasilkan Puluhan Inovasi dalam Gelar Karya KKN 2026 - radarlamongan.jawapos.com,Ekonomi Umum,P - Jasa Pendidikan,Mahasiswa Unisda Lamongan Hasilkan Puluhan Inovasi dalam Gelar Karya KKN 2026 radarlamongan.jawapos.com,https://news.google.com/rss/articles/CBMiyAFBVV95cUxPYllmZHlacmpxc1NFTkZjVWw3QjJxemdWUVlhbXJPRDAxdk5jc3c2Nk9IcmV4dFh0ZDAwVURlSzluVmlVU01MdnByTGRmM0ExODZvaHR3TzJ2bXZ6cGRnbUMwSkhUNU5YeFhESU9MT1RVdjNLSjk3X05CQlJRdWxFVk9iOGV4c0V5WmktTVB0VWlScGR0WEpIOWtoeXE3enNiR2xvUnFXU2p3UVo3TXd2WDlyMTZRQTZTWUJFZDFyaWQzRHFJRWo2M9IBzgFBVV95cUxQV1Naa2lSVzFGdE1PZW43OHV3TkhxamhOMHhEU256emNFVm9xQzNaZ202aVBrT1lsdXhMRkRGMmw3djFqQ2ZjRTd5aW5VZmYzRWRkeTF2VzlCN0hZTlNZTmk2Y1h1MXU1WmZnWlBSanBrdXJyUXhJZ1RKZC1vMWNmbjZ4aUw0YlpudFVDbjJnSW9QVDdva2VGYURaM2JYTnl2TWFUSEJsM0xmSzRTZHlOZERoUHl3YkoyWlNLbGtPS0R6THc0c0FFbnJzb2FaZw?oc=5
7a734ef84d7cca5ae304d87d4d95c191,2026-08-12,radarbangsa.co.id,Lamongan Buka Kartu Potensi Wisata di Hadapan Wabup Lombok Tengah - radarbangsa.co.id,Pariwisata,I - Penyediaan Akomodasi dan Makan Minum,Lamongan Buka Kartu Potensi Wisata di Hadapan Wabup Lombok Tengah radarbangsa.co.id,https://news.google.com/rss/articles/CBMilwFBVV95cUxQY0Z3R084TXMwOHl4bDdRWi0xT2RxTnFQYW12Qkd3ZXhNdnpoUlFjcGVFZ2YyQ3E2blYtRzBJcGVLUWFrZXJnSlhTcVFzcDB2UXVsZFQza2RsMzdzNTJybk9lZ3JiS0lISzhlOUgyMVM3dG9xSU9JZVNJbHF5OVNTcXA2ZkRiX3NGcjdrZEJPc2ZoelVDLTdF?oc=5
4e79723b5a3595a17fcc0ab66c8a9fff,2026-08-11,surabaya.kompas.com,"600 Hektare Sawah Lamongan Terancam Kekeringan, Kementan Minta Rumah Pompa Dioptimalkan - surabaya.kompas.com",Ekonomi Umum,"A - Pertanian, Kehutanan, dan Perikanan","600 Hektare Sawah Lamongan Terancam Kekeringan, Kementan Minta Rumah Pompa Dioptimalkan surabaya.kompas.com",https://news.google.com/rss/articles/CBMixgFBVV95cUxNZ1lNcGZzZ0xGSVI2cFVXaVFwZVItY0xocmlOMnE3N0p2WWE2anFlLWotVFRULUx4LTdpZWpPbVJwVFpXMW14eG9KUGs2anJWNXdUN1NzVW9XTk05YmlJUzdPY1VISFNyTGpLOFFGeFhuSV9qR1ZKWkdwcmZOZ2g5ZUtwV1AxaVhZY3FKeTZIZlY4d1Y0RTN2TWhWS3BGb0xqa0gyMnkzNXhPc3IwZkdjbXAzTklvcWJfT0pBVTRpQlJTd05NelE?oc=5
4b1d1be8beb66add927628c92a4cecf6,2026-08-11,Antara News jatim,Pemkab Lamongan kendalikan distribusi air Bengawan Jero untuk pertanian - Antara News jatim,Pertanian,"A - Pertanian, Kehutanan, dan Perikanan",Pemkab Lamongan kendalikan distribusi air Bengawan Jero untuk pertanian Antara News jatim,https://news.google.com/rss/articles/CBMitgFBVV95cUxPNXQzOU80ZTFKNjY4OHBKcHpPRVNtVnNrQXBCQlhtTnBXZlVTUUJhMFhieEh4TDMwNVI5cWUxbGVmSkszWkVoa3dsTFBnVzRtOGFNMW1sWmxtSzc3bFZ5aG5rN0x4cWRYZHVkTTlCOG82UXpxcmxrZmc4UmtIeXR4a0JsVGdubjhiYjJnZzIzZVpiODd3Z0xHU2tMMFJJcU9oQmNaNE1VQ3pEM0J5ZXF4aE5xa1ZDQdIBuwFBVV95cUxPR28zU0pJRVdSekd5c1BXWVBCamZNT0loWF90SkRTUGx1a3drNnlEOVJZU1Y4UlEwZGx6MFQ2U3hacHYzdG1iX0VfLXl2NDR0X1RFVzBnXzhZWWlBMlUtRS1aT2x3ak9CbXhGeS1MR05HSWFGd2tVWnJWbXh6NW9zRm1abGl0UWltNWRabzAxczRvYmlUa0ZXcUg2MmFTVTlocnBoWWlKdUZac3pGREJSNlhSWmtTMEtyWVpn?oc=5
a95b2d731b00c109c2b07cd9a9016be8,2026-08-11,Antara News jatim,Kementan dorong optimalisasi rumah pompa untuk 600 hektare sawah Lamongan - Antara News jatim,Ekonomi Umum,"A - Pertanian, Kehutanan, dan Perikanan",Kementan dorong optimalisasi rumah pompa untuk 600 hektare sawah Lamongan Antara News jatim,https://news.google.com/rss/articles/CBMiuAFBVV95cUxPRnVjU0RIdkp4TUlhZjNvMW9LZFdMelo0U01lX2hIcm9xZkptclkxREpYWGJVNHdjRmRPeXVTTGhuRjBVZjhaYjZ4Z2VCbTBURDZ5QW9oaUtQY0Z2aHlKUU9sTENhaWN5blBwa1B3aWhGd1hYT3Z4SGlOQVBfY2NWeUhjQlJDRnVxVVVNQU8tbERaTXlrbF82dENNa2E0WTc1UGNGdzBJY2lSa3hYRHFRR0N3S2hFN2hi0gG-AUFVX3lxTE1ndkJqQW15NFg2c3cxT3ZYWHZsSGtqTnlRc3F3bjlwUzFULV9zR0pnbWtyWFNPVTRiUU9IdS1SMEhGNjFNZXFaeUlRb1kzc1RBQWtDSXBIa1J2cnkzSWpmNjBDZkRtQm8wVno1ckQ0UzJiLTEwRGh5cmgtbnRHTXdlUmdkN1ptR216WnFaSTh2cElSMFdtbXFfSGp0bDVwUXJGWmt3LWZJRktWNTVGT3c5VHhjYnNydVdMVjNyS1E?oc=5
55e3525cc44d6d2152e509a53a86368e,2026-08-11,beritajatim.com,"Hadapi Kemarau, Pemkab Lamongan Perkuat Mitigasi Kekeringan dan Amankan Suplai Air Pertanian - beritajatim.com",Pertanian,"A - Pertanian, Kehutanan, dan Perikanan","Hadapi Kemarau, Pemkab Lamongan Perkuat Mitigasi Kekeringan dan Amankan Suplai Air Pertanian beritajatim.com",https://news.google.com/rss/articles/CBMitgFBVV95cUxPSVk5aE5wTXhPUXA5azRHME5sMHAwSTRzTXpTZ1FKenlBZ3Qza1dsVWdXZi1FZlBYc0I0Y0pJUGs3VHY0WTVJZVdwTnVIdTNscHN3ZGl0MVZ5bFdzYkdMTHgwTFlJY0NmY1ByZURsM0hVT0lia2FCejZhWkdXT21aSERZZk43NFk0X1JvT2xWcXI2RVhBOFVsbVBkSXMwWEZKRnoybVdvOE0yZm5RbGhJY2NoYXZNdw?oc=5
2aa6892ca7e15691c1b1c846dac82e07,2026-08-11,FaktualNews.co,Ribuan Istri di Lamongan Gugat Cerai Suami Akibat Ekonomi dan Media Sosial - FaktualNews.co,Ekonomi Umum,"R,S,T,U - Jasa Lainnya",Ribuan Istri di Lamongan Gugat Cerai Suami Akibat Ekonomi dan Media Sosial FaktualNews.co,https://news.google.com/rss/articles/CBMiugFBVV95cUxNWFVJLTJ6MXJpWTAzZUZGVF9JMEJhRlQ1WXhab25hb1NLdHk2ei1jSjItNkFFN2I3Nk9MV18yZjB2TlUybWxJNm9faEZja0pXNTFBOFBuTC1yYkQtNWFRUXByZjBod0tndEJ0YXo2WU9uYmx0d21GQi1CcGlwYVZhNU8wODBaTEhhWlB5eWFJMW1NVmNIX2JwOWdtTXZ2c3B4S0xQeVEySHJTc2V3Y004c2h4XzY3eHNTM1E?oc=5
76a9b8d2b5d5decf098e287a84c5cb2a,2026-08-11,jatimnow.com,"Sulap Limbah Dapur Jadi Produk Bernilai Ekonomi, Mahasiswa Unair Edukasi Ibu PKK Lamongan - jatimnow.com",Ekonomi Umum,"E - Pengadaan Air, Pengelolaan Sampah, Limbah dan Daur Ulang","Sulap Limbah Dapur Jadi Produk Bernilai Ekonomi, Mahasiswa Unair Edukasi Ibu PKK Lamongan jatimnow.com",https://news.google.com/rss/articles/CBMivAFBVV95cUxQSVU5Y0NDUTdtZWVlS0c5TGs2bjF3OHc5Yjc4SFB5bkEwWW12enk1Ymc4YWsyVFFCQnJCc0xrZWtlTXNPWW1HQzFxeEZNX3lsb295RWI5alJpNHd2aDRkZnVWSHQta0ZkcHFaYkpBS0E1OXQ2bDFpNG1sYXk2dnEwRkl3d1NpWXRZWG0wd1poZkFCLUtlb0VxeTNQdlZmUUJ5T0pSb3RaTmJ5dDU2X0RoVi1URnloek1JNUxoMtIBwgFBVV95cUxNa1ZmQmNtMlR2SjZXYjY2N2plOHU1RlNjTmc4ZU5IRDFEaTdBWVZpRDZiN1ZITkdGNWtIcGRncFRUYTJKUkdVdFlObWFCQUVLVjB0VkFtNnRkNThMcEw2NlZ4RnZrNHN4RzYxNVpYQ1BWWlJ0RFczTkQxcVdhWWtvRXlFYS1kXzN1Y202U24wSE9IWnMtV243bnRaaGVfZm85RU1hWUhWOV9qeXkxakdIbGtnbmF3VWh5ZjNjd09iTlRjUQ?oc=5
a93bfcd8f281491b82866feba1810e9a,2026-08-11,Nusantarapos.co.id,Satgas TMMD ke-129 Kodim 0812/Lamongan Bersama Mahasiswa KKN Hidupkan Potensi Ekonomi Desa Tlemang Lewat Budidaya Jamur - Nusantarapos.co.id,Ekonomi Umum,P - Jasa Pendidikan,Satgas TMMD ke-129 Kodim 0812/Lamongan Bersama Mahasiswa KKN Hidupkan Potensi Ekonomi Desa Tlemang Lewat Budidaya Jamur Nusantarapos.co.id,https://news.google.com/rss/articles/CBMi6gFBVV95cUxOa0xLYUw4MVNJTUo5dnhvcVlVazBuaXZaYnQwTEw4bFQ3bDFQek5QUlhtdW5qOHdJQ1FCRERCRG92X3I2ZGdwSUJzYVpqTWJ4TEtqRmVzTUswVkVuX2VWTThjOW5yanZFakhEZGhubDhtUUVGT29jcUJ5MUs2cmZEUHZ3MjYtNTRLb3FMUVJ0RnM4SFk5N1FHeHdQdElzTjJia0xtZHYzS19oYXdNYm5nLTBNLU10aFdpQ2k2UTB6LVpCOFpxUFBzSTFQWllDSjVKR3hHYUtqUnl1MTNRRmtNQlh4ckNHd2VKaVE?oc=5
3da9d0814bb272e53038c25c27c97ba0,2026-08-11,Nusantarapos.co.id,"6. *Jalan Dibangun, Ekonomi Bergerak: Karya Nyata TMMD Kodim Lamongan di Desa Tlemang - Nusantarapos.co.id",Infrastruktur,F - Konstruksi,"6. *Jalan Dibangun, Ekonomi Bergerak: Karya Nyata TMMD Kodim Lamongan di Desa Tlemang Nusantarapos.co.id",https://news.google.com/rss/articles/CBMitwFBVV95cUxOMjhtX28wd1pKOFJfM3pBbHZCOW9LZjFTMGloVm9LYXV4OEhOaWZDbWh2T1lJQ1VaWXB2S2xOcWdqVXF1cExodUhmREFPS0lUNllKQlNZUENYeEFrU2hTazVuVWljVFVnZTJiVFgxcXJFdm9ORXhnM2swN2FHcXg0WjdDbGIzTnM5dnJDT1hyc3RrQ0ZPb25kczJLUGNSeS1fbFVRb2xMakRkeW5KbFU0T3AtRFgybkU?oc=5
118236b481138aafbc8b11ed6295ed86,2026-08-11,Kompas.com,"600 Hektare Sawah Lamongan Terancam Kekeringan, Kementan Minta Rumah Pompa Dioptimalkan - Kompas.com",Ekonomi Umum,"A - Pertanian, Kehutanan, dan Perikanan","600 Hektare Sawah Lamongan Terancam Kekeringan, Kementan Minta Rumah Pompa Dioptimalkan Kompas.com",https://news.google.com/rss/articles/CBMixgFBVV95cUxNZ1lNcGZzZ0xGSVI2cFVXaVFwZVItY0xocmlOMnE3N0p2WWE2anFlLWotVFRULUx4LTdpZWpPbVJwVFpXMW14eG9KUGs2anJWNXdUN1NzVW9XTk05YmlJUzdPY1VISFNyTGpLOFFGeFhuSV9qR1ZKWkdwcmZOZ2g5ZUtwV1AxaVhZY3FKeTZIZlY4d1Y0RTN2TWhWS3BGb0xqa0gyMnkzNXhPc3IwZkdjbXAzTklvcWJfT0pBVTRpQlJTd05NelE?oc=5
503b004541a50107e8d1ba65919ab4a1,2026-08-10,Radar Lamongan,Bupati Yes di Festival Dayung Tejoasri ke-4: Rawat Kejayaan Bengawan Solo dan Genjot Potensi Wisata Lamongan - Radar Lamongan,Pariwisata,I - Penyediaan Akomodasi dan Makan Minum,Bupati Yes di Festival Dayung Tejoasri ke-4: Rawat Kejayaan Bengawan Solo dan Genjot Potensi Wisata Lamongan Radar Lamongan,https://news.google.com/rss/articles/CBMi_AFBVV95cUxPZUctZjdxY2tvMkJUV0NFU3hzaElLVlYxS0tkTENiUWpoOUp5WkZHdWc4Ni1xYi1VdFktY05sV3Qza2U0WHFjR0tjaDgtV3BCN2FGNEtqYlMxdS0yRHNTNUl6RGNjanR3WlhQNU4tZjFCenV6RUFjeC1MYUFPWEZNcTdvaENzd0lQb05Bc24tNmxWVHd0azh5bzAwWW5mVnNwYjVuN1RfUm5NMFN3dVBDbWRPNm9oV0ZjUVYzbk9XYXo2b1dWcnFnYnYzWS1CYVhvNDZYZkt6akF1ZldnWExzbEgzaWFuZGxsZXhnVXhzOFFKZmVHSlpmZjhIbjPSAYICQVVfeXFMTk45U05scl9xb292NjdIbDltNHlfWlBVSzNCQmU2cTZOdkhycE1VNC1oZEgtNXhtVUdQM3FvdHI3QlMxdldXeTFET05FdzREUGxna3hYX1hpNElHNG0wU3p4bjVRLVFvYmZfZzFvbEd2M2ExZF9wQnM3dm45NXNiTzRGZ3IzaE5vU0RDZEJSWURqMThhQXpfTGItYV9OaDd3ZlNKeGJjb2djWEZkRkg1OC1MTWpLRV9ReWVCaE5uaC1hLXlJVVY1cjBuZWV2UENzVXo2bjJkSTRhSURYTkdQYzhNN0hLWXdRSnNjdGw2bHFXemZiR3RtMUI1RmhybGFkZlJR?oc=5
852d9a55381acc584c40c0aaf579532c,2026-08-10,radarlamongan.jawapos.com,Bupati Yes di Festival Dayung Tejoasri ke-4: Rawat Kejayaan Bengawan Solo dan Genjot Potensi Wisata Lamongan - radarlamongan.jawapos.com,Pariwisata,I - Penyediaan Akomodasi dan Makan Minum,Bupati Yes di Festival Dayung Tejoasri ke-4: Rawat Kejayaan Bengawan Solo dan Genjot Potensi Wisata Lamongan radarlamongan.jawapos.com,https://news.google.com/rss/articles/CBMi_AFBVV95cUxPZUctZjdxY2tvMkJUV0NFU3hzaElLVlYxS0tkTENiUWpoOUp5WkZHdWc4Ni1xYi1VdFktY05sV3Qza2U0WHFjR0tjaDgtV3BCN2FGNEtqYlMxdS0yRHNTNUl6RGNjanR3WlhQNU4tZjFCenV6RUFjeC1MYUFPWEZNcTdvaENzd0lQb05Bc24tNmxWVHd0azh5bzAwWW5mVnNwYjVuN1RfUm5NMFN3dVBDbWRPNm9oV0ZjUVYzbk9XYXo2b1dWcnFnYnYzWS1CYVhvNDZYZkt6akF1ZldnWExzbEgzaWFuZGxsZXhnVXhzOFFKZmVHSlpmZjhIbjPSAYICQVVfeXFMTk45U05scl9xb292NjdIbDltNHlfWlBVSzNCQmU2cTZOdkhycE1VNC1oZEgtNXhtVUdQM3FvdHI3QlMxdldXeTFET05FdzREUGxna3hYX1hpNElHNG0wU3p4bjVRLVFvYmZfZzFvbEd2M2ExZF9wQnM3dm45NXNiTzRGZ3IzaE5vU0RDZEJSWURqMThhQXpfTGItYV9OaDd3ZlNKeGJjb2djWEZkRkg1OC1MTWpLRV9ReWVCaE5uaC1hLXlJVVY1cjBuZWV2UENzVXo2bjJkSTRhSURYTkdQYzhNN0hLWXdRSnNjdGw2bHFXemZiR3RtMUI1RmhybGFkZlJR?oc=5
2ad4a721c1430623807e2d0446792d62,2026-08-09,klikjatim.com,"Bakar Sampah, Warung dan Lapak di Babat Lamongan Ludes Dilalap Api - klikjatim.com",Ekonomi Umum,"E - Pengadaan Air, Pengelolaan Sampah, Limbah dan Daur Ulang","Bakar Sampah, Warung dan Lapak di Babat Lamongan Ludes Dilalap Api klikjatim.com",https://news.google.com/rss/articles/CBMinwFBVV95cUxPczZxOHpRNjFLQ0JBNUtNMVFESkNfSnFpVGxZZTlEMFRaUE1IYTlDaHlWcU5ZZGVPeE9LQks5eGlxLWY1S0pfTXRCWFd1Y0NNNjhWd3JtZl9tVW56b2JickhzVlBsQ0NacVJzVGZrcTNfeE5YZWVQZUtpUkphYjlLRXdyZWNhZ3VGYUFkNEdPeE52bXN2UXB4bXZYR21HOWvSAaQBQVVfeXFMTlF5S0M4UWxabHVWTnVnZnRvVC10LTdvNVBPb1hvT3ZHdVZiWnpRQlJwZjZzbTVwc1FkcnFfRkRNa2tsTS1pUURscmJtM1BPSGJGSEJTWkRYYjlFTm5aNGVycEZ1Zk8wZ1ZXbVhzQUdBb0VkLWhvZ1FsU3VjZ3htTFA3VU5iX3huN25fYTk1cUZvOGxtMHEyczFRS1RWMlIyQ0NpeHc?oc=5
a280c3da736538b0938e499d2c3c4490,2026-08-09,Kompasiana.com,"Transformasi Ekonomi Hijau, Dari Limbah Tambak Hingga UMKM Kreatif Di Lamongan Halaman all - Kompasiana.com",Perikanan,"A - Pertanian, Kehutanan, dan Perikanan","Transformasi Ekonomi Hijau, Dari Limbah Tambak Hingga UMKM Kreatif Di Lamongan Halaman all Kompasiana.com",https://news.google.com/rss/articles/CBMi6AFBVV95cUxQai1yWTFrSk9PTEVsOGJtZm5vOXl1eFVKVWlFWGVJS24ycWRRYmZjZXJfSVRfVjhCLWJWVnM5TEZJZy1ERk1SLUpsZEZNZzFnX0xWZ0xjTzJUWnQtWDhtSmx1WjZqZThaOS1VNDRCU3gwOHpOb3hvNXVRel9Vc1U2NzVTNl9Xc2Z6OHFFRDVaZ1ZEcTVWNTh5VTBKRmRZRnhOSUhxaDVmdDVMeVAySG1pTXhNR01CZzlRNDJzaElFR3JkcFZ4VW85YkpJM2V6VnR6dE4wNFNpNkoxSmJFaEdrYV95U2tFLVJl?oc=5
c65a6955c0940739eba305b7e63ec268,2026-08-08,klikjatim.com,EMCL dan PIB Bojonegoro Bekali Pelaku UMKM Lamongan dengan Manajemen Usaha - klikjatim.com,UMKM,Belum Teridentifikasi,EMCL dan PIB Bojonegoro Bekali Pelaku UMKM Lamongan dengan Manajemen Usaha klikjatim.com,https://news.google.com/rss/articles/CBMiqwFBVV95cUxPNG4zUzBNS1RoM1MxejZvN3NoOTFwTTc4QjV5VWozSFgxOWx0bXc5UW40TER1VHdHRXJoa0tTNk5nYjdDRU1OQjhhUE84d0tGQjZpSHRvcmJ6UkpIaXN4ckIwcTVoQmRieDJ3N2V2TmlPaUVqalhfOGFkQ0F6eGZNb0tROXdiSks1Y1VfcU1mWGQwRmVFckxPX3ptQkhTbXZidTFIYllRSG56TnfSAbABQVVfeXFMT3ZINC12a1Z4Z1lObk5wYmhfRnlGOXk2OTFXNVp6cm1mQlB3ZURnTWJHMEw4eE1tNTJEVG1mamhiQTRYZmxzS2VrV2ZuNmlkS1J1eFNRb0lzX1JWZDBMMEtMRWdGZXFEY3BwSWF1dDBzUHMtZG5IOWFIV1M5YjZjNTJRZ2wxemdFT1lwTGZGUHp6NGVYVC14aVhuZTd3SUpjdzRtYUV6cldEbzl6OHhCYk4?oc=5
c9cbfca07ca1b1fafb9694db0bd96f40,2026-08-08,Antara News jatim,Menteri PPN: i-Sentra @Lamongan perkuat hilirisasi industri - Antara News jatim,Industri,C - Industri Pengolahan,Menteri PPN: i-Sentra @Lamongan perkuat hilirisasi industri Antara News jatim,https://news.google.com/rss/articles/CBMiowFBVV95cUxNNUpGX1RsQzRfR0hLaUR5YzlydzE1TVA4V0lScW5GRWZ5NzlYT3VpWDBUVElEaE90SlJIbVBIT1JrY3VXaHlySGF0cWVRSnAyY0luYlg0WHRDakx6Z3hvY1hWTnh2bnpWQ1FGWDBEWEg1M3g2RUplOVpveEpsNjlkZmk3MGI5S0pNb1F4Q0xCbkFGZWdWbTZvV2p4bnY4enpMS0s40gGoAUFVX3lxTE9PM3VaWGg2UmxMTk5NaG1CMmR4X0MxQTFDUm01dFZpaW9hVS0xLXZjRkIybmtQY0l1dnJmZnA5ZnFWV2pGekliUnRwd0xCeEh2UWNMdEo3dVFqMUZYbDItSlNMV01mUDhaZGtHVS0xTVMwNUtTY1lvd1FUU29aUTI0bDJRSzloLXhNcHptTFYyMEpPcFVnbGtzUDBZRXpNT3QwMy13cWpoQg?oc=5
70cf9d85d176ec98582f5ccafe7b20a1,2026-08-08,ANTARA News,Menteri PPN: i-Sentra @Lamongan perkuat hilirisasi industri - ANTARA News,Industri,C - Industri Pengolahan,Menteri PPN: i-Sentra @Lamongan perkuat hilirisasi industri ANTARA News,https://news.google.com/rss/articles/CBMioAFBVV95cUxPd1J6ZWZhNm9jOGRqQUZMMGtsalFPRjBIWXNWQUdCX0xXSHVTd2tidUpTaEsyU1NaazJjX29pWlFWOTVJMG40RTRFT0x6d2JFNmZlc25vWjVPV1NxMjY0dW1MN3JNRFRLQmgyWUY4SDZ2ZTNaZW1rWE5iUjBKYW9ZR3VmQ3daYmUxdnZvaTdLVkw1RERmMjJEbUlOMlhENXQ10gGjAUFVX3lxTE1GeVZIWGtybWppeHdqWUtVZGUzNEJXRVlwNmZxN0hYWjlVa2hnRUthbk1nbVJheGpUUWxNSF9NM2tnU0pDcHFabDRKVGl2cVNibmxMR3l4UTY0LXl6eDlFVHNURVU2M0s4RlotWU83V01BLVFiT2c3bUxHZWNBcXdjNHQ1U21ob29vbDVjQ3dDTG4zaW1OZEpiM0FOVUZCdHRheHc?oc=5
96461509438bda7c1ad7e812ba06076d,2026-08-08,NU Online Jawa Timur,KKN Unisda Lamongan Bekali Warga Pembuatan Ecoprint Bernilai Ekonomis - NU Online Jawa Timur,Ekonomi Digital,J - Informasi dan Komunikasi,KKN Unisda Lamongan Bekali Warga Pembuatan Ecoprint Bernilai Ekonomis NU Online Jawa Timur,https://news.google.com/rss/articles/CBMirgFBVV95cUxOSGhZWTVpbzkyTFU5QUhBbTdCMEJzdW9DMlBvbGRBa1JNWkNkZnBEeE4xMGxpYlBVeElsTjUyUHhlRS1OU0k0Q3M3MnNucC04aWVSbnVHelVTVG9oOHdSMnQ2Q1VESEhUbHJUcHRFQmU2QUtlZ21EcVJJR25QRENKLTYzRi1Xb0JpdkI2Ym5sb0dIT3JIQ0JXaFdLTFZxbkJGRTkxLU5zVjVEQ25Bb0HSAbMBQVVfeXFMT3Fma1VPTHJZVmw4TjhSWEtRUVplbUJ4S3NHRGF4N2kwME52Zld5bzNJQW5OWlo1Q1dBQ19tem5OSnlWRUJRRGIzV3lsN0JWMW95c2Y1NmcyMVZUNDUtRkhNTUhrdzI3YlJfcDNwc0JSMlRfMU9OQ0diVXNxbjFjYVFBTFFKOTlINFZIbWFzRlBkT0ZPN0hBZEZSdTdxTjVpbnY4LWJjcUlScEdRaEl1Nm9FaDA?oc=5
a4be835497f80fe16873ca20503d9c1d,2026-08-07,Surya.co.id,"i-Sentra Lamongan Bidik Investor Global, Kawasan Industri Modern Penopang Indonesia Emas - Surya.co.id",Industri,C - Industri Pengolahan,"i-Sentra Lamongan Bidik Investor Global, Kawasan Industri Modern Penopang Indonesia Emas Surya.co.id",https://news.google.com/rss/articles/CBMizAFBVV95cUxOQWd3THNndTJfT2ZiZFVkNG9qTFVKMmt5eUdMek5aZ3lMdEJuczNRc1RJZTl0cFdnRDVwczV5ZThjdTNqbkV5QVhHdGVja1ZNa3o3aFRWUFNFdTkzaEljdlNCUTFmMExZYlV0QzB6RU1SbG82S2hEc1lmb2lxR1oyM1Z6LThjRnd0WnFmdU4yS3ByNWF1OG00RlR6ZUFNVW1FclV5RDRvRUtubHdUQU1uaDZacng0cFU3N3RpcEtCdzZZT21WUE42RWJ1cFM?oc=5
0a35d4991fc3d635488036d1f50c6df3,2026-08-07,Databoks,"Pertumbuhan Ekonomi Kab. Lamongan Sektor Pengadaan Air, Pengelolaan Sampah, Limbah dan Daur Ulang Capai 16,8% pada 2025 - Databoks",Ekonomi Daerah,"E - Pengadaan Air, Pengelolaan Sampah, Limbah dan Daur Ulang","Pertumbuhan Ekonomi Kab. Lamongan Sektor Pengadaan Air, Pengelolaan Sampah, Limbah dan Daur Ulang Capai 16,8% pada 2025 Databoks",https://news.google.com/rss/articles/CBMilAJBVV95cUxQcHBBb3ZUb1c1TExlN3NRZ3U3anBRWEFLb1F2aGhsZXYzMTRXRkNqT1NhMUxyVVZXOUU3Y2pJUExPMFFnbDM1VXgyNkZXdXE3c0ZjZW50VkdFMnpneFpBMkRjOHlDTm1CdW5qNWQ5aEVJcUk1S0tZQmo4dkpqM2xsNW9GVWFYb2ZKdEE4NGdRV3IycHpxR1lPUWJILVNzTjNYaWZQSmJyWlhQV2VxTFJ2cXZBU2Fkak1kdHBLU2VfN0NuOWpSZlRwekFsdXNCVVZqSWg1REwtRXFiMU1wcE1HT1V4enVmcnVaSG1rdmU3T0lRbjRRMGRRR2dOcEM0dFhZY01acHl6WEpnajR4UGFsUzZOcko?oc=5
ef13f776a04b362d4eeea26e0f795fab,2026-08-07,surabaya.tribunnews.com,"i-Sentra Lamongan Bidik Investor Global, Kawasan Industri Modern Penopang Indonesia Emas - surabaya.tribunnews.com",Industri,C - Industri Pengolahan,"i-Sentra Lamongan Bidik Investor Global, Kawasan Industri Modern Penopang Indonesia Emas surabaya.tribunnews.com",https://news.google.com/rss/articles/CBMizAFBVV95cUxOQWd3THNndTJfT2ZiZFVkNG9qTFVKMmt5eUdMek5aZ3lMdEJuczNRc1RJZTl0cFdnRDVwczV5ZThjdTNqbkV5QVhHdGVja1ZNa3o3aFRWUFNFdTkzaEljdlNCUTFmMExZYlV0QzB6RU1SbG82S2hEc1lmb2lxR1oyM1Z6LThjRnd0WnFmdU4yS3ByNWF1OG00RlR6ZUFNVW1FclV5RDRvRUtubHdUQU1uaDZacng0cFU3N3RpcEtCdzZZT21WUE42RWJ1cFM?oc=5
e0f3dc31b21e51d92b332dead40d4455,2026-08-06,Tribunlampung.co.id,Nasib Eks Kepala Yayasan Sekolah Swasta Saat Polisi Temukan 995 Pucuk Senjata Api - Tribunlampung.co.id,Ekonomi Umum,P - Jasa Pendidikan,Nasib Eks Kepala Yayasan Sekolah Swasta Saat Polisi Temukan 995 Pucuk Senjata Api Tribunlampung.co.id,https://news.google.com/rss/articles/CBMiwwFBVV95cUxOVHhYTGd2WlRWOXRPTjdHYmVsd1FaeHJ4cWo2LXE0VVZxZmkyRjY3M3lwdW9hVnd6U093Mmw5dW03S0pkcHVEemFxcldDQzJoSmh6Sm92dkExTkZvNDN1Sm1JbmhoN1J5Y3NJa3UxQ0lJYVZqZnJJaE5LTnJsUV84SDN3RE5xbTJxUDVJWXBldm1nRmlDdk5JSy05V2JQQjVYVlFVTS1BckUydWxpUGItLWE3bmtURmNvLUdfNk5aZGhFcDQ?oc=5
355f54c4388d3352674ec2ac600441f7,2026-08-06,Kompasiana.com,"Utara Melesat, Selatan Tertinggal? Membaca Kesenjangan Pembangunan di Lamongan Lewat Kacamata Ekonomi - Kompasiana.com",Infrastruktur,F - Konstruksi,"Utara Melesat, Selatan Tertinggal? Membaca Kesenjangan Pembangunan di Lamongan Lewat Kacamata Ekonomi Kompasiana.com",https://news.google.com/rss/articles/CBMigwJBVV95cUxPMWh3N1JsMDc0RzBadkRLR0hVV3FoZnJneERYQmJWSVZLdXdmWUttS2RMS0pfRG9UUlI3NEtVTDNxbVFQWHBvUUZ5dURzeVJtSkZfOXVpdWx0aVZzYW9SUVRwU0prNk5Ja3RYbDlnUXNYdW9WY1A4YWRaWlVRZVlmX2htTThyUDdqWXFTNmJIbFVldzdGbXA1emZOb2l6WEpPalF1U1lfUVl6eVpia1VhYm5mQ0tPUmVVMWlnUWlrRXlqWmhROEJoNWFLNTczdVl4OEFXMDl4S1A0TzV4bHhVTTZQTFMtUGRvcWdkRFVkSTFCb0d1SUlFMU95bDZqLW5fbVI4?oc=5
e9aec3c400ffc3b5b56ec0da0185c14f,2026-08-06,KilasJatim.com,"i-Sentra @Lamongan Siap Jadi Kawasan Industri Modern, Dukung Hilirisasi dan Investasi Nasional - KilasJatim.com",Industri,C - Industri Pengolahan,"i-Sentra @Lamongan Siap Jadi Kawasan Industri Modern, Dukung Hilirisasi dan Investasi Nasional KilasJatim.com",https://news.google.com/rss/articles/CBMixgFBVV95cUxQQ2ZaQ3pETEEycGpWRnhvcmxuakc4b2IyOVZGY09USEZoNzRBX29mQTlaVWgtR0cyLWZiZnA1TFVqaUNKN2hDODJJYmJ0Y2tvOUt4MjBsMGctRFpydlJsVFFDZ3BkZVMzMGhJVWdJT255QXFaOFFJOVZqcnl1Z1BFVXFmVTVUYWhBV3czT3lnMGxjX1FpQXM1bDVjaThvZFROQUp6QUdkd2tYQmVGT1llaGdSQzZTOUVXMzRoYUMwUnFBRXIxQXc?oc=5
39f2f3ff24fb986d07582b8436aa151a,2026-08-06,lampung.tribunnews.com,Nasib Eks Kepala Yayasan Sekolah Swasta Saat Polisi Temukan 995 Pucuk Senjata Api - lampung.tribunnews.com,Ekonomi Umum,P - Jasa Pendidikan,Nasib Eks Kepala Yayasan Sekolah Swasta Saat Polisi Temukan 995 Pucuk Senjata Api lampung.tribunnews.com,https://news.google.com/rss/articles/CBMiwwFBVV95cUxOVHhYTGd2WlRWOXRPTjdHYmVsd1FaeHJ4cWo2LXE0VVZxZmkyRjY3M3lwdW9hVnd6U093Mmw5dW03S0pkcHVEemFxcldDQzJoSmh6Sm92dkExTkZvNDN1Sm1JbmhoN1J5Y3NJa3UxQ0lJYVZqZnJJaE5LTnJsUV84SDN3RE5xbTJxUDVJWXBldm1nRmlDdk5JSy05V2JQQjVYVlFVTS1BckUydWxpUGItLWE3bmtURmNvLUdfNk5aZGhFcDQ?oc=5
9da055cd7bae19849e003b4936a3e492,2026-08-05,radarlamongan.jawapos.com,Sisa Tiga Perbaikan Jembatan di Lamongan Siap Dieksekusi Dalam Waktu Dekat - radarlamongan.jawapos.com,Infrastruktur,F - Konstruksi,Sisa Tiga Perbaikan Jembatan di Lamongan Siap Dieksekusi Dalam Waktu Dekat radarlamongan.jawapos.com,https://news.google.com/rss/articles/CBMixwFBVV95cUxPb2tYRk54YUQyV0xNX2ZvblctQ0hBSmk4bDBzOGFuUWVCQVdWUW1pTWNfQWl6ZG1nNXl1LUtUR05BdDBnemNFTG9jbUlLTGRWVDVhdWV5MlEyeTk1VkRKYXdLUWJ2SGw4NWd6a0RkOW1McWJGdFJOSVZBdjQyNmdlSm1HbnFoVzdURURWR3BrNzBRM3VLaVhNVHBGU1c2X01TcElUd0VPRXhxMTVFTC1Xc05sWlFlQlNlakcydEc2eU94TzlVTEM00gHMAUFVX3lxTE9sbDFhSkZxRnBndFZYU0NnR1FqUTJXVmRLMWlSU01nU1J0UGtOZlBHRE1MZDcxRUpleU9sWU1haDF5R2s0SVhUMU10VkFBQmZiU0dVWTBhWXVTWjMtOHdXTm82ay1FOTNiZ0pNWnNod3ZIcTNYd25qSllPdmw2eWVsQUUxN0twMG9HM0M5eVVWZ0loTHR6aHBVdmZ3bTlGcDJkTERyYUwxcURHMm5rMlVKaWhuZXQwTFBiRzRXTWJod1JHV0xpWGU0ZHlTbA?oc=5
1,2026-08-04,ANTARAJATIM,Aktivitas Ekonomi Kabupaten Lamongan Terus Tumbuh,Ekonomi Daerah,"A - Pertanian, Kehutanan, dan Perikanan","Aktivitas ekonomi masyarakat Lamongan terus berkembang dengan dukungan sektor pertanian, perdagangan dan industri.",https://jatim.antaranews.com/
03f1929edac277a6de2ce837f2effbba,2026-08-04,klikjatim.com,"Kenalkan Jiwa Kepemimpinan Sejak Dini, Pemkab Lamongan Sambut Puluhan Anak PAUD Lewat Program Lentera - klikjatim.com",Ekonomi Umum,"O - Administrasi Pemerintahan, Pertahanan dan Jaminan Sosial Wajib","Kenalkan Jiwa Kepemimpinan Sejak Dini, Pemkab Lamongan Sambut Puluhan Anak PAUD Lewat Program Lentera klikjatim.com",https://news.google.com/rss/articles/CBMizgFBVV95cUxQV1BpYkpTemtlS2JNVVFndjFOak54MHktTWhqRnoxdTM4bjMwc19Nckt1b3Jld2pEX0dHcTQwY3BzdGNmcFdGMV9JLVJkSFR1ZTE5ZHZnRGdWQm5mdTY3WTgtSHQ5aTZ1SUJiczc0Z01WSHhVWlA4eFl5ZXBzU284c3dlUWZabmZoN3FCcE11aU1iaURwUXZWdWp5U2d4ZEJnZF91SzBzbW1icDhHanZ5OUZ4RkJzb1E4R2JPQVBIVmEtMWRka1dKang1bk5CQdIB0wFBVV95cUxOUkdlZE5Rc3JUTThKaU9GUnUtWTBJcDhja05WTkVWOUNzV0prSFhlMWhFc2Y0TjgxWWdUZzUyQXRPR3o5NDRqelVpUElkQl9qS2pkVkNoQ3hEaWU4cGJRY0R1c2M3cFVDRzdqZzduY2d3ZnZKWl9ieEtKUFYtMEM1RkhUVlVGZ3NJdGtheVJrQk5QRGVlWjR4enZuQkFVRFllVDdGS1pEX1VlQko4d0V3M3JacU5ybXhndlhuakk5MlQxdHRVc0E1NmgycmowVDE2TTF3?oc=5
dcf305127d58c6e9411082cac0361755,2026-08-04,TopBusiness.id,BPR Bank Daerah Lamongan Perkuat Implementasi GRC untuk Dukung Stabilitas Keuangan dan UMKM - TopBusiness.id,Keuangan,K - Jasa Keuangan dan Asuransi,BPR Bank Daerah Lamongan Perkuat Implementasi GRC untuk Dukung Stabilitas Keuangan dan UMKM TopBusiness.id,https://news.google.com/rss/articles/CBMiygFBVV95cUxOX3hoaXg3X3J6X2ZHMm9UR0ZoUGxDX21jWm9YMlhydmd4d3psVFozZm1jQ1pzbkRXckRnN1U5cUVzLXpXbWhxdFlkT2VCRlIzeDdkLVo5NzVoNm9SR2RxY3hyT3Nwc1hoeEJyaU05b1BVMk1rVUhIYm5HVkFwWmxlX1pqUjRrQm9kcGowazJIdXQ1eG5oaFhaYW5QSkVEU0xKR3h6d2x6em9hUm9sZE0wWW9UNURlRURyajJaVW1nTWNSQno3eERYZklR?oc=5
2,2026-08-03,KlikJatim.com,Harga Komoditas Pertanian di Lamongan Mengalami Perubahan,Harga dan Inflasi,"A - Pertanian, Kehutanan, dan Perikanan",Perubahan harga sejumlah komoditas pertanian menjadi perhatian masyarakat dan pelaku usaha di Kabupaten Lamongan.,https://klikjatim.com/
29f1de2c9c1074cf5b18f0c7ee520cdb,2026-08-03,Memorandum.co.id,"PT BPR Bank Daerah Lamongan Tumbuh Sehat, Kinerja Meningkat dan Kontribusi untuk Daerah Menguat - memorandum.disway.id - Memorandum.co.id",Keuangan,K - Jasa Keuangan dan Asuransi,"PT BPR Bank Daerah Lamongan Tumbuh Sehat, Kinerja Meningkat dan Kontribusi untuk Daerah Menguat - memorandum.disway.id Memorandum.co.id",https://news.google.com/rss/articles/CBMi3AFBVV95cUxQZnpPTkZleXFmQUdtWFE0a1dKMEdYSkx0eEdSSzlVY3pFb3RjY2N1UDZfRjhmOWpFSkx4NlRXbjBUTnJ2U3ZiNlI4bDBOdVJhYUhMSUZ3aHZtRFUyR0VfbWJuV2lxREJOemZ1RVZ4dWNrZ25HVFQwdW5FRkxnOEtfUnJlajAyVFRrZFNCcUI3aFVJa0w5MFlkSnFWXzZLZlZWYm5wSVFoQjdBV1ExbXRxYlJUYU53MFFYUHEtQUd0ZFJCcGFqTkVaMWdNSEl2bUtiZGlya29EZ1hYQTlo0gHPAUFVX3lxTFBQNnBGYll3bFhMS0FKckVtZmlIaGdNbDB2MkxwSEFVZi1ybXZmLTlGanVnLWRuODNZdFotMU0yY3hYcUxTay12Yy1MTmc1VUxhenotamZUQ25uOGtDdm1icGQ5TUNpTktfNThZMmppOTNUSk1Scmx0c2VZbDZOREpQVUlJV3h3WVRWbnpqeXpqaUZaYmhKaXZkWWJsSUNyRWdaNzJQS3lVRUN6WnNuMmxJRlM0enJPLXQxbkJpYlFxeU5QVDF4NHNWek5zbGpyTQ?oc=5
99341d509edf02334bd9aa2a7d98673f,2026-08-03,Malangtimes,"Semester I 2026 Gemilang, BPR Bank Daerah Lamongan Catat Laba Naik 30 Persen - Malangtimes",Harga dan Inflasi,K - Jasa Keuangan dan Asuransi,"Semester I 2026 Gemilang, BPR Bank Daerah Lamongan Catat Laba Naik 30 Persen Malangtimes",https://news.google.com/rss/articles/CBMie0FVX3lxTE95QU9FT0VtcXllQmpoWHc1c0R5aU12ZVVhVHVaODFnUng3LXpvMEZCdExqcVN3d0NZNzR1cU5vMmJwODRRNzlaZWpoYkZlTElFdmRnNEs5Z25fVlRJeG9Tdy1EUzNCYmM1S1B0NkJhTXN0enZ5Z2dSMVNBVdIBe0FVX3lxTE95QU9FT0VtcXllQmpoWHc1c0R5aU12ZVVhVHVaODFnUng3LXpvMEZCdExqcVN3d0NZNzR1cU5vMmJwODRRNzlaZWpoYkZlTElFdmRnNEs5Z25fVlRJeG9Tdy1EUzNCYmM1S1B0NkJhTXN0enZ5Z2dSMVNBVQ?oc=5
3,2026-08-02,detikJatim,Perdagangan dan UMKM Lamongan Terus Berkembang,UMKM,G - Perdagangan Besar dan Eceran; Reparasi Mobil dan Sepeda Motor,Pelaku UMKM dan perdagangan menjadi salah satu penggerak aktivitas ekonomi masyarakat Kabupaten Lamongan.,https://www.detik.com/jatim/
93efd82fbf61556d4949ee990a6cfee2,2026-08-02,blokTuban.com,"Optimalkan Kemandirian Kampus, UAI Tuban Belajar Strategi Ekonomi di PP Sunan Drajat Lamongan - blokTuban.com",Ekonomi Umum,P - Jasa Pendidikan,"Optimalkan Kemandirian Kampus, UAI Tuban Belajar Strategi Ekonomi di PP Sunan Drajat Lamongan blokTuban.com",https://news.google.com/rss/articles/CBMizAFBVV95cUxPeDc5MEFncEJrN2xTbGoyLUJLVUZ0MHNjZjlzaXZjVnl5RXAyV2pteUR5d1p4QmwtR2o3NC1YbnUwWmM3NGVFamR3ZWlPbm9XaUg5VXp1MVFXMlM5bF9iaURnQXRiTUR5MUFBWnpfa0FkYkhXRjhmNWN3ZnY2RG9jcHNpekhwVW9PNVNFZGZJNUduc3AxdmNiOXVxd2h6SFJjNVZKeHZjWGxrLVhaOXNxZ1phVVRTSFpIUDlqTzhHdHNOMmxBUll3VEZjY1k?oc=5
0f0c6618cc8d2b97865e77f1ebe0bcdb,2026-08-02,bloktuban.com,"Optimalkan Kemandirian Kampus, UAI Tuban Belajar Strategi Ekonomi di PP Sunan Drajat Lamongan - bloktuban.com",Ekonomi Umum,P - Jasa Pendidikan,"Optimalkan Kemandirian Kampus, UAI Tuban Belajar Strategi Ekonomi di PP Sunan Drajat Lamongan bloktuban.com",https://news.google.com/rss/articles/CBMizAFBVV95cUxPeDc5MEFncEJrN2xTbGoyLUJLVUZ0MHNjZjlzaXZjVnl5RXAyV2pteUR5d1p4QmwtR2o3NC1YbnUwWmM3NGVFamR3ZWlPbm9XaUg5VXp1MVFXMlM5bF9iaURnQXRiTUR5MUFBWnpfa0FkYkhXRjhmNWN3ZnY2RG9jcHNpekhwVW9PNVNFZGZJNUduc3AxdmNiOXVxd2h6SFJjNVZKeHZjWGxrLVhaOXNxZ1phVVRTSFpIUDlqTzhHdHNOMmxBUll3VEZjY1k?oc=5
4,2026-08-01,KOMPAS.com,Pembangunan Infrastruktur Dorong Aktivitas Ekonomi Lamongan,Infrastruktur,F - Konstruksi,Pembangunan infrastruktur menjadi salah satu faktor pendukung aktivitas ekonomi di Kabupaten Lamongan.,https://www.kompas.com/
5,2026-07-31,Radar Lamongan,Potensi Industri Pengolahan Lamongan Terus Dikembangkan,Industri,C - Industri Pengolahan,Potensi industri pengolahan di Kabupaten Lamongan terus dikembangkan untuk meningkatkan nilai tambah ekonomi daerah.,https://radarlamongan.jawapos.com/
43acc0ae5a3983055949c3a73b66a28f,2026-07-31,Radar Lamongan,"Bupati Yes Geber Industrialisasi Pantura Dorong Infrastruktur Strategis, Lamongan Siap Naik Kelas Jadi Pusat Pertumbuhan Baru - Radar Lamongan",Harga dan Inflasi,F - Konstruksi,"Bupati Yes Geber Industrialisasi Pantura Dorong Infrastruktur Strategis, Lamongan Siap Naik Kelas Jadi Pusat Pertumbuhan Baru Radar Lamongan",https://news.google.com/rss/articles/CBMijwJBVV95cUxPb3NxU0xNdEFtOEhYTk4zSWgxZHZERDZDMm5BNEdtWkRMMDhhdHBRd2JxdnFtTUs3SzF4S2pxcXBRUmpQLTgyU2VhbHdfVXNRR3J3ZmlPNlB2c2xubTFQYWlZN0lGZlZKQ2w5bFp3VGhZdDBDeXk4LWRhVll1aDVqQ2pjaE1GN3p5VEJrMmlLLTdXVV9YTHVhMGUxWXhtYW14THFTQ1duV3R2YUhrR1otczZUazR6T184NVk4RG5qZXdNSGRuQ3M4U181V0k1amIycE5LcVdmT0s3ZXhYLXZ5VkNYOWVRQW4zeWxzTG9jOENwMlItWnZ1ZkpOaU9nX1RPZUFBUDRFbVVMTlVKQjVB0gGUAkFVX3lxTE0tTEg5aHM4amw3Z0lxWHA3ZVZrbF9LcHUweUFCT3cyVnc5VGE1UXVyZXNHaGJGd3JMS0ppaTJYVmVYbWwwQWVTU1k5NktFRFlrRWpFLUViblB3R1NkUVdzN1Q1NV9xNzFTSTFRQlR1Y2FHOFJEOG4xTXI4QjkyS0tmQjBWZWFkaDlmSnBOal9LR1l1UzN4dFdmS1dEclQ0M1N0Tm95SUpCaWNCYmJ5NzZ3eU5BWVFKQUtmOFBJSnEwN2o0TU5xbGhIRFVtRG5OLXJPQTBnbTdBZnRSN2JzaVNOYUM5QlN1Q050VGhjSkU4TkpZM0oybzJfYnR0OHE4TVl1Z0E3dmZwaXNDbUR1ckxIeGdfZQ?oc=5
d490a57b83af9b7265aaf878eb42d3a3,2026-07-31,Antara News jatim,Menteri PPN: Integrasi pertanian dan industri jadi kekuatan Lamongan - Antara News jatim,Pertanian,"A - Pertanian, Kehutanan, dan Perikanan",Menteri PPN: Integrasi pertanian dan industri jadi kekuatan Lamongan Antara News jatim,https://news.google.com/rss/articles/CBMisAFBVV95cUxPa1YxUEw4eHNVbm94UzNVN3hrTXBjNkFLQVBWVV90MEc2RlNIWjFmVXZmTXVid2FTaFpaWEhNekRNTXNUYzZKSU5oWXlwVUthVmJxVHk4Y1hlYmVySFdtcHZDTnQtaldyX2pQMUV3TDVYSTE3WDlUejBzRE14QWxKMXkzdnZVRjNhREUzNXBaSlhONVV1MDl3MHJYYlRkRC14eG9OUGlGTjEyeTd1a2pfRdIBtgFBVV95cUxNdzBUVkU5bEpJX0I3cjVydGhqSTFDYzY0VkhubndSbGptMGdFQ1AweHZjMlVCTVVOeU9JaEstTWdFbVlDdGlfTTlNck5iTUY2TEtBTl9OV244N3REbEx4SnA2eU5ZY0IxbnBuNGhhU2xVMmdyX0pBTHdVNFVtOVhNckNqQmtyRDJUS0tZbmVCRTA2d1hCLUQ0ZEVhSzdzdEsyTVM5alVwNnA1NmZYNTJ6V09lQ3pVUQ?oc=5
ec66e3304d9850e05b4ed4ebd4f88e97,2026-07-31,lamongan.inews.id,Menteri PPN Sebut Lamongan Punya Fondasi Kuat Jadi Pusat Pertumbuhan Ekonomi Baru - lamongan.inews.id,Ekonomi Daerah,Belum Teridentifikasi,Menteri PPN Sebut Lamongan Punya Fondasi Kuat Jadi Pusat Pertumbuhan Ekonomi Baru lamongan.inews.id,https://news.google.com/rss/articles/CBMiuwFBVV95cUxQNW96b25famhsVXdtRkVhZ3dseG1fOHd1QS1WS083UDZkRE9TZng2VUJObko1aE9hWm14WG5CSU56VTJPLUZBM2ZaMU1JTG9feFd3RWZtc2hUN1dZLS1UeGtzSXVVQ1NGckNrQmEtTkNxVDFyQmptSnA5WXc2Slg0MXhQZlVvajBHdHRXR2ZLaUxrQk9pLXc2d2l2NmNLbkRKZWdJbDBpcVFremI0bFpUbUsxTGRMdzRXTlRF0gG6AUFVX3lxTE5SdUhvVHJyVU1TaWFReUtnOEN6MHNFYVltMUVMXzRyZFY2cHdaQzBMRGZSZW1SX3lQQzAwMEtzNVRXMmdGZnBXeHY1eGxHUXZtX1cxYmVXYkdqUmdta1ZHTjV2Njk3UGJzMDN0ZGtiZVVUMTljNWlYbVF4V2RVYm1GWDZvc2RpbG5oYUNIc3B0X1hqamZpREZ1Wk5SdHBLaGtVSkdrOXYzMmdNSldjazlGclRKUHBMZk1GZw?oc=5
65e48b674999ecd9b05d39572d280248,2026-07-31,ANTARA News,Menteri PPN: Integrasi pertanian dan industri jadi kekuatan Lamongan - ANTARA News,Pertanian,"A - Pertanian, Kehutanan, dan Perikanan",Menteri PPN: Integrasi pertanian dan industri jadi kekuatan Lamongan ANTARA News,https://news.google.com/rss/articles/CBMirgFBVV95cUxOa1A3c3VpdzVoYWFOejZuUGU2bjk5X3FjRXRQRlVESnBwSnc4RjhBOFlzYmdCc0lzenctSGtCdFh6VGg4Vnl0NVNlb01KTWpEenA4bmR5OHcwZHlMQUR6cTFFTlhMTEQ0MFBfWUxBdXo4eXU2NU5xYUJLcVFVZ1p0RHdKblBYZGk0LWp3U3Y5cGZJdzltb0dXRVJ1cUpZMzRuaGRBNGFIMGZFN1RkVkHSAbABQVVfeXFMUFBwVTV5ZjkxQTk3YWNxSUNpX1JBck1nSWl6X25xOGVMbnBMbmNsZTN3Uk81SUdKd3UwcmxfSXhFSTVNaEdkWlg1ZjFYNVJSWkFmSk5BWEVVakh2aHYtalRJZ0ZhdE9FZjZYcjhmTXZDTjBoVGdWamNMZzN3TTNWMFI4WTRnZDhxZUtTeDBrOWlMZDY4RGF5TXllVzVWVUNZNTBhZllNRm05N2NuUklXUmQ?oc=5
841545e4638648f70b1d567351ec9762,2026-07-31,radarlamongan.jawapos.com,"Bupati Yes Geber Industrialisasi Pantura Dorong Infrastruktur Strategis, Lamongan Siap Naik Kelas Jadi Pusat Pertumbuhan Baru - radarlamongan.jawapos.com",Harga dan Inflasi,F - Konstruksi,"Bupati Yes Geber Industrialisasi Pantura Dorong Infrastruktur Strategis, Lamongan Siap Naik Kelas Jadi Pusat Pertumbuhan Baru radarlamongan.jawapos.com",https://news.google.com/rss/articles/CBMijwJBVV95cUxPb3NxU0xNdEFtOEhYTk4zSWgxZHZERDZDMm5BNEdtWkRMMDhhdHBRd2JxdnFtTUs3SzF4S2pxcXBRUmpQLTgyU2VhbHdfVXNRR3J3ZmlPNlB2c2xubTFQYWlZN0lGZlZKQ2w5bFp3VGhZdDBDeXk4LWRhVll1aDVqQ2pjaE1GN3p5VEJrMmlLLTdXVV9YTHVhMGUxWXhtYW14THFTQ1duV3R2YUhrR1otczZUazR6T184NVk4RG5qZXdNSGRuQ3M4U181V0k1amIycE5LcVdmT0s3ZXhYLXZ5VkNYOWVRQW4zeWxzTG9jOENwMlItWnZ1ZkpOaU9nX1RPZUFBUDRFbVVMTlVKQjVB0gGUAkFVX3lxTE0tTEg5aHM4amw3Z0lxWHA3ZVZrbF9LcHUweUFCT3cyVnc5VGE1UXVyZXNHaGJGd3JMS0ppaTJYVmVYbWwwQWVTU1k5NktFRFlrRWpFLUViblB3R1NkUVdzN1Q1NV9xNzFTSTFRQlR1Y2FHOFJEOG4xTXI4QjkyS0tmQjBWZWFkaDlmSnBOal9LR1l1UzN4dFdmS1dEclQ0M1N0Tm95SUpCaWNCYmJ5NzZ3eU5BWVFKQUtmOFBJSnEwN2o0TU5xbGhIRFVtRG5OLXJPQTBnbTdBZnRSN2JzaVNOYUM5QlN1Q050VGhjSkU4TkpZM0oybzJfYnR0OHE4TVl1Z0E3dmZwaXNDbUR1ckxIeGdfZQ?oc=5
2a5610d672f52c45058c8c1ba486108c,2026-07-31,iNews.ID,Menteri PPN Sebut Lamongan Punya Fondasi Kuat Jadi Pusat Pertumbuhan Ekonomi Baru - iNews.ID,Ekonomi Daerah,Belum Teridentifikasi,Menteri PPN Sebut Lamongan Punya Fondasi Kuat Jadi Pusat Pertumbuhan Ekonomi Baru iNews.ID,https://news.google.com/rss/articles/CBMiuwFBVV95cUxQNW96b25famhsVXdtRkVhZ3dseG1fOHd1QS1WS083UDZkRE9TZng2VUJObko1aE9hWm14WG5CSU56VTJPLUZBM2ZaMU1JTG9feFd3RWZtc2hUN1dZLS1UeGtzSXVVQ1NGckNrQmEtTkNxVDFyQmptSnA5WXc2Slg0MXhQZlVvajBHdHRXR2ZLaUxrQk9pLXc2d2l2NmNLbkRKZWdJbDBpcVFremI0bFpUbUsxTGRMdzRXTlRF0gG6AUFVX3lxTE5SdUhvVHJyVU1TaWFReUtnOEN6MHNFYVltMUVMXzRyZFY2cHdaQzBMRGZSZW1SX3lQQzAwMEtzNVRXMmdGZnBXeHY1eGxHUXZtX1cxYmVXYkdqUmdta1ZHTjV2Njk3UGJzMDN0ZGtiZVVUMTljNWlYbVF4V2RVYm1GWDZvc2RpbG5oYUNIc3B0X1hqamZpREZ1Wk5SdHBLaGtVSkdrOXYzMmdNSldjazlGclRKUHBMZk1GZw?oc=5
6,2026-07-30,BeritaJatim,Investasi Menjadi Perhatian dalam Pengembangan Ekonomi Lamongan,Investasi,K - Jasa Keuangan dan Asuransi,Peningkatan investasi menjadi salah satu upaya untuk mendorong pertumbuhan ekonomi Kabupaten Lamongan.,https://beritajatim.com/
221c3d58853e19cc54dc071f0fe1bd17,2026-07-30,klikjatim.com,"Dua Insiden di Perairan Bawean Gresik, Perahu Nelayan Lamongan Hilang Kontak dan Nelayan Bawean Belum Kembali Melaut - klikjatim.com",Perikanan,"A - Pertanian, Kehutanan, dan Perikanan","Dua Insiden di Perairan Bawean Gresik, Perahu Nelayan Lamongan Hilang Kontak dan Nelayan Bawean Belum Kembali Melaut klikjatim.com",https://news.google.com/rss/articles/CBMi4gFBVV95cUxPWUJZeTQ3SUNIZThMSUtBLVVPUGotQS1CUC04MWlKQVpxUkhnYUwtbHhKd2xlSkFoQ2hvWnJfQ1lFMWp1MHEzSXc1eU9WM2NIV0ZBcGJMSGVlMXBpOXQwRkh2NFNiWFNCVktUbjQ0aHNXeHlTamJMRk1uWElQZ2Y0OGo0VUtjTmJETUJLR3hjUUVCTHZxM05SenZTODRRZS1MWm9XNWZ6M1RjajVJekRNamJUVU1fUUtnWEJPektZOENjNXFJZlR4azhiNUpNUW1WaDJXdjh4R2dMeTE5NkN3RGlR0gHnAUFVX3lxTFBDMUFobEtnaVhPNUdzX2VFX3FFNmdsVk1tb1YzXzdtV240ZmE3SlM2ck9LZmNoMlZEdVBXNWF6SlJkMWM2a2VQT3FvRnZUaXMyblBGYnJrWXVocTVTMTM3ODBTMWIzUHZzSHhaLVNzQVQtR0hIb3FxWVBwR0xrMG1UWVpNelJHLXh0M3VuYzA0WE1KRmJlRkQtbVJqLVNGeFFnX0FqaENvd0FqLTh6TVpPVEVSYWtXWXlFRUdHU0dUQmRQbHVtVkJFbzRERndNVFBvRjEwLWFXMk9tVGl5SS15QlR2RVR3OA?oc=5
e28e5b5930710b229f762c4a736c4492,2026-07-30,Radar Lamongan,"Tak Lagi Kemarau Basah, Petani Tembakau di Kabupaten Lamongan Memburu Musim Emas - Radar Lamongan",Pertanian,"A - Pertanian, Kehutanan, dan Perikanan","Tak Lagi Kemarau Basah, Petani Tembakau di Kabupaten Lamongan Memburu Musim Emas Radar Lamongan",https://news.google.com/rss/articles/CBMizwFBVV95cUxOeWV0bG0zX0ZBWDRNcE1YOFBMMXNwYnJ6SE1vV1B0RVVmUUliZEdRZGkzcmlUMFhwUS1CT1E0bWNzVzVXR0dDbHJod3R1LUNkVkZRUEFUeU96dzNlUzRuQWtIVWx5T29WNUMzOEk3Qk9QYnptd1F0cS1rXzk5SzJVZnBjVUhtTzI0UnV6eEwxUVhqdU1XRjc4Zkk0Q2lEMF9oSUtISzJuRmNjY0VkTjN6bjIzRGVGUzg4SzdaOGRJQTFvTVp6SmdvYTdzeER6YkXSAdQBQVVfeXFMTlFBNmJlc19sdzRCazlHSVF1akdLdGxEWnZPLThPbjJLb25qOTFzd1E3RVRLcC1fSjZTSnFpV1FLMVFaWE1fLWdNNHJEUjQ4X0l4eWNMLW8ycTFjT1Q2QUhuTDdoTGhSY1dTMko1MUZNM2VBUlZ6TnJsTmE0YWhNTHhhLWcxLTFteVdCajJ4X3NCbDhhd0pRUlNqTWFBSTl2ZEF1WEZVQkQ1aWd3YUFlaWcxcHd1WW1nU1hicGNkN0tPRzhqMWdtdUFiZ2FHNkFxTmRLbXE?oc=5
a7458b1e64d3451e9036a9799cf5ff5f,2026-07-30,radarlamongan.jawapos.com,"Tak Lagi Kemarau Basah, Petani Tembakau di Kabupaten Lamongan Memburu Musim Emas - radarlamongan.jawapos.com",Pertanian,"A - Pertanian, Kehutanan, dan Perikanan","Tak Lagi Kemarau Basah, Petani Tembakau di Kabupaten Lamongan Memburu Musim Emas radarlamongan.jawapos.com",https://news.google.com/rss/articles/CBMizwFBVV95cUxOeWV0bG0zX0ZBWDRNcE1YOFBMMXNwYnJ6SE1vV1B0RVVmUUliZEdRZGkzcmlUMFhwUS1CT1E0bWNzVzVXR0dDbHJod3R1LUNkVkZRUEFUeU96dzNlUzRuQWtIVWx5T29WNUMzOEk3Qk9QYnptd1F0cS1rXzk5SzJVZnBjVUhtTzI0UnV6eEwxUVhqdU1XRjc4Zkk0Q2lEMF9oSUtISzJuRmNjY0VkTjN6bjIzRGVGUzg4SzdaOGRJQTFvTVp6SmdvYTdzeER6YkXSAdQBQVVfeXFMTlFBNmJlc19sdzRCazlHSVF1akdLdGxEWnZPLThPbjJLb25qOTFzd1E3RVRLcC1fSjZTSnFpV1FLMVFaWE1fLWdNNHJEUjQ4X0l4eWNMLW8ycTFjT1Q2QUhuTDdoTGhSY1dTMko1MUZNM2VBUlZ6TnJsTmE0YWhNTHhhLWcxLTFteVdCajJ4X3NCbDhhd0pRUlNqTWFBSTl2ZEF1WEZVQkQ1aWd3YUFlaWcxcHd1WW1nU1hicGNkN0tPRzhqMWdtdUFiZ2FHNkFxTmRLbXE?oc=5
7,2026-07-29,Surya,Sektor Pariwisata Lamongan Terus Dikembangkan,Pariwisata,I - Penyediaan Akomodasi dan Makan Minum,Pengembangan destinasi wisata di Lamongan diharapkan dapat meningkatkan aktivitas ekonomi masyarakat.,https://surya.co.id/
7445d68659d2ca048441f338ad2852d9,2026-07-28,klikjatim.com,"Pemkab dan DPRD Lamongan Sepakati KUA-PPAS TA 2027, Targetkan Pendapatan Daerah Rp3,09 Triliun - klikjatim.com",Ekonomi Umum,"O - Administrasi Pemerintahan, Pertahanan dan Jaminan Sosial Wajib","Pemkab dan DPRD Lamongan Sepakati KUA-PPAS TA 2027, Targetkan Pendapatan Daerah Rp3,09 Triliun klikjatim.com",https://news.google.com/rss/articles/CBMiwwFBVV95cUxNbEJNdmhqakhGOFB6Nkc5MVBJOFAzNTJsdmVRbU5rS3ZxcHIyQVhqem1SY2lSWGVIY202cVBGXy1CaXJtZ3pDanNTLXM4SVFNRDh0QmF6WS1oOS1CRUdiSXJ1Y3BKRG04Vl9XQXp6Sm9vSXFhSHpnWEpzd1ZCSFhNbExSQmd2SExEbTNpc25ZMFFWNkdtbGhPb2dmb0I5QTV5TnNXdmpDbzV3eW5GV05pZE8xSlhYMkFCdlFyMlZHRkd2WnPSAcgBQVVfeXFMUFk3ZmxGOWM3Z3hxQ3V5cTJGa2VCSU5vQXlQTjMtdS0wM1JNLVUwRlR6Z242VVFQdzZldHNQdWZFSkd1VkRqdWEwNUtIWHZ1Mm10aF9feTdsQmVseUxobzNQNUxiXy1ULVZydnlkLUVRemVoZWVDQUpEdThtU09fcGhoM2lfT2ZCUUtINHZFNm1HVlprWF9mSzA5M1VqdWtwMXhaSm1xTDdyMlFPaHRvZnlTME5yTHpsRm5ncUVLdFRHcXBOdzdpVms?oc=5
c3c2d21099af472ccc93300789f9e328,2026-07-27,klikjatim.com,"Lantik Ketua Baru, Bupati Yes Tantang Kadin Lamongan Wujudkan Rumah Vokasi dan Kurasi - klikjatim.com",Ekonomi Umum,L - Real Estat,"Lantik Ketua Baru, Bupati Yes Tantang Kadin Lamongan Wujudkan Rumah Vokasi dan Kurasi klikjatim.com",https://news.google.com/rss/articles/CBMiuAFBVV95cUxOZXo3S2NTdC15Z1JGTGdOZkZSQzh5RjB3MTRhcVE1VTNDUVV2aXVvSWtmQ2xQSHJRV2tEVWNVNk1Vc0lSdWZURE9wTFozM2ZXSC04dWZzbmNTbkg2T3JsZDRZX1JzSnJYdDZ6UG9WcU1iNW5zZUU3LUhpbmhVb0llbFdXUjNWRWJuNnJPcHhNbXNOV0pTMDM5UnprRUx4NzVxUG1zYTU2UzBTZjl6UmxPbzJNdFRoSjlR0gG-AUFVX3lxTE02Z1ZfTXlMSXNLQUpQcjdJLUdnU0hjUFdraktVUG54T3ZfLUJZVXl4b0ctdXJaNV9Kekk0YVZmMFI4TzF1YzVPbDRZaXo2R1ZwWjhaa0xhVlhuYmpMZ01GbDNHMU91LVBkRmhRU0UwdmVKQXF3cEJsMDk4akhLLVFVdlFPOWFvVWdoVHAyZHJjR2hqYmJRczh1T1J1OF9KS2ZlcXVPMFhSRFZNQUlic2duTmFlWHFKR1JmT3hfd1E?oc=5
320e2e22344a9ee0f858cf91b5b1f406,2026-07-27,FaktualNews.co,"Ekonomi Tumbuh, Pengangguran Masih Jadi PR KADIN Lamongan - FaktualNews.co",Ketenagakerjaan,Belum Teridentifikasi,"Ekonomi Tumbuh, Pengangguran Masih Jadi PR KADIN Lamongan FaktualNews.co",https://news.google.com/rss/articles/CBMiogFBVV95cUxQZmV0d1RTTWs2VjU3LThVcjZJaUctYUgwRGNGZFMxVkQ4RTZKWldHaXp4aWY1ZUY1cXhRU3o4MTI4UHJkcW1hNk4ySHF6Z1BWblZfSkVpdlZLdmlUVWdoN2htX2tPS1Q0WEcxaEl5RE1xZHdJLWNzeGoyeVkxMnVWWG81Nks1MVJyeENYN1BCMHQwenhIdGxOeFpDbjFqcmhCbUE?oc=5
67648113c7b8e6be167b65e81bea14f7,2026-07-27,KABAR RAKYAT,Pemkab dan Kadin Lamongan Perkuat Kolaborasi Tarik Investor Demi Pertumbuhan Ekonomi Berkelanjutan - KABAR RAKYAT,Investasi,"O - Administrasi Pemerintahan, Pertahanan dan Jaminan Sosial Wajib",Pemkab dan Kadin Lamongan Perkuat Kolaborasi Tarik Investor Demi Pertumbuhan Ekonomi Berkelanjutan KABAR RAKYAT,https://news.google.com/rss/articles/CBMivgFBVV95cUxOdkhqWU1OMUpHUnZjSkhlUlBGemZMazFwdGFWd1JLdUQ3cGVULXBYOURCWUhyWHd5ejRrRkc0YmgwWVRTM2xBZUZ0ZTZHc1ZLRF9wTFlLTWpOQ2NITFNxNmtQdU1JZjBuNVBYMHhBWFdxbm16RUowWm1VZFM4em9ZV0VjZktQVmVvN3N6eGtySnFXNmI2anVRVW9lMXBxUkF3QzM0T0t1S19UQWZqS3F5RWJmZFlVNVZlTElUMll3?oc=5
feaa5e07c55aabe9c24b36b739089675,2026-07-27,beritajatim.com,"KADIN Lamongan Resmi Dilantik, Bupati Yuhronur Beri Dua Tantangan Besar - beritajatim.com",Ekonomi Umum,"O - Administrasi Pemerintahan, Pertahanan dan Jaminan Sosial Wajib","KADIN Lamongan Resmi Dilantik, Bupati Yuhronur Beri Dua Tantangan Besar beritajatim.com",https://news.google.com/rss/articles/CBMimgFBVV95cUxQQVBfc2VTTE9kZzk2TmN3c3FLQjlHLTU2Wi1JdHZWb0p5TGt0VVNEQ2NSN1RGandCN3BPYjFINW1meVZxYmxEM0IzZmNyTFhnY3dwcE5QdjhwVUhkMS1wbTFONXpJbXNiYklEck5wT3NadzJLOEQ0Z01IV0E5c0h2RWNSbGJ1dWI5emJadDJtRWczUEliUXZrelhn?oc=5
88cfef16b73dcd86e3a879bb4056e390,2026-07-25,Antara News jatim,Pemkab Lamongan promosikan UMKM ke mahasiswa dari 43 negara - Antara News jatim,UMKM,"O - Administrasi Pemerintahan, Pertahanan dan Jaminan Sosial Wajib",Pemkab Lamongan promosikan UMKM ke mahasiswa dari 43 negara Antara News jatim,https://news.google.com/rss/articles/CBMipgFBVV95cUxQalFkUUF3akNLa01RV3lBdTFQY2dTNGxXWG8tSkd6WXZ5eDdMSS02azNLREhhWVdXNlh1RzVxRUdfUlJsT2xFRWNQU1JJM0dKZ2xxNVFLQmpXS3J5VjE4ZW1jNFFOQUsxdV9kU1AtUkItSWI1YlY3TW9QZ293UmZQU2hPb3RWR0lIZVFKVlhFUWRxTXFBZDhLcmNKUWFBN0x4QUNrX3Rn0gGrAUFVX3lxTE1yZFVDbmlaRHFkYXE5Z3RKSUVMbkdrLUhLeXp3WmVjelE1eVR2SDhuWm1VVXZnWVJ0XzZfeHVTakRZUG1tSG9sVkVzekJ5Tk1OU1JRQU9IUnAtRURFLVVEM3lON1FEeDJ1eG1xU2EwWU82a1ZPOUVtcmRrb1RPZHhUdXVkNTlOVkdaZjJZUkQwc1BGUzlGSk85V05DS0dWSDhjajJ3bmhaUllVSQ?oc=5
1d69c5feba6e1c6e4ec9da4f8640baad,2026-07-21,Radar Lamongan,Beasiswa Perintis di Lamongan Tembus Hampir 27 Ribu Penerima - Radar Lamongan,Ekonomi Umum,P - Jasa Pendidikan,Beasiswa Perintis di Lamongan Tembus Hampir 27 Ribu Penerima Radar Lamongan,https://news.google.com/rss/articles/CBMivgFBVV95cUxPdWxRSzFjMERGY29CTmRITlpYRDhFTWU2N2E1M0NJcU44T0hfMTVIRUVJa0FSRi1sUW9zYWl4RnFXZEE0b1F1M2pyaGtRT25ucnZRcV9aYmxOTzFHallaLWpBUTkwc0V3Z21nR1U2Tnp1b21yXzZuUmJRRmU1c1RlbTZYWHdZWWpnVVdIb090b0lBU2tCRnBjSHNvbThpWU0tNjRjMXhmY0d2c1I0TjcySnlHWUo0Nkt3RkI4MnVB0gHDAUFVX3lxTE9ZaXNUVUV5eWZXUURhQzFFNTQ0ckVURGN5UWFEaTRtS1NxaDlUbGpkN2N1SWw4MmNEbEEtWUVYLUNLeWRXek12RVdFMGtPYmFmVGdrVEFCYU9YVy05WFdSUVpsSmZCeEhHNUV2c1B3MG5hWFJaSzFBZW1vWkVWQklmTGZmalF5aGgyUnBVWXc0UXdYR3NlU3d1d09jekVuaGQzTzJBeVZpaVBMeHlkekUyMEdlWTR0cmlFOEhxX0hyRV9UQQ?oc=5
b6522900642a2c8e8cf303a9d8f96ccc,2026-07-21,radarlamongan.jawapos.com,Beasiswa Perintis di Lamongan Tembus Hampir 27 Ribu Penerima - radarlamongan.jawapos.com,Ekonomi Umum,P - Jasa Pendidikan,Beasiswa Perintis di Lamongan Tembus Hampir 27 Ribu Penerima radarlamongan.jawapos.com,https://news.google.com/rss/articles/CBMivgFBVV95cUxPdWxRSzFjMERGY29CTmRITlpYRDhFTWU2N2E1M0NJcU44T0hfMTVIRUVJa0FSRi1sUW9zYWl4RnFXZEE0b1F1M2pyaGtRT25ucnZRcV9aYmxOTzFHallaLWpBUTkwc0V3Z21nR1U2Tnp1b21yXzZuUmJRRmU1c1RlbTZYWHdZWWpnVVdIb090b0lBU2tCRnBjSHNvbThpWU0tNjRjMXhmY0d2c1I0TjcySnlHWUo0Nkt3RkI4MnVB0gHDAUFVX3lxTE9ZaXNUVUV5eWZXUURhQzFFNTQ0ckVURGN5UWFEaTRtS1NxaDlUbGpkN2N1SWw4MmNEbEEtWUVYLUNLeWRXek12RVdFMGtPYmFmVGdrVEFCYU9YVy05WFdSUVpsSmZCeEhHNUV2c1B3MG5hWFJaSzFBZW1vWkVWQklmTGZmalF5aGgyUnBVWXc0UXdYR3NlU3d1d09jekVuaGQzTzJBeVZpaVBMeHlkekUyMEdlWTR0cmlFOEhxX0hyRV9UQQ?oc=5
2eeedb8d74ca8973f080ae9e49548f97,2026-07-19,Surya.co.id,"Sosok Siswi SMP di Lamongan yang Nyambi Kerja di Warung, Kini dapat Rezeki Nomplok dari Ipda Purnomo - Surya.co.id",Ekonomi Umum,I - Penyediaan Akomodasi dan Makan Minum,"Sosok Siswi SMP di Lamongan yang Nyambi Kerja di Warung, Kini dapat Rezeki Nomplok dari Ipda Purnomo Surya.co.id",https://news.google.com/rss/articles/CBMi5AFBVV95cUxNOE9yV1c0ZXlJWmdVSFRvX3NBYWljZFFieGI4OUdmUnpMd0RHcXItVEZ3bkx3d0dpYzhoajJ2NTlFWHFVR0pkd2RzNkdLbFJYUDd1WnRGUG9UeWJnbUM2R3c5ZnZCQUhudFhicmZEUFFvcTBoREFVanhXNlU4T19WTVJod3VKdmIxSGtTVFNJWUtKRUc5VldmQ0gtbkNTRXAzWWR0RDFJR0lhdkU0OWNVSEEtbjNsbS1IN0o0eHpmMjhnQmRpRXVHamZqWEk2MUVkQjFPVUxCeVFPRzdLUjdqeExKYUI?oc=5
d27b7f326c66ef7c9b57f3ebb0142f27,2026-07-19,surabaya.tribunnews.com,"Sosok Siswi SMP di Lamongan yang Nyambi Kerja di Warung, Kini dapat Rezeki Nomplok dari Ipda Purnomo - surabaya.tribunnews.com",Ekonomi Umum,I - Penyediaan Akomodasi dan Makan Minum,"Sosok Siswi SMP di Lamongan yang Nyambi Kerja di Warung, Kini dapat Rezeki Nomplok dari Ipda Purnomo surabaya.tribunnews.com",https://news.google.com/rss/articles/CBMi5AFBVV95cUxNOE9yV1c0ZXlJWmdVSFRvX3NBYWljZFFieGI4OUdmUnpMd0RHcXItVEZ3bkx3d0dpYzhoajJ2NTlFWHFVR0pkd2RzNkdLbFJYUDd1WnRGUG9UeWJnbUM2R3c5ZnZCQUhudFhicmZEUFFvcTBoREFVanhXNlU4T19WTVJod3VKdmIxSGtTVFNJWUtKRUc5VldmQ0gtbkNTRXAzWWR0RDFJR0lhdkU0OWNVSEEtbjNsbS1IN0o0eHpmMjhnQmRpRXVHamZqWEk2MUVkQjFPVUxCeVFPRzdLUjdqeExKYUI?oc=5
24782643ed2137820efc78685ccc0498,2026-07-15,klikjatim.com,"Resmi Dibuka Pak Yes, TMMD ke-129 Ngimbang Fokus Kebut Infrastruktur Pelosok Lamongan - klikjatim.com",Infrastruktur,F - Konstruksi,"Resmi Dibuka Pak Yes, TMMD ke-129 Ngimbang Fokus Kebut Infrastruktur Pelosok Lamongan klikjatim.com",https://news.google.com/rss/articles/CBMiuAFBVV95cUxNaENnUkNOY251Rm1ENVZHaWlXQ21nVW9RcVFKZlNrdE5xZzBackdsZ3BSaWUwTk5NNlI3U29FMFJDeENwaGVhclVYMHQxU3lJS2RubDhQa2FFQ3V3RjJ6eTE0S0lleFhWZmltakRxRXFUVEVCckk1TmtsOFRnTlpyTmYyMXZtczRwZ0ZfQmh3UFVwQXVyc1ZNeDk3b1N0MDJ6QWxFMUstUnJrNzZZMl9PbktsMEl5ZFEw0gG-AUFVX3lxTE1FN25UVzdQVzVaT291WmlhSkc2cHBZdzFuM3d2eUFQbWctNm9yLW9Yd09pOVhfa2NsUGlocUVXZFNkUWtfZE9qVjJtSElaazRBUmRxUHVON3VnOUlNMlhieUduZE96bU9Vcl9ia3BIZHVGeFhUd2g3aE9YUDV3TTZZX3hLSjZrYWpiVTZpSGhMa0ZOSkpFYURTRThHYzJDQ1MxYTNJRmNMbXJydXBPMW1iUjBfZ0JKamFUbmFrMUE?oc=5
e033a565c5f5c548daf4832542b2f919,2026-07-15,Antara News jatim,Pemkab Lamongan-Bea Cukai amankan 3.040 batang rokok ilegal - Antara News jatim,Ekonomi Umum,"O - Administrasi Pemerintahan, Pertahanan dan Jaminan Sosial Wajib",Pemkab Lamongan-Bea Cukai amankan 3.040 batang rokok ilegal Antara News jatim,https://news.google.com/rss/articles/CBMipAFBVV95cUxOTVlJekVrQ2FEZGVRbGRHQWJ3UHE2ZXBuR290TWVmSkJKMGIxdTV2bEkxbEM1S3VSMFNkVXNWeXZGclVKc0Y4bElCRDlGdVFmc1ZkMlJQaUR5emM0bm9FQjRrN2tuSjJ1RnBrdm9LWTV0dXFjRHVwa1JLLUdpMDVWU2FqaWVmMlJ2QnhEdUt5YmpydElSUGYtVlhzNHh1UHRqb2ZWWdIBqgFBVV95cUxPUTg2anV5WmY3N1FvdDBGQ2hYOXNoMUdVLWN6d2VEZnNXajQzdVNfZ2ViRlBVYVBNMk1ncEtXcFF5ZGZVcE5QSld4Nm1nWVRIS3dEUXhLSUJJYTNzYWdqaGYtQVEtbkNWYkEtRTBxOS1ENXNTb2FXdVdBNl82VHNCR0VMWHRSVmZYNjQ0WG1yU2FkTkxoZ0k0N3ZWc2N1aTBqYWpmRWVzbWRyQQ?oc=5
89771577e88a00daf24518767de54e07,2026-07-15,Surya.co.id,Bupati Lamongan Usulkan Proyek Strategis ke Bappenas demi Percepatan Ekonomi - Surya.co.id,Ekonomi Umum,F - Konstruksi,Bupati Lamongan Usulkan Proyek Strategis ke Bappenas demi Percepatan Ekonomi Surya.co.id,https://news.google.com/rss/articles/CBMixgFBVV95cUxNZnl4amM4OFJqODhWMllLR2E1R3I4RTBUank0V1l5THp1ME5pcXJ2QW5WT2FObXVTMktaQ2o3a01JdG9KYVpuNkVUaEE0eFFFbzBZYzNLcU9CUGFrYm5qNWpNV0NNdlB5a0ZpaHVYVUJsMEFidkRxNGJyNUZOU0tJVUZFTWhvdzJZYlZsUU56T3ZLNDVDczJ6SVZVRFZpblVBUW45ZVE3T1JCaDJFNDZfS0x5emFESkRPRzFZTnVjdzNleVhqQVE?oc=5
d3eb754f47d83b4eed7c85d0a88fa2c5,2026-07-15,surabaya.tribunnews.com,Bupati Lamongan Usulkan Proyek Strategis ke Bappenas demi Percepatan Ekonomi - surabaya.tribunnews.com,Ekonomi Umum,F - Konstruksi,Bupati Lamongan Usulkan Proyek Strategis ke Bappenas demi Percepatan Ekonomi surabaya.tribunnews.com,https://news.google.com/rss/articles/CBMixgFBVV95cUxNZnl4amM4OFJqODhWMllLR2E1R3I4RTBUank0V1l5THp1ME5pcXJ2QW5WT2FObXVTMktaQ2o3a01JdG9KYVpuNkVUaEE0eFFFbzBZYzNLcU9CUGFrYm5qNWpNV0NNdlB5a0ZpaHVYVUJsMEFidkRxNGJyNUZOU0tJVUZFTWhvdzJZYlZsUU56T3ZLNDVDczJ6SVZVRFZpblVBUW45ZVE3T1JCaDJFNDZfS0x5emFESkRPRzFZTnVjdzNleVhqQVE?oc=5
8d42d13f866392e080e47f0951052385,2026-07-10,beritajatim.com,Infrastruktur Masih Jadi Prioritas dalam Rancangan KUA-PPAS 2027 Lamongan - beritajatim.com,Infrastruktur,F - Konstruksi,Infrastruktur Masih Jadi Prioritas dalam Rancangan KUA-PPAS 2027 Lamongan beritajatim.com,https://news.google.com/rss/articles/CBMingFBVV95cUxOSGFiV2hta1pnZF9sOEVnWXNTejljSmotdDBxMS1FeUVkTl91cHFEeXRhYkxDN1JfcVlLc3pGeWd2SV9nLTV0ZlZGWmxiRE1nMUhfWVZHbEhrQWR3LXAwQVNmYTFFYlhzXzhIRkVaYzdleVVQcEhOVnRNWEtqUmE2MDQ1RFFBbXA3X3hwcXFCd0oxN054Y1FidW5iSXUtdw?oc=5
a998bd5b6ee9d4630db24b4bd9acbf5c,2026-07-09,TIMES Indonesia,Menuju Lamongan Megilan 2027: Fokus pada Infrastruktur dan Ekonomi Strategis - TIMES Indonesia,Infrastruktur,F - Konstruksi,Menuju Lamongan Megilan 2027: Fokus pada Infrastruktur dan Ekonomi Strategis TIMES Indonesia,https://news.google.com/rss/articles/CBMixwFBVV95cUxOc25PUlJuSmFuTGR1OXRPTUdTb2R6WVliQ1Q5ek1OZWt4S19SUHhFYnh6YVZqVEFPOGR2bi1MYmJuWFRRR2lXTUQ2NkJaM24wMmhoeGtUbkdBME1kYzk4R1NyV3lPX3IwUjJ2NnhfMGZnMDYyajd2Vk9ELWJzZDBLMDZMSXl2akVEcm50eVRSLTNlOWNjLURrczhVdUxZb0hWaDFDR0tZa3dvbEZCdmxXbl9kVENHM3ZDMUJLNDRfVTV0NFdQeHJz?oc=5
0dcbe27a822a04f920e4a1b566dfc2b8,2026-07-09,Memorandum.co.id,"Pemkab Lamongan Sampaikan KUA-PPAS 2027, Target Ekonomi Tumbuh 5,50% - memorandum.disway.id - Memorandum.co.id",Ekonomi Umum,"O - Administrasi Pemerintahan, Pertahanan dan Jaminan Sosial Wajib","Pemkab Lamongan Sampaikan KUA-PPAS 2027, Target Ekonomi Tumbuh 5,50% - memorandum.disway.id Memorandum.co.id",https://news.google.com/rss/articles/CBMitgFBVV95cUxObmVLa0MyLUU4QWY5cVk4Q0tvcWR3MkZKQ1BvY3B2dE9xNDFSWHZUTzk0dmwxbW55RTBRaHVpSGl5N1FnS1NwSWRVTVFaYm44LWdJRDlYdWZzZWZvY3NQU3JKcDNOS1Z3OVFkcFN0QkdTWno2SGVHYVZsRWtTaXRjNngtTS1HVXptdUFEaEl6dHI1MmNOM1pVNnZMLTQxU1podks3Tmw1a1daR0JHVm1fTUNPcnU3d9IBqAFBVV95cUxPV2N4UWJIR0RBOXFwcGRCcXRrbndrbktwdmEyeWJ5VmE5T3ZlV2pFWkpENjJfbmJlaXYzVXZrSzF0LVhGMzdSVy1mRmJfTFlsaHNnamlxTm1YUjBBdkJJX2VjN1JKenhQWkpVVlhYWkZaQy14YWlKV21faXF6bEV0WC1CR3dnakFQaXhWbV9VeVpKMU93NlcySExXUjBqY0djeUFXSHlRZ0c?oc=5
316868d02dfd6c1a095f5878962f9771,2026-07-09,jatimnow.com,"KUA-PPAS 2027, Pemkab Lamongan Kejar Target Peningkatan Indeks Multi-Sektor - jatimnow.com",Ekonomi Umum,"O - Administrasi Pemerintahan, Pertahanan dan Jaminan Sosial Wajib","KUA-PPAS 2027, Pemkab Lamongan Kejar Target Peningkatan Indeks Multi-Sektor jatimnow.com",https://news.google.com/rss/articles/CBMipwFBVV95cUxQS2pDUnZjZ1o1dTg0RVZCbVdhQzNXNy1UQWRRR1NELWlONzk3Z0Jzak1vV3BvZ3pXeVJOcUJmVUlFVjFEeXFRTEE4dURoWTV1VDQ3WDhRd1hVMmZQUDBja3pvQ3NDOTQwQkQySnp0XzNLbFlsVGxhLXVzUHlISTZtMTNoX1ZMSjJVb2VNeHlfX3NtWXNJMmpTdFAzMjBoOHk1ZF92cEphVdIBrAFBVV95cUxQcWtnRm8xeGo3MWI3NUxPRWg5WTJqempGdXh5SmtPT1NyTTZMQlZNUXVXdHlNZG5UR0VaeVpVZC00cF9HNTZlRVdIMFNfQ3Jrd3c2WmpWcTJLRjdrb1dRaFptNVAtbkg0TG1zWE9tbHUzSTdtOVRHRWhnOEI2UGNPS1BEM25wMXNiVGJVRGdLMXk3OE9hTEtkdk1XcVhJLXl0aXEzZ2xDVWt5aHRL?oc=5
f869d003346e8413edad0a743e053460,2026-07-09,DPD PDI Perjuangan Jawa Timur,"2027, Pemkab Lamongan Fokus Pemerataan Infrastruktur Dasar - DPD PDI Perjuangan Jawa Timur",Infrastruktur,F - Konstruksi,"2027, Pemkab Lamongan Fokus Pemerataan Infrastruktur Dasar DPD PDI Perjuangan Jawa Timur",https://news.google.com/rss/articles/CBMilAFBVV95cUxQemVDNWR0QW1uZUV0ZUJ0WnN6RkFHaHltTmlpOHhTSE1Zb0o3NzJzR2dzSGttSF8yV0NsZm9YVjFQdVdhSVc2T1VsVi1ja3ozcFdhN0dwZWpSNmxxNm1URGJYbmJ3eUZYVXNKaW1jV0FWajFKYmJfSkh4cnhoVE1jb1I1VWNySm1Xd2lvb2Z1aWh5TEhf?oc=5
21b3df3f77a8529a355f3db8e62854fb,2026-07-08,Databoks,"PDRB Kabupaten Lamongan 2025: Rp56,11 Triliun, Tumbuh 5,4 Persen - Databoks",Ekonomi Daerah,Belum Teridentifikasi,"PDRB Kabupaten Lamongan 2025: Rp56,11 Triliun, Tumbuh 5,4 Persen Databoks",https://news.google.com/rss/articles/CBMiugFBVV95cUxNbWk2MEtOaTVQLTFDT3JqLXFtNmdSQmpyekFjVnpTM0tQcVJHVzNIVm9vMGxYMUQzT3BQa19hZkRqRWk4OUdpYzJWYXEyQk9ER2ZjQXh0ZUFURE5TUTVwdjA5b1pfdU5NU3Y5Rl9OTUNTNjhxOERhcmluZlZvSklEVDEyN1FrbzNMeGxYVG8wazFVeDFKTGU3R3hySkZ2Unh6UV9tZVFNeXhtZ0VZLXVtUWxRc3pQZ1A1WkE?oc=5
f4a056b7349deed9ffd55914f4d5049f,2026-07-06,TIMES Indonesia,Nasabah Klarifikasi Hilangnya Saldo Bukan Akibat Layanan maupun Sistem Bank Jatim Cabang Lamongan - TIMES Indonesia,Keuangan,K - Jasa Keuangan dan Asuransi,Nasabah Klarifikasi Hilangnya Saldo Bukan Akibat Layanan maupun Sistem Bank Jatim Cabang Lamongan TIMES Indonesia,https://news.google.com/rss/articles/CBMi2AFBVV95cUxQcTVYRkVGVEtjWDV1VXNXdTVMX1NGOVpydU5tRUdLUmJybF95N29FejdPYVJJMi0zVFdWVUNxUmQtcl93YTJSRUhPc0lmc3Y0VV9MQVVGcnItQ0NmTGN3OVFPMnVVMjdPYnNhNTE5MWZfQ2ktQjVjMTR0dnhQWjRrTlUzWmd1V3lFWjcyVkYtUDV2clhERGtXbjUwY3NMNGV0enFBMnh6S1FYNEkyVnJFRkhER0lsU3F0MHJtN242SkEwc1ZDMUFPVjZlVTdyWE5salFJOS1YYzE?oc=5
441de93127283f5fc038a43b2371b8fa,2026-07-03,Antara News jatim,Pemkab Lamongan catat 65 persen ruas jalan dalam kondisi baik - Antara News jatim,Infrastruktur,F - Konstruksi,Pemkab Lamongan catat 65 persen ruas jalan dalam kondisi baik Antara News jatim,https://news.google.com/rss/articles/CBMiqAFBVV95cUxOY01oYlBTRklOSXNfRUU4MS1ta0dQcG1aMUM4STAyb0hMdHNDV0ZCTW5tOGg4MkZKbVBFNndVY2tSb1NnUGZrejFzM2VUSjROMlhEOVBzc0FHVk1XekduVi01N19xd1JYTXpJSmVYRmxMMVR2VlhobGozSm9aaGVrQjB5Tmo5YUZOaXJCbkZ0YWpGYWRZbUFFNm5TclhwZ042aFlGeUdaQ1bSAa4BQVVfeXFMTmVBOUYwQm5xQ0doQ1RoSE1oY2xyeFNQMnZTOW1uS1BtSlJJUXc1c3VwdlV6RUgwbnpGVmlCQWlyNmNZM2s5TzBlZlpESVJucGVJbklDazh1OHJuTUF5aTh0WnY3Uml5azdJY0l4d241OWx1azJqQ3JoVEtpMEk4RnZreHRydnBiSnRGZ0NDSGdJQ21vcmlYb19zb05fLXlOdHRkUVNDeUFIRS00emVB?oc=5
116529314b080625a718dc006cd728f0,2026-06-30,klikjatim.com,"Perkuat Ketahanan Pangan, Pemkab Lamongan Optimalkan Pekarangan - klikjatim.com",Ekonomi Umum,"O - Administrasi Pemerintahan, Pertahanan dan Jaminan Sosial Wajib","Perkuat Ketahanan Pangan, Pemkab Lamongan Optimalkan Pekarangan klikjatim.com",https://news.google.com/rss/articles/CBMimwFBVV95cUxPWEZJZnpod1dEaXM4TldoZTVNT25WaWpEenhVTkM5OU8xT084YUNNazl2QUxCS3Z4MEhCMXpIcWFPZ000ZVNBMTdvZTJ1c1dRd3E1WExSUzFxNnhmQXFzRTk5NF9VSnJqY2JwaWd0S1NfbmNXWkptRVczNXc3Y19xZXlJU0RlMTZtSU1uOXQtcmN4SE9rdXhuTHBta9IBoAFBVV95cUxOMExwZHRUUUtxaTUtX012cFlBMkt4TzIxYjYwQ0hpVnh2X3AtRkJxc3hhVDlsdHhGZG45YXBJUTItWGI5S2dfbFhWRHpMYkItbVgxRUstMk43MEdsRzRMM3lDLVZWa0hscHU4YzZHLUpFZkVOSDZuc0NxUExrdGRSQWJkUTBGV3llRTEydE42SkNCQ29rZ1hoQnhEVmE5cXc2?oc=5
d2d0556f5a1bbbb3ee839fbf8fe7435d,2026-06-26,Surya.co.id,"Japfa Hadirkan i Sentra Lamongan, Siapkan Kawasan Industri Masa Depan di Lamongan - Surya.co.id",Industri,C - Industri Pengolahan,"Japfa Hadirkan i Sentra Lamongan, Siapkan Kawasan Industri Masa Depan di Lamongan Surya.co.id",https://news.google.com/rss/articles/CBMiywFBVV95cUxNd1lKeDlRQUg2Y3ZuTTFmU2F0emI3U19LM0s5ek5SNGxXbjVZTjZCc1Bvd2R2OU0tN2FMVlJacGZueEdvV25UWld1ZEdNTHdjZ0dDemdCd1RaOUhOZnlINXpTVzEtRkdHYklMTXl6bEg0Y2ZYZkxFaFBtMjFkalZtQm41MGFTcHU4R25rUG9lOXlOM1RVYkUxT3d0eHpfSVlaaWhfcExjRTYwRmlLdm0xMEVfU1JvSndBRTJuWk1TZl90VnItcmVKeEtzcw?oc=5
4edd7f5aac1856f3e599fc30ba942746,2026-06-26,surabaya.tribunnews.com,"Japfa Hadirkan i Sentra Lamongan, Siapkan Kawasan Industri Masa Depan di Lamongan - surabaya.tribunnews.com",Industri,C - Industri Pengolahan,"Japfa Hadirkan i Sentra Lamongan, Siapkan Kawasan Industri Masa Depan di Lamongan surabaya.tribunnews.com",https://news.google.com/rss/articles/CBMiywFBVV95cUxNd1lKeDlRQUg2Y3ZuTTFmU2F0emI3U19LM0s5ek5SNGxXbjVZTjZCc1Bvd2R2OU0tN2FMVlJacGZueEdvV25UWld1ZEdNTHdjZ0dDemdCd1RaOUhOZnlINXpTVzEtRkdHYklMTXl6bEg0Y2ZYZkxFaFBtMjFkalZtQm41MGFTcHU4R25rUG9lOXlOM1RVYkUxT3d0eHpfSVlaaWhfcExjRTYwRmlLdm0xMEVfU1JvSndBRTJuWk1TZl90VnItcmVKeEtzcw?oc=5
b3c961a1eba2f832e832ada79e28b727,2026-06-25,beritajatim.com,i-Sentra @Lamongan Tawarkan Perizinan Terpadu dan KLIK untuk Percepat Investasi Industri - beritajatim.com,Industri,C - Industri Pengolahan,i-Sentra @Lamongan Tawarkan Perizinan Terpadu dan KLIK untuk Percepat Investasi Industri beritajatim.com,https://news.google.com/rss/articles/CBMisAFBVV95cUxPRzVjdlBjenBYQUJCUV9zTnBEb1RqNmluUVlkdzZ6MnlyaFl1d1dBUmwwZGNaNDBucndkbWFjVUpVTFBtMDRfekZMejBUazhGUXJMT3kxUTFDTGt1UmFHREJaUXRzeENuOWJmVi1RZDNSdHg4RHZfWFVhR2FiUGxtVERLeDlSOWJ5ZmpHNHVEdHlzRHlxbkI5TFFqbV9uZTN3Q1VpOVJaTWI2SE9mVHA5ZA?oc=5
70cd4fa4615853887bfc6b96d756e243,2026-06-22,Antara News jatim,Bupati Lamongan siapkan peta jalan penguatan fiskal daerah - Antara News jatim,Infrastruktur,F - Konstruksi,Bupati Lamongan siapkan peta jalan penguatan fiskal daerah Antara News jatim,https://news.google.com/rss/articles/CBMipAFBVV95cUxOWW82NXpIaGFVd2xOV01XOGQwUXhqUTd3c09xel9xWl9KeW1Ob2lJT01qZ3poU3g4RVZCSU9Zc0ZkeE1QU21ORXZTV1h6aEEyX0kteHdibzlpYnBTTkg5a1hGY0hXdE9IWnBkbUlndUJORjZ4N3FadHVRWEluNFJYUHVwTUd0UUFmVzJpRXdqTF9EZlMyd1NuUnFodWttTmRHcWxGU9IBqgFBVV95cUxQNVJSZnMxckJYS2xQemJkS29vaTlXcUNwa1dibnY2SDk1c0tocjY5c3hYb1pmZm5OY3lDcmJScWdiTXFVR1RZZDNjXzdmQmdNRG5xRGtMVWJpZGtUTkVjbC0xaVVBbEU2ZHFHUmI4di1WZlg1cnU3elVRV0VKd0J4Yno5aVRmMHJQZXRqU21VVHM3a2F1WHBoU0NqNl9wdlB6aEJRMjNkTnNnZw?oc=5
fa20557ce3a89c52adfbfde2c9d34147,2026-06-18,Radar Lamongan,Sebanyak 36 Ribu Petani Tembakau dan Pekerja Rentan di Lamongan Dikaver Bantuan BPJS Ketenagakerjaan - Radar Lamongan,Pertanian,"A - Pertanian, Kehutanan, dan Perikanan",Sebanyak 36 Ribu Petani Tembakau dan Pekerja Rentan di Lamongan Dikaver Bantuan BPJS Ketenagakerjaan Radar Lamongan,https://news.google.com/rss/articles/CBMi6gFBVV95cUxNejlMTHB1RTRDdDFaM0lwQnN1TzhjbmdjSXhjNk1jeGdHcjlNa0JkMndnbmdwSXZVTVlXMV9LMHFtUWJDd1BGYTNuX0NwM1RPRExmQVRWbExvMnNCcG1EN2NKbUtxaU1WV2UzOExlWjg2ZUVubzgtTzNKWDJpNlh1SVFlcE51aE5oV0lRcHZObDI5Y1ZHYk9EaUxLbVI1NncteHZqaXJGbzlaQkZHRTdLMjJKWm1xOUZ2VmViaHdhcDZubnJvN2V3XzNDU3otSGJHalJFUy1LM0hjdnI2NE5HTUhXcy1uTml4SGfSAe8BQVVfeXFMTnVZN1NoVk81VVljVV9acXg5U0phLUFFb2JNLXlIWG80WTFxUjZsYjdqczRmX0N5OC1YMDYtNlpSM0txVktPZ0t5QWdXaTBWSFhxc3VHOHdBTF9KUW80cllaWUIxNWREVk9CVEZPVWphenZ3c2xHaE5LcTUzMk9rb3pwQmtSRmdGZGxfT2ZFd2NCdzZCTkZkN0ZrU0tfUTYxblRJbklLN2lCTVJ3Y2VEam9UbV9ZV1F3TFZ2T2xaRTc2WjhKN2ZsRDFqRzVjX2MyY1JjSDNxSGlKamVXRmxMVVV0aTNBU183ZmdoN2laUUU?oc=5
f57c7cf6b28f260ced6c70ed2e816ec5,2026-06-18,klikjatim.com,"Kejar Swasembada Gula, Lamongan Dapat Kuota Bongkar Ratoon Tebu 1.385 Hektar di Tahun 2026 - klikjatim.com",Pertanian,"A - Pertanian, Kehutanan, dan Perikanan","Kejar Swasembada Gula, Lamongan Dapat Kuota Bongkar Ratoon Tebu 1.385 Hektar di Tahun 2026 klikjatim.com",https://news.google.com/rss/articles/CBMivgFBVV95cUxOZkxRMnlsZDBNUXZUeEM2ckp5bXl2NkZvWWFMeURtTWJUdVp0Mk0xM0g2ZVZLeXZSOXkya0U0QzJib3FBSHBhU05JVUVIdU8yekFjdHdxSFE1eThycjFKQ2pOZWpmeWNEckVRempraEZYVkVjOGNPaFMwaW1zQ1VIZER5Q1JNamhzVDZtQVNleTNHZDFFN2JITlVuZ0NpVkdjZjFfRDB0TEZMN1N0VGRsYUVfb3JteDg2QmVuX2xn0gHDAUFVX3lxTE51XzlRc2xJc3VmQWVVam83cG5FMEF5TjBJQnY5SWhwSW9KVzV0U29nbGFUanBtRG9UeU1GdmZyeHVBeVBraHZwbHNOS25yOERQODEtd1FVVzhzWFJTOXFlYlNISFY4MGx6ckY4LUdaN3RhSDFidmN2QngxVUlPc1FYSm1rLUdKSzlVSFZGc0h3aF83LTNRRnpReWkxdG5ab0VIZ0x4cENUYnVoajVqdGZOSGlMM0d6ejZJU3pKTXNOVUNDOA?oc=5
b673666026401392eef96df02b427d4d,2026-06-18,radarlamongan.jawapos.com,Sebanyak 36 Ribu Petani Tembakau dan Pekerja Rentan di Lamongan Dikaver Bantuan BPJS Ketenagakerjaan - radarlamongan.jawapos.com,Pertanian,"A - Pertanian, Kehutanan, dan Perikanan",Sebanyak 36 Ribu Petani Tembakau dan Pekerja Rentan di Lamongan Dikaver Bantuan BPJS Ketenagakerjaan radarlamongan.jawapos.com,https://news.google.com/rss/articles/CBMi6gFBVV95cUxNejlMTHB1RTRDdDFaM0lwQnN1TzhjbmdjSXhjNk1jeGdHcjlNa0JkMndnbmdwSXZVTVlXMV9LMHFtUWJDd1BGYTNuX0NwM1RPRExmQVRWbExvMnNCcG1EN2NKbUtxaU1WV2UzOExlWjg2ZUVubzgtTzNKWDJpNlh1SVFlcE51aE5oV0lRcHZObDI5Y1ZHYk9EaUxLbVI1NncteHZqaXJGbzlaQkZHRTdLMjJKWm1xOUZ2VmViaHdhcDZubnJvN2V3XzNDU3otSGJHalJFUy1LM0hjdnI2NE5HTUhXcy1uTml4SGfSAe8BQVVfeXFMTnVZN1NoVk81VVljVV9acXg5U0phLUFFb2JNLXlIWG80WTFxUjZsYjdqczRmX0N5OC1YMDYtNlpSM0txVktPZ0t5QWdXaTBWSFhxc3VHOHdBTF9KUW80cllaWUIxNWREVk9CVEZPVWphenZ3c2xHaE5LcTUzMk9rb3pwQmtSRmdGZGxfT2ZFd2NCdzZCTkZkN0ZrU0tfUTYxblRJbklLN2lCTVJ3Y2VEam9UbV9ZV1F3TFZ2T2xaRTc2WjhKN2ZsRDFqRzVjX2MyY1JjSDNxSGlKamVXRmxMVVV0aTNBU183ZmdoN2laUUU?oc=5
9b7d89e378450cea58e511c76274fe7d,2026-06-16,Radar Lamongan,Sinergi Bupati Yes - BPS Lamongan: Sukseskan Sensus Ekonomi demi Potret Detail Sektor Potensial Ekonomi Daerah - Radar Lamongan,Ekonomi Daerah,"O - Administrasi Pemerintahan, Pertahanan dan Jaminan Sosial Wajib",Sinergi Bupati Yes - BPS Lamongan: Sukseskan Sensus Ekonomi demi Potret Detail Sektor Potensial Ekonomi Daerah Radar Lamongan,https://news.google.com/rss/articles/CBMi-AFBVV95cUxQcF9jSjNOaEg1RkVNR3BBcnpIQzlra2FTRzN4MmxCejJyQmZTWldLazNVbWZMRFpIbTFkWWlmdkJHcURLdXZzNFl6S29kS1g3cE9LZG9ScVhxRXl6NG9namNIUE9MV1ByVlBhRThqWERPcGFfZUc0ZGtrQVVoWG1HWnVQV3ZXWDdYajlPTERNSmR3MUtZa1VlVS1uV3BfTFoxNXFUdUZYdGV0aTNlWGFrZEhXalNLT1lsLWEwYWp4bnJFSXRqZ2Y1dnB5NWloUXhZeE5KVGY4TjBfaTFvazAtQVFIb2REWFVVREVSZGlDdG1ySHk1bHdtTdIB_gFBVV95cUxONGdHakU0OEtEV0M3bFFMQzh4LTFYblB4dnZ2dDhRTW5BSXVoVmVjcXgtMlNvWmN5aTREOVd3SE1XWmdjcldjZVE3RWVFVDBsc1FTWjE4ZjZlaVE2aXpaUm9GMGEyZXBRN2xKdDB2Z3ZaWmJvR1FjeXc4dml3SXlSaXlvaFRPNWN0VmN0UHBrQmIwOC1QbWtoZ2toZVdfY2h5bk5uWGhSZ0h0MXI4VWQzcmU0N0swT01IOGU5ZGViR1daWk5wXzBBeGxwcXk5Tk5yZFBNUHFvS1hBTWwzN0REYmc1Zko3aS1kTktQRUFVbGNmdXdXYkR4VHJSZjJRUQ?oc=5
a368743bbefbf84bb70ce63a94fce789,2026-06-16,Lentera.co,Pertumbuhan Ekonomi Kabupaten Lamongan Tertinggi ke-2 di Jatim - Lentera.co,Ekonomi Daerah,Belum Teridentifikasi,Pertumbuhan Ekonomi Kabupaten Lamongan Tertinggi ke-2 di Jatim Lentera.co,https://news.google.com/rss/articles/CBMinwFBVV95cUxQaEhLSTBHa1RDQ0w1OW80TC00TVdBVlExcGtybGNwRFJtcXlSekJ5NTk5RlZYb1lZMFBVV0lUU3ZtSW0xY0tmNGxiYmVQVGJFVG01UURwMU95N3RGQlpWb2lkd1BjZDN3bmNpU3VjY0hmWGdUZkZ4ZHFyQTdoWWV1TDFBOG9JZVlUVGRYQ280SUlMQzRiSVFTeWQ4YkR0ZU0?oc=5
6c858e24798092ffdcee1ca15891be27,2026-06-16,Radar Bangsa,"Lamongan Catat Lonjakan Ekonomi, Bupati Minta Sensus 2026 Akurat - Radar Bangsa",Ekonomi Umum,"O - Administrasi Pemerintahan, Pertahanan dan Jaminan Sosial Wajib","Lamongan Catat Lonjakan Ekonomi, Bupati Minta Sensus 2026 Akurat Radar Bangsa",https://news.google.com/rss/articles/CBMilAFBVV95cUxPcFl3Qi1OUDZUYk41d2NLN3hOX3pCNVNGRnlmNktfSElUVVhlNFVqWm1IM2Y4UXNFSWxVUll0eW1FM0JLMkZNQmk3YjR2d0xFdU5OOTFhZUFNVl90Z2puTWU3eHZWUEQ3bGIwTl9wdUZuSVdob2NrTEVoMzZUNVJlUGcwUkdaYWJPWjU5YVNtZXctY3pq?oc=5
71c4363d0d7dbfa7719fa574a438e641,2026-06-16,radarlamongan.jawapos.com,Sinergi Bupati Yes - BPS Lamongan: Sukseskan Sensus Ekonomi demi Potret Detail Sektor Potensial Ekonomi Daerah - radarlamongan.jawapos.com,Ekonomi Daerah,"O - Administrasi Pemerintahan, Pertahanan dan Jaminan Sosial Wajib",Sinergi Bupati Yes - BPS Lamongan: Sukseskan Sensus Ekonomi demi Potret Detail Sektor Potensial Ekonomi Daerah radarlamongan.jawapos.com,https://news.google.com/rss/articles/CBMi-AFBVV95cUxQcF9jSjNOaEg1RkVNR3BBcnpIQzlra2FTRzN4MmxCejJyQmZTWldLazNVbWZMRFpIbTFkWWlmdkJHcURLdXZzNFl6S29kS1g3cE9LZG9ScVhxRXl6NG9namNIUE9MV1ByVlBhRThqWERPcGFfZUc0ZGtrQVVoWG1HWnVQV3ZXWDdYajlPTERNSmR3MUtZa1VlVS1uV3BfTFoxNXFUdUZYdGV0aTNlWGFrZEhXalNLT1lsLWEwYWp4bnJFSXRqZ2Y1dnB5NWloUXhZeE5KVGY4TjBfaTFvazAtQVFIb2REWFVVREVSZGlDdG1ySHk1bHdtTdIB_gFBVV95cUxONGdHakU0OEtEV0M3bFFMQzh4LTFYblB4dnZ2dDhRTW5BSXVoVmVjcXgtMlNvWmN5aTREOVd3SE1XWmdjcldjZVE3RWVFVDBsc1FTWjE4ZjZlaVE2aXpaUm9GMGEyZXBRN2xKdDB2Z3ZaWmJvR1FjeXc4dml3SXlSaXlvaFRPNWN0VmN0UHBrQmIwOC1QbWtoZ2toZVdfY2h5bk5uWGhSZ0h0MXI4VWQzcmU0N0swT01IOGU5ZGViR1daWk5wXzBBeGxwcXk5Tk5yZFBNUHFvS1hBTWwzN0REYmc1Zko3aS1kTktQRUFVbGNmdXdXYkR4VHJSZjJRUQ?oc=5
43a4aaa69e339b810722e413629b0e39,2026-06-16,radarbangsa.co.id,"Lamongan Catat Lonjakan Ekonomi, Bupati Minta Sensus 2026 Akurat - radarbangsa.co.id",Ekonomi Umum,"O - Administrasi Pemerintahan, Pertahanan dan Jaminan Sosial Wajib","Lamongan Catat Lonjakan Ekonomi, Bupati Minta Sensus 2026 Akurat radarbangsa.co.id",https://news.google.com/rss/articles/CBMilAFBVV95cUxPcFl3Qi1OUDZUYk41d2NLN3hOX3pCNVNGRnlmNktfSElUVVhlNFVqWm1IM2Y4UXNFSWxVUll0eW1FM0JLMkZNQmk3YjR2d0xFdU5OOTFhZUFNVl90Z2puTWU3eHZWUEQ3bGIwTl9wdUZuSVdob2NrTEVoMzZUNVJlUGcwUkdaYWJPWjU5YVNtZXctY3pq?oc=5
29b99e2de327313f7227cdb592391db3,2026-06-16,radarbangsa.co.id,"Ekonomi Lamongan Tumbuh 10,79 Persen, Sensus 2026 Digeber - radarbangsa.co.id",Ekonomi Daerah,Belum Teridentifikasi,"Ekonomi Lamongan Tumbuh 10,79 Persen, Sensus 2026 Digeber radarbangsa.co.id",https://news.google.com/rss/articles/CBMiigFBVV95cUxQR0ZGRldTUjdiYUw1SlN5V2NPbWlQOENXeHdsVTcwZk9RT2hwclRUTjY5RllPZGN1WC1HZ21fQjN4MnpfTDlYdXhMUXJFeUJ6V2UxRy11bl9TS0VvaVJRcWFYTzM4QWw4VVdSRFlDQ1I4dFNFb1lod1BwX0ZmMkNFWGZhMzdCUnFmYUE?oc=5
44711a3e9e95525157d07bc20f0af161,2026-06-16,Radar Bangsa,"Ekonomi Lamongan Tumbuh 10,79 Persen, Sensus 2026 Digeber - Radar Bangsa",Ekonomi Daerah,Belum Teridentifikasi,"Ekonomi Lamongan Tumbuh 10,79 Persen, Sensus 2026 Digeber Radar Bangsa",https://news.google.com/rss/articles/CBMiigFBVV95cUxQR0ZGRldTUjdiYUw1SlN5V2NPbWlQOENXeHdsVTcwZk9RT2hwclRUTjY5RllPZGN1WC1HZ21fQjN4MnpfTDlYdXhMUXJFeUJ6V2UxRy11bl9TS0VvaVJRcWFYTzM4QWw4VVdSRFlDQ1I4dFNFb1lod1BwX0ZmMkNFWGZhMzdCUnFmYUE?oc=5
59e15e89b739700106990888c84cc63d,2026-06-15,klikjatim.com,Pemkab Lamongan Alihfungsikan Eks RS Covid Jadi Puskesmas Modern - klikjatim.com,Ekonomi Umum,"O - Administrasi Pemerintahan, Pertahanan dan Jaminan Sosial Wajib",Pemkab Lamongan Alihfungsikan Eks RS Covid Jadi Puskesmas Modern klikjatim.com,https://news.google.com/rss/articles/CBMingFBVV95cUxPVkZnXzk3TGRXRUVJcDRjYTN0SC1UOUFjRENUVFRYVUtRYVhEYzFPbEFuOTdKZzU3ZGJVSUJfZGczT3ZxVmlFVUZmOFlaQWMtdWw1ekFCa0Z5VUlDVzdaMm9wR3BxUFh4SGMwa3l0VVJ6WXhJSTRZcmpiM0RPNy1WZnNyYlNRaDVuaGxNSlloRFZvN2lUQU84aXFucjNiQdIBowFBVV95cUxOeGc3R2h2OGpTN0pvTVlaTXJJWFlpQV9EaDRfWHdiUTQxelR6Tmk0X0ZhZGZMWGY2eEd5ejRXck9YOG5tTVNvNGNlOFIyMWJKek9odTUzQl9vSXZld0pWUUJjTDhlc29mWVNaMUpFRzVuR0xJbktHdW5VT0xyOVd3bGNoR0czOHRFdnlzWEJmcUxTeTlLTnJxREZrcDYxc3paU2Jn?oc=5
6c9557e9fd387de98c194cc0c7a81ee3,2026-06-15,Antara News jatim,Bupati Lamongan ajak masyarakat dukung Sensus Ekonomi 2026 - Antara News jatim,Ekonomi Umum,"O - Administrasi Pemerintahan, Pertahanan dan Jaminan Sosial Wajib",Bupati Lamongan ajak masyarakat dukung Sensus Ekonomi 2026 Antara News jatim,https://news.google.com/rss/articles/CBMipAFBVV95cUxONTR5Ynh6M09ldURpTXBiMW9wQzVXVUZ4aUN4UHZoR0Ywc1FvVlpBaGw0RVd0S2Z6LWprSGgxel9lbXVYUTAxd1NCdlNGZjg4aUt4QU0zanUwUkJzTGUyY2xtejk4YUJHSnlqVEJkell1ZnZOTUxVOHhRaV9hTEdsY2J3NHdLV0psSVVhUzcweTZwZ09jVVJoYlRFajlqZHlPOUJCc9IBqgFBVV95cUxNaVF6RlRzQmptbzZlV0Q2NjRVMHRsaWlnNDAtb1NfTzkxTjdDNFlUSFNHRnM5a1dXQndMYzFpZFVucENQRTg0RDl0RG81Z0hSaERCZXdiQjd5YUstS0ktenFjc3RlOGRIakhKa0Vra2g3WXFUZjg4S0J6M1RNOUQwUTlOSW1yZHBfM2dkOXlMNi1KSi1UbUhnTHJSNmFJenpQa1pQY1pCajRuUQ?oc=5
defd943fba0450e5b69df2175d960764,2026-06-15,detikcom,"Sensus Ekonomi, BPS Lamongan Data Pelaku Usaha hingga Content Creator - detikcom",UMKM,Belum Teridentifikasi,"Sensus Ekonomi, BPS Lamongan Data Pelaku Usaha hingga Content Creator detikcom",https://news.google.com/rss/articles/CBMiswFBVV95cUxNeXVlNTJQUVVQX1VXUEg3aVR2RjNWcUNmandaMzQ5aVJ6RzlkRllocDVGWEFUTzVPVmZFM2hGdWo2bGlldklPN0otZ1N0bFFrbmNGQ05SSXhXdWZuTUNkZkRwWWpSVWlWaER2UkZhbGNDTEVPek5aV01TNFFvTDFKZjBacFVrWWc1N29WWWdiZmxNRFdQdC14Y091T1d0Z3U3LVp5YWRxQkZQMFh3NzZxbUw2d9IBuAFBVV95cUxNdkNubXZxM0k2dFpVVkdtNGZmX0ZnTEFubTE5aGhsb3lQT2hPU01TMWk1U3FJdnpPQjZ4SnFubEgzZERfSGtZQnZLSzRGYWFzWlRwQVdReDRnSi15YjgyOTFuWDNDOVVkN2lfZ0IzUHVKWndZem10NUk4Q1ZyQkVMaTlra0tDYnYtTVhHX0hibGpIa01wMGljV3B2R0VGaWozaTE1VDVxbnJUTEs0M1pINDFNcWpEZ0tI?oc=5
005d31ef98487f7fd8ce610584f2eff2,2026-06-15,jatimnow.com,"Sensus Ekonomi 2026 Kabupaten Lamongan Resmi Dimulai, Bupati Jadi yang Pertama - jatimnow.com",Ekonomi Umum,"O - Administrasi Pemerintahan, Pertahanan dan Jaminan Sosial Wajib","Sensus Ekonomi 2026 Kabupaten Lamongan Resmi Dimulai, Bupati Jadi yang Pertama jatimnow.com",https://news.google.com/rss/articles/CBMirgFBVV95cUxQWjRwenBSSm03QllXSUppbG50T2E1aXJLNkZyQnRaWEhsSGFLYXpESGdMelBFeTNUZDl4aEdSZlVtcGdsc3JRX1p2a1F4Qk11ZHh4Q251aC10eDBEbDIxS0NzYTBjVU0zMlhydGQtN3RmY2psUkhVU2NkRFVnTXo1N2lfZU1JQm5GNThVM0JULThMMFBRWWROemkzZGk0VG5acEt6dlVIaDFvcmU5Y0HSAbMBQVVfeXFMT1lQYmxSS3NUQmZaNGFwZG5WZXMwRmVXdk5EZk55UE5qTlcwQVBmb21QeHhKcXFYS05zYTkwN25mZ2xRVEtqc19iZ0ZDV2c4bUZqRmtTbTZWWDFPd0xVMnNmajJtUTE4MVRFWklfLVpqRE1vVlFXX1YzZ1d4amNlSjBBMEtkajMyemdldmt2ZGR1aks3RFpvMEFBTnN4YUFXYi1LRGg1cHlzTkk5NWZuejdiZ3c?oc=5
c5875f0a09e4d1ea5abaaaf7113e1ffa,2026-06-15,klikjatim.com,"Melejit 10,79 Persen, Pertumbuhan Ekonomi Lamongan Tertinggi Kedua se-Jawa Timur - klikjatim.com",Ekonomi Daerah,Belum Teridentifikasi,"Melejit 10,79 Persen, Pertumbuhan Ekonomi Lamongan Tertinggi Kedua se-Jawa Timur klikjatim.com",https://news.google.com/rss/articles/CBMisAFBVV95cUxNX0Q5UndYaGVvNHRiV3ZLNkozNTR6UEZXZnNLTWpOMHRJc1lZLTNpbE50aUNZNGdCLWVrUTZ1Q1FLcnQ0UFdDYUs3VXh6ZjFHbUNOeHBSbmg4SVhseU1URWxLclBWTWJ0S0RyekdIeWg1YzRsdGVKUklCUnJnVDJLT0NpbTVMR0U4bmRKZUxWeFI0R1RUN3ZaWFpyN0ZqT0M0cnVsc0d0dEdaNWwtZXhEctIBtgFBVV95cUxQenNaRjFwdmVzRGM0bldBS1VrZVUtMWU2VUZsOXdBdkthQ0J3UENKSzZBTG1MX2VCWTMyNVNpNmQ3UHMyMC0xS19zRHBzM2dxSEt3aUhLSENQbTdPcFZtV3ZtcnJQdXBOeUtNZEhEQjk2d1pENEgwWUEyODFhWlc4QlR6TzMwQ3JCZnFXNHFLY1haVmJ4WXV5bEZ3cldpV1VuNVAyOS1MWFFsTTl1dW1XRzhvSXNSZw?oc=5
4e1277fe7ed0e03f67843d17c2a75701,2026-06-15,Memorandum.co.id,"Ekonomi Lamongan Tumbuh 10,79% Q1-2026, Tertinggi ke-2 se-Jatim, Kemiskinan Ekstrem Anjlok - memorandum.disway.id - Memorandum.co.id",Ekonomi Daerah,Belum Teridentifikasi,"Ekonomi Lamongan Tumbuh 10,79% Q1-2026, Tertinggi ke-2 se-Jatim, Kemiskinan Ekstrem Anjlok - memorandum.disway.id Memorandum.co.id",https://news.google.com/rss/articles/CBMi0gFBVV95cUxPemJTeTA5NGZMVVdXRWRreldOSWtRVThnaTVERTZISWtOLXdNalM0TWlSNGJyb0tmNTA0TUFyVC1zRmFKTm1JOVZvX2RjZTBZMkpkVk5sTlJOcXc5RUNaRzR4T1REZGc3U3VIWGFNcmRmaG41NWh2UzVtbUhDMmhuLVFXX2RNaGxYZVA1M01mV1cxMFh1cDNrVFYweWFqVkJTdkFTOUtqVTZVTkYzN04zeHBBd1ZnbFl4bUxBVWZhREozbFpfQWhpc2FKM1Q5VGIzeGfSAcQBQVVfeXFMUGJpUU5nZmxaNUk2aEdXdEhrbHJTNlhMaGg3REFqZlY2T1R3NXI1bHBZRi1fN0xwQmVKRlhjX3FVQVpxaHpzZjdXOHI3Z0JGbXZBWjMtMTB2RGs0S00zdHdWc3h1S05QWW13SjZBdFR6MUM4ZEFiMTV3b1E3UGZaTmF2OC1JdXlLOUFxX3BLUVBRRktPMjViRlRIMmlvSlgtVXZtd0NyZnNCb280alFiNVRZWjIzMGNnT1llU05NV0dOemhpOQ?oc=5
d0065b084d1d9c991e921315dcb18298,2026-06-15,detikcom,Eks RS COVID-19 di Lamongan Dialihfungsikan Jadi Puskesmas - detikcom,Ekonomi Umum,Q - Jasa Kesehatan dan Kegiatan Sosial,Eks RS COVID-19 di Lamongan Dialihfungsikan Jadi Puskesmas detikcom,https://news.google.com/rss/articles/CBMipgFBVV95cUxNZ2F5d0dNVkVXamhnUDRRbWF5UFJWS2dHc2Z2WFlxS21wa19IOWEtWGFfWkhBeUhqR1FxSDdJVDZrcEtpVEFYWF9JVWdGbndHWklmU2VRS2E1WWVTbGZ5UkpObVNJa1gtU0t1dXVJZ0w4eTFHVndYb1lUcFozM216eDZtSWlQY1FIb3dWZzU3S05TU19LTTdFX284eHY1S3RkUG9HWXB30gGrAUFVX3lxTE41Um9RQU9NRUZmSXFxMW03S3FzX2RrZ0kyRE9xcVFWZ29NeVduNFloT202ZXBmNkI2bE1ZdU9mNTZXX0xLT2ZTQUwxVmlyTGVXUGNQWUZuWmxNaERDeEdBU2xoTm1RYnBvN2UxaTM4Q2dLRFJBTmtGSEhmTUxhUk5XMmNMRFpEMjdZcFJrV1dkMFFnelFsdnMyUFpKWTdJeXc2WnJVTllIMHViMA?oc=5
e853813010428710e9674289ff6bef70,2026-06-14,Radar Lamongan,Pendidikan - Radar Lamongan,Ekonomi Umum,P - Jasa Pendidikan,Pendidikan Radar Lamongan,https://news.google.com/rss/articles/CBMiV0FVX3lxTE9NOU5rOUlvTThQZUJYbzZkRlZMU2lXVW55QU1ScEZONF9iWTR0WXd5bEhoM2daOWhwaXM0WElIclNzR21oNWdRYWYtWEtwSGo2N0R2Wk1Lcw?oc=5
84384305d7ded34bc666b8cde4e2c343,2026-06-14,klikjatim.com,"Ekonomi Lamongan Tumbuh 5,90 Persen pada Triwulan I 2026, Tren Positif Berlanjut - klikjatim.com",Ekonomi Daerah,Belum Teridentifikasi,"Ekonomi Lamongan Tumbuh 5,90 Persen pada Triwulan I 2026, Tren Positif Berlanjut klikjatim.com",https://news.google.com/rss/articles/CBMisAFBVV95cUxQZVJoY0FJSTNiV1dwbWVFaWpoeDAxNWRmcXZaOWE3UlFuX0RNUlFKWU40UGRZbHJKa1RkVTlyUFphRUh4LXhUZkwtSVpFczlBZWhSWXpuemNpakIwYUFHSVlpTHZKZlV4VU5jVTFVblBDQl82TzRjOWY0enFzWUxwWlNMbEplUlVuTmUxa0JwNjJXSXpOdGQzRGVqR0ozcU13SFQ1Ni1YRHkwbzZMa3AwVNIBtgFBVV95cUxOVWUwSXd4amR0VFNjLUZMMmZ5MHNaVWFXeTNPS0puRTRjSENnT2p2RlZWa0FuN3gwRjdQamNDa3k0bklleWFQNFFuRU9tMFA4ZjlMUWZ6d3ZPNWVKelcwajBMSHN5SGdwN2lJbk05YnpDNDgwY1lYT3V5cHZEMDNxOTdvSDRWSGtLc3BnTGRTQW1ER0cyb3luT1R6Z2tjY0lrS3MxY1RjV1pPMEhuOENkRkxVQWRrQQ?oc=5
1a5990f7445500eac236e3bc75dd5536,2026-06-13,Antara News jatim,"BPS catat ekonomi Lamongan tumbuh 5,90 persen pada triwulan I 2026 - Antara News jatim",Ekonomi Daerah,Belum Teridentifikasi,"BPS catat ekonomi Lamongan tumbuh 5,90 persen pada triwulan I 2026 Antara News jatim",https://news.google.com/rss/articles/CBMirgFBVV95cUxQeXoxT3RDblNoaFJaQzBHWjBQYjB0NXVGUmJ2X2U2dHBPd1d3TzlLTDVsbUFLMEN6aE8yU1ZDbnZzVHlzem00UVhXckdQeVdwMm1xMU5SLTNzbEFtdkhaRkVEXzI0azZoWDZBeUV2NzkwcHREcG8wYTJSQkw3RnhUUmprTWRxNGY4Q1JtdWhPTzNrT0h6Tm80blB3M1JnclZLaUJ0cjN0U1N1c2Z2VmfSAbMBQVVfeXFMTVc5VlcwelBKaC0xNkJuMEcwNFRnSnh4RUZVWFdYV2NwNXBaNHhfSEZOVDNycUUwZGp3RVhnbUZGY211QVJaRTNPVEtmZlMtMUx2T1hCZHU1aTQ2U2wycXNVbVVNaDJfcENNM2k3azZRX1dGbFVhRGozZXQ1eUpkazYxZl9zX3FpNEdUbENHblVzU0JEX0ticEN3b0hTM0JLZ3hYa2JVZS1FR2M0enhxbi03Skk?oc=5
b8680570dc9689202d2ec2ff518fd293,2026-06-13,Databoks,Realisasi Belanja Daerah Pemkab Lamongan per Juni 2026 | Pusat Data Ekonomi dan Bisnis Indonesia - Databoks,Ekonomi Umum,"O - Administrasi Pemerintahan, Pertahanan dan Jaminan Sosial Wajib",Realisasi Belanja Daerah Pemkab Lamongan per Juni 2026 | Pusat Data Ekonomi dan Bisnis Indonesia Databoks,https://news.google.com/rss/articles/CBMixAFBVV95cUxPc19NVXRSbkExcW5tYmRYN0FINmItN0MyRXNGb3BwRTV3dVRmZ0VTZF82VUszLVdab3BCbHN6S2ViSVpHX1RCdVk3MkduUU5uTDVLbjVldWthOWZEblNRUGhNX21IamJaT0t4LXFDb1Z5M2JlY2JGalU3YUUtSFFhNVJWNFpVbERvQnRCM1hzckJTUnhFSk1qYlVWRnZpZkdSQ0poTnd0TG8tQkFyY1R4SGdDSzN6bzJUa29NWnhuVVVRTmVP?oc=5
e07cfea8b983a36edbbfb067b2d00300,2026-06-13,TIMES Indonesia,Pemkab Lamongan Jadikan Carnival Fashion Fest Wadah Pengembangan Ekonomi Kreatif - TIMES Indonesia,Ekonomi Umum,"O - Administrasi Pemerintahan, Pertahanan dan Jaminan Sosial Wajib",Pemkab Lamongan Jadikan Carnival Fashion Fest Wadah Pengembangan Ekonomi Kreatif TIMES Indonesia,https://news.google.com/rss/articles/CBMizgFBVV95cUxNN2NWZWswd2h6S3ZWMGZMM1V3NmxyeEV1UHAyN2lVc182cnZvYU5zZmc2TWlQTFJhd2NubXRkNWExaGdiRnFQNTdIZy15ZXZxUmpWdFhPQnhacW5CYUI4aTl2aHdVblo2TU9QV2NWaXZvWm8yR1IzYmM5TXR0WUxSTEVXeXZUUi1HTGhKOEFPNHUtc1FOWjgxN0RBWFdXUG9UYlN1ZEl1VmV5Z3dnbHV6bC1xS0ZySGdUMWdPZlZLSFJvREc5Vnk3U0U0VnFhdw?oc=5
42c2a0f85f8bb33dc1a2bf0103b8beec,2026-06-11,klikjatim.com,"Aksi Amankan Swasembada Pangan, Bupati Lamongan Serahkan Bantuan Alsintan untuk Poktan - klikjatim.com",Ekonomi Umum,"O - Administrasi Pemerintahan, Pertahanan dan Jaminan Sosial Wajib","Aksi Amankan Swasembada Pangan, Bupati Lamongan Serahkan Bantuan Alsintan untuk Poktan klikjatim.com",https://news.google.com/rss/articles/CBMiugFBVV95cUxQNWJEWUszMUhCRDZneXJNeE0tUko3NktDWHYyNkJPeXRJQllKTzI4VW94ZzNuWWpLWk9ST2huMUpWS0NxZW5GcF9jU2o1LXd1cGlhZ2FSOU9DQVh4LWUxdWdGZkR2Tll1RFNpZVJGN3Z5UVJ6ZUVQVGpFQnRuSlE5X0NaUkxUVFhFTkhmSDVxOVBtTGpJV2Z5a245TkhlaHg5bXRMcC1YZnJzVldNSjVmQ2NyaG9fQVU4cXfSAb8BQVVfeXFMTW9odTZnaGxzeGd2WVFHdXRDWTYyX1o0MDRscDN3LUx0QjhxSmVBaWpRN2FFZ0hJTVh0d004QjIxRlNTcnNkYmZpa3VCWnQxc1FnZml0RU91MXQwMzhYSGRCQXAwQ2k1YUxkV0hxMTF5U24yUlhSM2pjWmNsNVFGQ1pzS0V3cGR5ODFkZF9tTGxhd2FVRHltZ25GRU9kbERjVy1NSGJUaHp5QTYxQzhFUlpQbGkwM3VxclVWeXpleDg?oc=5
887d18c653b62701a0f5f2d58fe58a0c,2026-06-11,MetroTVNews.com,Bupati Lamongan Lepas Lima Kontainer Produk UMKM dan Industri ke Pasar Global - MetroTVNews.com,Perdagangan,C - Industri Pengolahan,Bupati Lamongan Lepas Lima Kontainer Produk UMKM dan Industri ke Pasar Global MetroTVNews.com,https://news.google.com/rss/articles/CBMiuwFBVV95cUxOY0w3NWRYUW9aaGJfR2tORmFQRXhnUXpsSU02MnhKRU1teUpYM1BDUVhWRHlPM2EwMm4zRG1IbUtUS0hTTnJaZ0ZJWm9ObTU5cFYyLUgyUzZjYkdGLUU3RDFHLTlqZUVzM3hnMERPTE1KbmtDZmtzSlktMFczbG5pV1FXeW9vMnFBTzVCcmJZMF9ETHhsZ0p1clB5TG9pNFRYcmVISVh4aGF3TFlIMThhVnM0c3VHVkRPTW80?oc=5
23b35319dfb867e57733a268fbd024d8,2026-06-10,Antara News jatim,Pemkab Lamongan berangkatkan lima kontainer produk ekspor - Antara News jatim,Ekonomi Umum,"O - Administrasi Pemerintahan, Pertahanan dan Jaminan Sosial Wajib",Pemkab Lamongan berangkatkan lima kontainer produk ekspor Antara News jatim,https://news.google.com/rss/articles/CBMiowFBVV95cUxNX1N1T09naDhNNmNLX2tZaXZSNXRlUDVPWFdlUXZXaHdXb2d0d1JZamhXRHJwWTlsLUQxZ3VVTmNoUjk4cTROd2F2QnExSGluTURHYmVMR1ZGa1Z3RlRBU0FINk9PS2J5cm5BQzBmUVBNR2d4c0VmMmI1Ry1vWDZSYlJCLXNxaXRJcmhMM0I2dXJ5bzBHblpaNzRYdHZoWVk3UTZn0gGoAUFVX3lxTE00OC00Ul9OdXpJeF9MM0RNWEhfMTlESFhyV3huaVNwREpJX0NGaHZsS3BMOE13WUdQRDlEc0c4QmtlOTlEWnoxY0tMd2ZCWFViTWtUZkNwOXBVVHpTWHlTclA5Y2t2b0xlSU5fd184Z2Fsd2pmUXBkQUJvUlBJN2RFeTU1SUtrdTE4U2p5LW8xa3Q0ZUJnUjdVUGEtckZ2RGxGZ00xYWNJYg?oc=5
d1af902892a9a4ef758bf1451890f97b,2026-06-10,Surya.co.id,Pengusaha Bus di Lamongan Lakukan Efisiensi Akibat Harga BBM Naik - Surya.co.id,Harga dan Inflasi,G - Perdagangan Besar dan Eceran; Reparasi Mobil dan Sepeda Motor,Pengusaha Bus di Lamongan Lakukan Efisiensi Akibat Harga BBM Naik Surya.co.id,https://news.google.com/rss/articles/CBMitwFBVV95cUxOWWQ2VjZSNW84a1d4X191bWhzMkFoMEREWHk4MXlLa2l6Q2xuQ0dFZEE1VUxfVm1TNFV6dnJpYWtjeTNISzJKc3hHSFFKUjVrcXp6S3BlNFZSYnl5Vi1wanN3c0I0ejFNd2U0eTByLWQ0cjI1ek5Cckttbi1NbXBXcjNLN2dNWUotcXBwSkZJYU8xWDQ1SU9LMjkzdm5Jd1g1ajhaYkNUcU5RYjYwRXN2R0RtdDJVU28?oc=5
ca068be13dd541aa4ff3f1154b7b274a,2026-06-10,Databoks,Realisasi Pendapatan Daerah Pemkab Lamongan per Juni 2026 | Pusat Data Ekonomi dan Bisnis Indonesia - Databoks,Ekonomi Umum,"O - Administrasi Pemerintahan, Pertahanan dan Jaminan Sosial Wajib",Realisasi Pendapatan Daerah Pemkab Lamongan per Juni 2026 | Pusat Data Ekonomi dan Bisnis Indonesia Databoks,https://news.google.com/rss/articles/CBMiyAFBVV95cUxQX2ZCX2hBaUQ2Q0d3OXp0dVBZWEVYV3dxaTZDU2RkaV93T0ktV2toSW1scGJDRWNYdkU1V3NXRTFuY193dDVXdUpDOFlyUGp3eXFLeXBPQW5jXy01MjJkMlh2dXhfWnQ0VjRVNG42OXRubGtIRU45QzJVSWhUcGZsN21rT2FNMU1sbzNKNDBYdy1LT1NicXVMaDBKLXBhN2stLURxb2RSMFNSa1l0Wnphdmd4TGFKWTJRdkptSmdTYS1oTk1NZ05Zdw?oc=5
66fb8c87e7027a7f174a2daf2eb549d5,2026-06-10,surabaya.tribunnews.com,Pengusaha Bus di Lamongan Lakukan Efisiensi Akibat Harga BBM Naik - surabaya.tribunnews.com,Harga dan Inflasi,G - Perdagangan Besar dan Eceran; Reparasi Mobil dan Sepeda Motor,Pengusaha Bus di Lamongan Lakukan Efisiensi Akibat Harga BBM Naik surabaya.tribunnews.com,https://news.google.com/rss/articles/CBMitwFBVV95cUxOWWQ2VjZSNW84a1d4X191bWhzMkFoMEREWHk4MXlLa2l6Q2xuQ0dFZEE1VUxfVm1TNFV6dnJpYWtjeTNISzJKc3hHSFFKUjVrcXp6S3BlNFZSYnl5Vi1wanN3c0I0ejFNd2U0eTByLWQ0cjI1ek5Cckttbi1NbXBXcjNLN2dNWUotcXBwSkZJYU8xWDQ1SU9LMjkzdm5Jd1g1ajhaYkNUcU5RYjYwRXN2R0RtdDJVU28?oc=5
2308a94110618509e2b1c115999f4541,2026-06-09,klikjatim.com,"Tingkatkan Angka Harapan Hidup, Pemkab Lamongan Peringati HLUN ke-30 dengan Senam Ling Tien Kung dan Cek Kesehatan - klikjatim.com",Ekonomi Umum,"O - Administrasi Pemerintahan, Pertahanan dan Jaminan Sosial Wajib","Tingkatkan Angka Harapan Hidup, Pemkab Lamongan Peringati HLUN ke-30 dengan Senam Ling Tien Kung dan Cek Kesehatan klikjatim.com",https://news.google.com/rss/articles/CBMi3wFBVV95cUxOZTZCcG11Mlg0VU4xRXRCaWlCbE1qcktrak0yOVNxQnFlOTNjQW9fUHliVThSaTFMS1VZUkFzT3JWVUk2TDRqeEtYTi1waUJ1djZlQ0FjUFBIVkp3anFSTG9qaG9ic3k4OUNxSWJFZXh0bU5uTFN5b3piR3pvY1RQd0tWMk5maHBhRG9PZ3JsNzA4Z0ZmNXNmbDBnWGxrTVhNUDdId0dEaDFNdnEySnMxVjBmT3dMcVl5a1N6NUtXZEZteWtacjBObmo0VVRqUzVlYk5VR2VXRWNuUmhVQ3Zr0gHkAUFVX3lxTE80YXNkYVhRQnZZTXNhOTctOUtsNVYwZUJCeXl2M3JRWlRaVG1MY2hBMVVvTUNDaEUtQ3Mtc2V3RlI0ckRYU2VVNG1Yc01oX2FQa0NhRUszdlBrSGZ1cnpSdC1BU3h0eERrUC16Xy1nVGR1cXFSc0NkbE1XWi1MLThvWkhhRURQR0xuenZtcXNpbUFuTHlyRXhhX0tmZmZBQngyY2VsOXNMdFpiYTF5WUZ6bFZUdlEwcnJfRzJxT1lLd2hlNEhkZGNrSm82bkM2RzFwVmVORXFCcHJiaEJVakE2dmVrcA?oc=5
345d1a41d982da61b150da95c09a11e3,2026-06-09,Surya.co.id,"Penumpang KA di Stasiun Lamongan Naik 21 Persen pada Mei 2026, Ini Pemicunya - Surya.co.id",Harga dan Inflasi,Belum Teridentifikasi,"Penumpang KA di Stasiun Lamongan Naik 21 Persen pada Mei 2026, Ini Pemicunya Surya.co.id",https://news.google.com/rss/articles/CBMixAFBVV95cUxOdVRTTlBLUWZ6OWVGVWE0dEJGbWxpajJBdFBEdWw1YzhBbHM0bU8yYXZ1bERETFVMY2lrNUpieVprRm5tMl81WVhfQmZrSG01Um4ydUFQM3h2Z005WEtPVE52ZVRWTlkweTFNaE1tWmRsS0ZfRlVUakxMd2ludThGYXYyaEV1blRvb29Td1ZkeEF4ZXVkdHdLUHVWSXRwQ0MtMnlfY1M2aXQ4QzdNcEY0aU43TU1TMjBFeENsX09ocFUybmFt?oc=5
5d0fb0aa38aeab785fab326b77c2afa0,2026-06-09,surabaya.tribunnews.com,"Penumpang KA di Stasiun Lamongan Naik 21 Persen pada Mei 2026, Ini Pemicunya - surabaya.tribunnews.com",Harga dan Inflasi,Belum Teridentifikasi,"Penumpang KA di Stasiun Lamongan Naik 21 Persen pada Mei 2026, Ini Pemicunya surabaya.tribunnews.com",https://news.google.com/rss/articles/CBMixAFBVV95cUxOdVRTTlBLUWZ6OWVGVWE0dEJGbWxpajJBdFBEdWw1YzhBbHM0bU8yYXZ1bERETFVMY2lrNUpieVprRm5tMl81WVhfQmZrSG01Um4ydUFQM3h2Z005WEtPVE52ZVRWTlkweTFNaE1tWmRsS0ZfRlVUakxMd2ludThGYXYyaEV1blRvb29Td1ZkeEF4ZXVkdHdLUHVWSXRwQ0MtMnlfY1M2aXQ4QzdNcEY0aU43TU1TMjBFeENsX09ocFUybmFt?oc=5
d8a372eb572c38dccfa719835e757313,2026-06-02,Kumparan.com,KPK Jerat 3 Tersangka Kasus Korupsi Pembangunan Gedung Pemkab Lamongan - kumparan.com - Kumparan.com,Infrastruktur,F - Konstruksi,KPK Jerat 3 Tersangka Kasus Korupsi Pembangunan Gedung Pemkab Lamongan - kumparan.com Kumparan.com,https://news.google.com/rss/articles/CBMitwFBVV95cUxONlctY1kzTmhqekI5dmVaTnJPd2lfZDlBdFlnMUxjQjdJYk1VZzVEXzlDWGpMRUMybmxfMDNiTThVN0F2WkVDYVNQczZ1X09qZkFTQVdfT3ZFelNWRFFTcGZETEdMMFNMUVc0ZmRET1lGWHZ2WldmblJmdW1MOW0yUi1qbXVLcHJmR0pXT241Wkc2MzFJLVAwMWlqNUs3Q1V6UkowbVF5SkxZSFFpNmpkRGhTQ1I2b2fSAb8BQVVfeXFMTUZUUzd1TWtmN24yTTVMUDloRHpWRmNXWllXb3NKN2tUN0NXZzFLOTJwdnRxeDdudWdWbHkwZ0VRb0YyUTQ2bTJpdnFmYmdiNjQxMENwRXh3c29OMzBnWHo4VlN5SkstQkdGcGtjbzhkQ3k5R2drbU4tVUFlV1pKT1pRREhmaTZVOFpJU1JaSG9ybzhMVzc0NlBYZWJjeDBMcXF2YnNpRG5qNFZ2M2x2cWk5NFltZHdiNW5QdGs3MGM?oc=5
fae4c6ebb4dd7cc753a935ece14e2c39,2026-05-31,klikjatim.com,Haul Akbar Wujud Syukur HJL ke-457: Mengetuk Langit demi Ketangguhan Pangan dan Sosial Lamongan - klikjatim.com,Ekonomi Umum,"R,S,T,U - Jasa Lainnya",Haul Akbar Wujud Syukur HJL ke-457: Mengetuk Langit demi Ketangguhan Pangan dan Sosial Lamongan klikjatim.com,https://news.google.com/rss/articles/CBMixgFBVV95cUxONXQzeF8xc3NzZlRhV0JVdnJFOXkyR2J1RGZZRW5QU3J5LTFGY3R1LTVMZDgzbjJtZFZNMFZwZ0I4UldfUnNHNFFsMWliQVA2bnZoY0kxMkFQWGwwZDdEbTRJN21yU0hVNnd0M1drblhaNVFzMUF2NUFhUzZybXJtd3A4LXJ5em5RU01ia1hEYVQyaG53Ql8zWmRmQnYxQ2I5QTZfeFJOQkhVcENtbXgzWmxycGJkTFN5TVFya0hVQVREcUdtRmfSAcsBQVVfeXFMUG93dm9BMS1MTXJDdUUyYTVvcmJmSzZfREx0bzM1bnZwT0ZxMkNpMU0zNlp4SlZHcTV6cEhscHgwZnlOOVNpeUd4c0o0b1lsLUVsT1FPbnY0STA2TGhIQWRjMFZLZ0Z3YTNScUZNc19wOVJKV24xYkJYV3c0N2JqYjdlc2VUN3Z1dmNtYlVBSXU2cnpwdjJyRVJqX1Q0TVk5SkpKLXdDWG9tdEJSRGllTDJ1MmtfZ3RUeXcxTXU1TTNpYUg5Ykw2VGpRQzg?oc=5
a3025a5787ae92587fd8089c7cc60ad3,2026-05-31,sumutpos.jawapos.com,"Stok Beras Tembus 28 Juta Ton, Hadapi El Nino Wamentan Sudaryono Kebut Tanam 750 Hektar Padi di Lamongan - sumutpos.jawapos.com",Pertanian,"A - Pertanian, Kehutanan, dan Perikanan","Stok Beras Tembus 28 Juta Ton, Hadapi El Nino Wamentan Sudaryono Kebut Tanam 750 Hektar Padi di Lamongan sumutpos.jawapos.com",https://news.google.com/rss/articles/CBMi5wFBVV95cUxOUHA5VmRvbkFnV3Z2WkV4VzRMRHpoaVhxYmhyT3NtRDIzX0FkZlE5NV9HSTZ2ckRyRlpRdnhlRUJNRW84Q1JKLW5yMDE0d0lwdmhNWVNRVGM2U1Y3SHpJLTFLT1dyanQwTklhNTlSUVI4UlhlV0Noay1qdF9MMFduSDBSTVgzbDMwekRfNVNxSk5kMG9EY29icWR2b1MzTDJzNjAyYW5XQ0tHb2M3SWxJaTRwV2tyMldacng3eFVNZkxmcFdEYVF4ekhjRnU2OUVyLU0wR2xfdHNydEhoSnRIdFltdV9HalnSAewBQVVfeXFMT3lUbHl3TXdhaXBra2xnYW1MT2NiUHFkenpUUVJFRVNMZ2NhNnhPc25hdmpSV3JSajA3R3JzWkRHMVpGSzFBT1lOSVoxWm03YUNzNXhxZFAtdjJNbHBBX1Y5MW5WMzFsbWRlNWhLcUROanZUdk1MTHJJZjE1OE1ENGkzQlJacHA1TUIxTktBLUFudmVlTXlYREMxTF9NaEFLYzY5RVJjaUYyRkxGbDF5bVppZE9LcldyeUxLSkU0bC1CbG14U2lES3hFcUZjVmthdTlhbDFsOFE4cktoOE5PQXd3X0pnRXlMbjhyUTI?oc=5
879f3cbead61150c76f33d65b68040fe,2026-05-31,Sumut Pos,"Stok Beras Tembus 28 Juta Ton, Hadapi El Nino Wamentan Sudaryono Kebut Tanam 750 Hektar Padi di Lamongan - Sumut Pos",Pertanian,"A - Pertanian, Kehutanan, dan Perikanan","Stok Beras Tembus 28 Juta Ton, Hadapi El Nino Wamentan Sudaryono Kebut Tanam 750 Hektar Padi di Lamongan Sumut Pos",https://news.google.com/rss/articles/CBMi5wFBVV95cUxOUHA5VmRvbkFnV3Z2WkV4VzRMRHpoaVhxYmhyT3NtRDIzX0FkZlE5NV9HSTZ2ckRyRlpRdnhlRUJNRW84Q1JKLW5yMDE0d0lwdmhNWVNRVGM2U1Y3SHpJLTFLT1dyanQwTklhNTlSUVI4UlhlV0Noay1qdF9MMFduSDBSTVgzbDMwekRfNVNxSk5kMG9EY29icWR2b1MzTDJzNjAyYW5XQ0tHb2M3SWxJaTRwV2tyMldacng3eFVNZkxmcFdEYVF4ekhjRnU2OUVyLU0wR2xfdHNydEhoSnRIdFltdV9HalnSAewBQVVfeXFMT3lUbHl3TXdhaXBra2xnYW1MT2NiUHFkenpUUVJFRVNMZ2NhNnhPc25hdmpSV3JSajA3R3JzWkRHMVpGSzFBT1lOSVoxWm03YUNzNXhxZFAtdjJNbHBBX1Y5MW5WMzFsbWRlNWhLcUROanZUdk1MTHJJZjE1OE1ENGkzQlJacHA1TUIxTktBLUFudmVlTXlYREMxTF9NaEFLYzY5RVJjaUYyRkxGbDF5bVppZE9LcldyeUxLSkU0bC1CbG14U2lES3hFcUZjVmthdTlhbDFsOFE4cktoOE5PQXd3X0pnRXlMbjhyUTI?oc=5
fab705874095a2c1386a7276ed751bae,2026-05-28,klikjatim.com,"Sapi Kurban 1,1 Ton Bantuan Presiden Prabowo Disembelih di Mantup Lamongan - klikjatim.com",Ekonomi Umum,"A - Pertanian, Kehutanan, dan Perikanan","Sapi Kurban 1,1 Ton Bantuan Presiden Prabowo Disembelih di Mantup Lamongan klikjatim.com",https://news.google.com/rss/articles/CBMiqgFBVV95cUxOc2RJbkI5RG04c2RlOVZsQUowRWRCUHRZbjVYSjlaMUhBTmxmRjNDZ25LTzgySEEySW1mVmRTcmV6OXVrc0Z1bm91NW5pZDRjaUJOTXEwaHNqX2syQko2a3RUdDJFS3RaMXp5NkNPa1RWWU5YTi1saVl6T1F3akd5aEtnRXQzRkhUN3AxUERiQ0dyQXRlTWZIR2JEalNicThfOExMM2NJVm53QdIBrwFBVV95cUxONHZYbWV4SkdWUTlqM19QU3lCVGtFdHJqck83QkFXNlRwazBabDZuc3ltT3FqbzNoMDZQeF8wZnhSUnBIVUlXYlFCUGw1SGdDV1VLWmFXZ2E3bjN0UnFCYnpieE1JTXg4UDRyYkpUNGJDZTBhSDVUYXNWOWc1SnlXZG5vaEZIcGRYYmN0VTdXQkd3TjlweWViMy1DNnZGSWdtVGY2RFI4cFJtRndUZXM4?oc=5
cdf96db93b6d39bb1c3c80285d352496,2026-05-28,Surya.co.id,"DPRD Lamongan Siapkan Hiburan Spesial HJL ke-457, Ada Hiburan Cak Percil Cs - Surya.co.id",Ekonomi Umum,"R,S,T,U - Jasa Lainnya","DPRD Lamongan Siapkan Hiburan Spesial HJL ke-457, Ada Hiburan Cak Percil Cs Surya.co.id",https://news.google.com/rss/articles/CBMiwwFBVV95cUxPYmFCYmpOYzVDby1VMzNkUldya2ZXdjdWMWcwUC0yOGhaMnpMcVAzVURkTjlrUVlIUlNlOWRsYl9DaW5Salo5dmlxMHl4M2NWTDNEbjRRSzV1RXdVNXZnVUUwdVJoRVJxeUxDYUh6OHR0cEZMZ0doOVdpYWdLb2ozWjJwQzRVU3djQ3M2Vng1T3RUNlpUY1lnMkRFZE54QV9ib0pGRmhRQi1yM3NBdUxrRm82ZEVTbDJ5ekpQa3Zxd3JSWms?oc=5
a67404fc006b8daa9278956459b978b8,2026-05-28,surabaya.tribunnews.com,"DPRD Lamongan Siapkan Hiburan Spesial HJL ke-457, Ada Hiburan Cak Percil Cs - surabaya.tribunnews.com",Ekonomi Umum,"R,S,T,U - Jasa Lainnya","DPRD Lamongan Siapkan Hiburan Spesial HJL ke-457, Ada Hiburan Cak Percil Cs surabaya.tribunnews.com",https://news.google.com/rss/articles/CBMiwwFBVV95cUxPYmFCYmpOYzVDby1VMzNkUldya2ZXdjdWMWcwUC0yOGhaMnpMcVAzVURkTjlrUVlIUlNlOWRsYl9DaW5Salo5dmlxMHl4M2NWTDNEbjRRSzV1RXdVNXZnVUUwdVJoRVJxeUxDYUh6OHR0cEZMZ0doOVdpYWdLb2ozWjJwQzRVU3djQ3M2Vng1T3RUNlpUY1lnMkRFZE54QV9ib0pGRmhRQi1yM3NBdUxrRm82ZEVTbDJ5ekpQa3Zxd3JSWms?oc=5
2829ed7d5821b783f391bff05f073932,2026-05-27,kilasdaerah.kompas.com,"Usai Shalat Id di Mantup, Bupati Lamongan Serahkan Sapi Kurban Presiden Seberat 1,1 Ton - kilasdaerah.kompas.com",Ekonomi Umum,"A - Pertanian, Kehutanan, dan Perikanan","Usai Shalat Id di Mantup, Bupati Lamongan Serahkan Sapi Kurban Presiden Seberat 1,1 Ton kilasdaerah.kompas.com",https://news.google.com/rss/articles/CBMi0gFBVV95cUxQYzRrYUgwYmFqTVR0aGpMaGFJanJyb0dNQXNEMW1SNWpsVmFmMFQyVnR2X05kTU95eWVlRWNfZFZyazhwdTUzUEhvcjdMbEhiSHlObFY1aFJMeVJHSjhUTm5FR3lPWmRoeGRoMy1tMDVfY1dUMExaNjFXN01yVXJETHBYdWtSQ2RnVWc0MG1BRGhJM2JTajNJRU4tejlwRC1sazBlRDFUTDhaaC1qS0JRTy1yNl9jVXlJTzVHUHpMZ0w2OGIycjZCdTJfS3UxMGMyTGc?oc=5
a864e1d7f9d451b42eb8edf6e33faa97,2026-05-26,Antara News jatim,"HJL ke-457, Lamongan perkuat ketahanan pangan dan sosial - Antara News jatim",Ekonomi Umum,"R,S,T,U - Jasa Lainnya","HJL ke-457, Lamongan perkuat ketahanan pangan dan sosial Antara News jatim",https://news.google.com/rss/articles/CBMioAFBVV95cUxPWlZZSVRKenYtQzZYMUxCVzQwbVIxeVlBaWI4SmxySjd3bzBCY3RRLV9CclFTcGFMM0s2a1ZDRkVxVUh6RmpDQXc0V1FzUTVSV2VENE1nSEVKZXljMm83bFJweEd4dW1NMENRM1pnN1VGZ3h0LXo5QUNtTXQtdFE3TnVQYjhnZFNxNjZkT29NQlQ2czd1MGxtaEkwS3FWazd20gGmAUFVX3lxTE5kdF9vb2NUYnZ6QnJsOGNveTljNTZEdklfczQyeDE4U3hLZ1dfS2pfQm8xZnlpcUpDR3RfMEVXaUJzcmFseGpJTnlLR1JuUVRnNGxPREctVmZ4RlZHOXQ4WHdQVERLZUpGa01Iak15Q1RDMzVCdi1Oa3ZJMEJCMVNfQkRIZFVpajFBelhtbmk5bVJKdldlWERvRUQ4TVZBVHFiQW5hR2c?oc=5
6121f96d2dae3625c580055d36dbd82e,2026-05-26,jatim.tribunnews.com,"Sapi Kurban di Lamongan Lepas, Mengamuk di Perkotaan, Nyaris Seruduk Warga dan Masuk Salon - jatim.tribunnews.com",Ekonomi Umum,"A - Pertanian, Kehutanan, dan Perikanan","Sapi Kurban di Lamongan Lepas, Mengamuk di Perkotaan, Nyaris Seruduk Warga dan Masuk Salon jatim.tribunnews.com",https://news.google.com/rss/articles/CBMiygFBVV95cUxQUWt6eGJLTEc1UGl3QnMtSWljejRmY2s0S2hLdEU5eFlqMnRvM3ZQMUxoT0hRZUJVTUtyYWRIN0RwUVlkdUxDZUhtN3dPb3oyOVd0Y0J3OHV3RUV4Z0N0enlkTENiYklxMEVHdTBwejlOcWhERGVzR2RXcExwZUpHUmtXeDlNRW05aVZIeDA0aE9QNGJxMUx4bWh2d1ZnM2w4emlrdlhDNVlTZVl4MUFKSlFheVEtWXdoaGtLY0xHV19hV0RnRGtpbm1R?oc=5
cc6f52fa7c53d9b5222570d5b9bff842,2026-05-24,klikjatim.com,"Gelar Talkshow Perempuan Berdaya, KOHATI Lamongan Bedah Isu Hukum hingga Kesehatan Mental Gen Z - klikjatim.com",Ekonomi Umum,Q - Jasa Kesehatan dan Kegiatan Sosial,"Gelar Talkshow Perempuan Berdaya, KOHATI Lamongan Bedah Isu Hukum hingga Kesehatan Mental Gen Z klikjatim.com",https://news.google.com/rss/articles/CBMixgFBVV95cUxQQ21kTTZ0ek5DNEhlS24xbjY1Q1dtOFUtMDNMa1NqQzgxVkk3YmtQb0huN09XQUhwVGNNemF2amthWVFfMG9CWDdqMkVGNkJJQlBuQ0dnX0owWkQzLTJoRVNsMHc5RWFXTUM1Z0F0WjlONl94WUJ1U1N3UWtLV1NsX0xLU2RTdmtMUlFlWm4ydmtXMkxFRUNubEZFalRvVXFLTjN6eXZSOFFKN0dwMHdxYnhOeDJJWUNxdmREQlduSXR4amZudXfSAcsBQVVfeXFMT0JRTlhZYlNTNVVtZjFXdkRUY25WbTVqU1gxQ1dpTHJnWkE5Y0d0NWNOZkJUQnVNbEEwbmVqRG5URGhJZGRRWGI0N21jSTZfQUgwMmJldTFQeHVHT0NmRnhyZi1SdmxtMTY1R1hCMm11ck02SFJsVnNwZUI3dld0M3puSFZuRi1ZSE1KY0xneUQtQ3R5YkFlemVlOVFpcTVsbUxabGFMLXlZdU92dUJpNGMxNTRBX1ZzNTVQTzJqdjU1eE5iYlJPS2RnN3M?oc=5
477988c4b261b68209a56dcbf7f43382,2026-05-21,kilasdaerah.kompas.com,Lamongan Buka Peluang Investasi Baru dari India - kilasdaerah.kompas.com,Investasi,K - Jasa Keuangan dan Asuransi,Lamongan Buka Peluang Investasi Baru dari India kilasdaerah.kompas.com,https://news.google.com/rss/articles/CBMiswFBVV95cUxPV21Hakw3ZE9tVXgycWxRMEFZak9lWmVteVhEUHhJczYyc0ZRbjluT293cFBWd1hWWDNlUFltSXVoX1MzeXdHTUZ4TVhkRVMyeGN3MUZ0bWk3WUl6ZDRsVHM4TkVHcEJ4RnBBTDlPQ21mbjdqdG1tM2F3U0QxNm5oZjk2MmEyaFZWdS1PTU90aDF1ZkNZUmJ6U1pWQXVBOHNVdnFoT1d1MVhieHlYY1dnbFdWZw?oc=5
108fcbf73547a068396795e33e486a60,2026-05-21,Kompas.com,Lamongan Buka Peluang Investasi Baru dari India - Kompas.com,Investasi,K - Jasa Keuangan dan Asuransi,Lamongan Buka Peluang Investasi Baru dari India Kompas.com,https://news.google.com/rss/articles/CBMiowFBVV95cUxPcGh5ZEpWY2IycXBSNU14MlZ4blV5LVNmdm1nY0R6ellYWEZVTVNDWjhVei1NT0ZuRVp4OHRNcXAyX0JpeXBvemRCbmZ3aGJNVDRvOF96a21zaDkycEt5MDE1R2JNMDh0OGN3Z2lLbGNPenRFclRLRUJmODB1UV9SbzlMTHhyRFgyaXhvWjZ3RFg0WXVTbzRSbmtWS2Q5cEtwSkQw?oc=5
dd7384e8fe94411c87bf47bd37af18a9,2026-05-21,Kompas.com,Lamongan Buka Peluang Investasi Baru dari India - Kompas.com,Investasi,K - Jasa Keuangan dan Asuransi,Lamongan Buka Peluang Investasi Baru dari India Kompas.com,https://news.google.com/rss/articles/CBMiswFBVV95cUxPV21Hakw3ZE9tVXgycWxRMEFZak9lWmVteVhEUHhJczYyc0ZRbjluT293cFBWd1hWWDNlUFltSXVoX1MzeXdHTUZ4TVhkRVMyeGN3MUZ0bWk3WUl6ZDRsVHM4TkVHcEJ4RnBBTDlPQ21mbjdqdG1tM2F3U0QxNm5oZjk2MmEyaFZWdS1PTU90aDF1ZkNZUmJ6U1pWQXVBOHNVdnFoT1d1MVhieHlYY1dnbFdWZw?oc=5
c6d90b403e4a0991cd2c4dec0cfc0f0b,2026-05-21,regional.kompas.com,Lamongan Buka Peluang Investasi Baru dari India - regional.kompas.com,Investasi,K - Jasa Keuangan dan Asuransi,Lamongan Buka Peluang Investasi Baru dari India regional.kompas.com,https://news.google.com/rss/articles/CBMiowFBVV95cUxPcGh5ZEpWY2IycXBSNU14MlZ4blV5LVNmdm1nY0R6ellYWEZVTVNDWjhVei1NT0ZuRVp4OHRNcXAyX0JpeXBvemRCbmZ3aGJNVDRvOF96a21zaDkycEt5MDE1R2JNMDh0OGN3Z2lLbGNPenRFclRLRUJmODB1UV9SbzlMTHhyRFgyaXhvWjZ3RFg0WXVTbzRSbmtWS2Q5cEtwSkQw?oc=5
4f047f33e18bd53dbd12356edc76666c,2026-05-20,klikjatim.com,Upacara Harkitnas ke-118 di Lamongan: Soroti Transformasi Digital dan Kedaulatan Informasi - klikjatim.com,Ekonomi Digital,J - Informasi dan Komunikasi,Upacara Harkitnas ke-118 di Lamongan: Soroti Transformasi Digital dan Kedaulatan Informasi klikjatim.com,https://news.google.com/rss/articles/CBMivwFBVV95cUxNdHV6M0xyU3NRVml0eWFxRFVSOUNJTWF2YVZqZVE2OE5SWmR5RmtERjVtTXVkbUZMZDM0VHp3QWlKdkczOU9NVW9ha3dJZnkzXzhvR2w1el9YdWFyUnNTLUZXSnJGLVlNU3RzSkFldWQ3aVhCbkxFM1NVc3dxeDVrQ1ZXejhMczlsR1lpamUwdUdMTFpkdTZNWnplS2NNR1FMM3JlM3EwZjlDTDZDcEdoSTV4NDN0blpRdWd5aVh6Z9IBxAFBVV95cUxOMUtnSmFkZXNYZDV1NGs5ejNwRlpfRzdjcmR2bjAwd3lZamlaQzFsazc3bEI4eDM4OFZZeDFfaklxYk80S2N2VTRWYndsZWp2dDJ1X3lUNWU4MHc5SVhCeVNILW8tREdFTWczc25Mb1gzUUIycFB3UmdWX3NraWM1cTNsSHZBbzA5UTZPa2pDRDhvbVpXU2FtaER3cG92VjFNckNfS3lfWGVSbWVmbl9pVkYwbFpBN1ZNZ3hibFNSVXNlWGpU?oc=5
b1e8c8eaaa31965494f83a7e3895574a,2026-05-20,Surya.co.id,"Transparansi Keuangan Terjaga, PMI Lamongan Raih Predikat Tertinggi Audit WTP - Surya.co.id",Keuangan,K - Jasa Keuangan dan Asuransi,"Transparansi Keuangan Terjaga, PMI Lamongan Raih Predikat Tertinggi Audit WTP Surya.co.id",https://news.google.com/rss/articles/CBMixgFBVV95cUxQaWhuNXNTWC1tWG5lTDlTZ3ppRkUtOUV4dWNSSmxUdEYwZ3RvRGpfTFdqcFpqODZrLTVjay1UZUtvMy1Zci0yZ1VuYkdWUWxEUTRaZ1B5YkNVZ1ZvSHJPMGE4eWpVMEM2MGxmRmliTmtyQ0RGTm43VXR6WS1oTVA5MXgtcDlkTWU2ejJzeDB1RlE3UkhqTFEwSXhrelRiQVVpU2xKV0JGZTR1SWZaSHZNRmlES0Y2VDJCdG5Nb1hIUHZFNERrMUE?oc=5
e2941680e2ee2d89a51fd20fcc788ccb,2026-05-20,surabaya.tribunnews.com,"Transparansi Keuangan Terjaga, PMI Lamongan Raih Predikat Tertinggi Audit WTP - surabaya.tribunnews.com",Keuangan,K - Jasa Keuangan dan Asuransi,"Transparansi Keuangan Terjaga, PMI Lamongan Raih Predikat Tertinggi Audit WTP surabaya.tribunnews.com",https://news.google.com/rss/articles/CBMixgFBVV95cUxQaWhuNXNTWC1tWG5lTDlTZ3ppRkUtOUV4dWNSSmxUdEYwZ3RvRGpfTFdqcFpqODZrLTVjay1UZUtvMy1Zci0yZ1VuYkdWUWxEUTRaZ1B5YkNVZ1ZvSHJPMGE4eWpVMEM2MGxmRmliTmtyQ0RGTm43VXR6WS1oTVA5MXgtcDlkTWU2ejJzeDB1RlE3UkhqTFEwSXhrelRiQVVpU2xKV0JGZTR1SWZaSHZNRmlES0Y2VDJCdG5Nb1hIUHZFNERrMUE?oc=5
aa44511df64e0947f57c85a21d61845c,2026-05-16,jatim.tribunnews.com,"Penipuan Modus Kencan Online di Lamongan, Motor Korban Dibawa Kabur, Pelaku Pasangan Suami Istri - jatim.tribunnews.com",Ekonomi Digital,J - Informasi dan Komunikasi,"Penipuan Modus Kencan Online di Lamongan, Motor Korban Dibawa Kabur, Pelaku Pasangan Suami Istri jatim.tribunnews.com",https://news.google.com/rss/articles/CBMi0gFBVV95cUxPalFXRFgwSk9hOFRzS00wSGNzcE1feVFoQXJjWk9WMU5LSFE0MFA0VU9DblJ1V3BrTl84MWhZUzBtalhPcFJTWDJ4RGJQcklXcGpzeWloRWU3TnJteXU1T2NUYnhIakJfd2lDYmFEZWZMNU8xSUVLRTFUZldBV2s5YnpQOWJUYm9qVC1oQ194RUIxUDhmLXJ5LVdibEhFTklXWm5hMklMNmpLTWpralp5ZUI4UEpaaG12YWJyM2FEM05rdnhZTmk1ZW5pdS05eWhCMXc?oc=5
46879b1f67f33c52d3845c07eb1f3b0d,2026-05-14,Kompas.com,"Tahun 2026, Pemkab Lamongan Rekonstruksi 56 Ruas Jalan 40 Kilometer - Kompas.com",Infrastruktur,F - Konstruksi,"Tahun 2026, Pemkab Lamongan Rekonstruksi 56 Ruas Jalan 40 Kilometer Kompas.com",https://news.google.com/rss/articles/CBMiwwFBVV95cUxNOVdaNVVZS2c3WldkM25UZlZnV0k1WXMycU5jQ0hlelAyZTlyZDlHb3VLcFVwZHB5M25KS1RDaEZFYldPbmRhME1lZGlTRFpOX2NSVEliX3Z6Zm9VNTFMRVZUQzZ4bXk0NXlxcll3YU5YVVVTaXlDOGFlUWczVWdrVzFpU283MVp6bU5GMnVMYnNiMmRIbS1iZlNoc3lRVU1DSU1uLWpwQ2FEWnM0cEpsWUQ2eFI5VjUxZWtIMHZCbmtIR0U?oc=5
37ff5e5fad55ebd7476e7db8e7281b50,2026-05-14,Antara News jatim,Bupati Lamongan sebut JLS Babat diproyeksikan tingkatkan ekonomi - Antara News jatim,Ekonomi Umum,"O - Administrasi Pemerintahan, Pertahanan dan Jaminan Sosial Wajib",Bupati Lamongan sebut JLS Babat diproyeksikan tingkatkan ekonomi Antara News jatim,https://news.google.com/rss/articles/CBMirAFBVV95cUxQaVpmeGNpYkRMWGsxSDhGaHEyNmpKd2tSMm5UUWtzUDBTZnNRTTBCNXdhaWtBM3o5Mjh4VXI1eTF6ckxaUzgtbUJmbEN6YXJfYl96cm16ZnRQRXE5cGNEWUMtV0owM0JFbnc5TTdRS2EtQlAwUlQ5cjVfTVhWT044SFE5c0xySDdDcHNDYjR6UmQ3VU40aWJseU05ampuR1VvNzhPNHV3dHpYMkox0gGyAUFVX3lxTFBpQmtybzhEaXdrbzRJR0l6VU5tYUxVOUwwalNIeXFxdE1fc29mOGljRV8xM3N6V1ZnSzBPd3BMa0E0ZGQxRlNxWWNPQV9LNUIxcS1ORnJYdlJVNDBtVHprOFRlcmVUeWRJbmdNbFF4R2ZRUEVLcWxQVEJTMkIxejlBNHFrRzY5Z2d0MVJzbDZLT1k3RDdWbmxxR3lfUXZYMWtfNzdlVDV3RDAzQXpGa1RmYWc?oc=5
8244f4fce8b368441634447000983981,2026-05-13,kilasdaerah.kompas.com,"Lamongan Rekonstruksi 56 Ruas Jalan pada 2026, Target Kemantapan Capai 63,55 Persen - kilasdaerah.kompas.com",Infrastruktur,F - Konstruksi,"Lamongan Rekonstruksi 56 Ruas Jalan pada 2026, Target Kemantapan Capai 63,55 Persen kilasdaerah.kompas.com",https://news.google.com/rss/articles/CBMi1wFBVV95cUxNUUhrQTAxTzE4NWJjVjJBTm5pVnBwYXVJaVRjUEpqRklYRm1jSDZCaEotckpacldJU1BhTl9qTFVhXzlpWU9fWWpraWdnS3lLc3VJX0NMRmtnZFpOdlpvVXRjSWpwQnlIMV8zanlianh1QjNXWW9yYnNWWExFUHRCb1ZKMGlLWDBZbS1hb1IwLWVrS0x5bnZ1MFdqWVowaW1qMnNvdWhFUkVkV0N0TExXdFQta1Y1QUNxaEdZZFlOaTczbHVLal9wWDVPdHp6MUdUUUFEZGdnaw?oc=5
b751635b4d77a86e28257c78d6a13b7b,2026-05-13,Databoks,Sektor Utama Penggerak Perekonomian di Kabupaten Lamongan pada 2025 - Databoks,Ekonomi Daerah,Belum Teridentifikasi,Sektor Utama Penggerak Perekonomian di Kabupaten Lamongan pada 2025 Databoks,https://news.google.com/rss/articles/CBMi1gFBVV95cUxPUF9DRVotOHFtTnpwdmJBVW1rUElMOWpVRG01VEJFUVB1Vk5xRURYV3FNYVUtMTBJcThjTmRfbDNaenVLdTA5ZGQydTdqTUJfcVE0RUp3X1ZFWGtkcDMxNExRRFdENDhqQW1KaUFCOXkwOExzX0hhU0E3dTJTcUhWUjVMQ1EtZjNvVlpBZ2JTU1JJSjF6MXB1MTJlaGlPSVpid0VXWU9MT0VMSDlzbVBrYmgzNjVfWkhjMUkzUU9jT1FTbllxV2V4aXJkZmVKVFQ1blZuZVRn?oc=5
62e9ae167915ca94c3e442b8dc18ede4,2026-05-13,Kompas.com,"Lamongan Rekonstruksi 56 Ruas Jalan pada 2026, Target Kemantapan Capai 63,55 Persen - Kompas.com",Infrastruktur,F - Konstruksi,"Lamongan Rekonstruksi 56 Ruas Jalan pada 2026, Target Kemantapan Capai 63,55 Persen Kompas.com",https://news.google.com/rss/articles/CBMi1wFBVV95cUxNUUhrQTAxTzE4NWJjVjJBTm5pVnBwYXVJaVRjUEpqRklYRm1jSDZCaEotckpacldJU1BhTl9qTFVhXzlpWU9fWWpraWdnS3lLc3VJX0NMRmtnZFpOdlpvVXRjSWpwQnlIMV8zanlianh1QjNXWW9yYnNWWExFUHRCb1ZKMGlLWDBZbS1hb1IwLWVrS0x5bnZ1MFdqWVowaW1qMnNvdWhFUkVkV0N0TExXdFQta1Y1QUNxaEdZZFlOaTczbHVLal9wWDVPdHp6MUdUUUFEZGdnaw?oc=5
1263b570e652ae8a74a35da340db587c,2026-05-11,Surya.co.id,"Rawa Semando Babat Lamongan Berubah Jadi Tambak, Daya Tampung Air Menurun - Surya.co.id",Perikanan,"A - Pertanian, Kehutanan, dan Perikanan","Rawa Semando Babat Lamongan Berubah Jadi Tambak, Daya Tampung Air Menurun Surya.co.id",https://news.google.com/rss/articles/CBMiwAFBVV95cUxORzcwcFh6c1dMVjU5SzdEdkVOMGJTdHhqTEdpS2s3YXRkMXdEZTVXaEdDbGJJLUhsY3FxTXZBWEVIajM5X3pLOVRfRmJmcTk3VlU0LVJ1aWVtMmZIYzVmVnFnYXZRX2ZCeGRuYml5OUdHZW1OcnRyOHNPU1BUYVZTUUt2TFNNX1NZaW40MGh2NW5lTGxhcVpWc2ZzMEpNUk1uR0ZtS1lvY0JwelozQzRZTTdMRTdvS0U4cnRjZDNXSjU?oc=5
b93717dae6fcc14363f3ad2b45105f8d,2026-05-11,Pemerintah Kabupaten Lamongan,IWAPI Lamongan Gelar Lomba Berkebaya - Pemerintah Kabupaten Lamongan,Ekonomi Umum,"O - Administrasi Pemerintahan, Pertahanan dan Jaminan Sosial Wajib",IWAPI Lamongan Gelar Lomba Berkebaya Pemerintah Kabupaten Lamongan,https://news.google.com/rss/articles/CBMiWkFVX3lxTE1tR0lwV29VSVJxbkRLZ203TzJRcmtIUng0Ry1mamoxcU02MnlwWDdMWDIxS1N0cGFUbzQzOEU2U3RIMWlFUW5Kd3B4NHBTcGVVLUF3Z3ctWW1udw?oc=5
dbfaebe2c41696f5b8cb11f1b699f454,2026-05-11,surabaya.tribunnews.com,"Rawa Semando Babat Lamongan Berubah Jadi Tambak, Daya Tampung Air Menurun - surabaya.tribunnews.com",Perikanan,"A - Pertanian, Kehutanan, dan Perikanan","Rawa Semando Babat Lamongan Berubah Jadi Tambak, Daya Tampung Air Menurun surabaya.tribunnews.com",https://news.google.com/rss/articles/CBMiwAFBVV95cUxORzcwcFh6c1dMVjU5SzdEdkVOMGJTdHhqTEdpS2s3YXRkMXdEZTVXaEdDbGJJLUhsY3FxTXZBWEVIajM5X3pLOVRfRmJmcTk3VlU0LVJ1aWVtMmZIYzVmVnFnYXZRX2ZCeGRuYml5OUdHZW1OcnRyOHNPU1BUYVZTUUt2TFNNX1NZaW40MGh2NW5lTGxhcVpWc2ZzMEpNUk1uR0ZtS1lvY0JwelozQzRZTTdMRTdvS0U4cnRjZDNXSjU?oc=5
32e7e4ca47baa4c98d51ef426f3bf90f,2026-05-10,klikjatim.com,"Pastikan Ketahanan Pangan, Pemkab Lamongan Salurkan Bantuan Beras dan Minyak Goreng ke Ribuan KPM - klikjatim.com",Ekonomi Umum,"O - Administrasi Pemerintahan, Pertahanan dan Jaminan Sosial Wajib","Pastikan Ketahanan Pangan, Pemkab Lamongan Salurkan Bantuan Beras dan Minyak Goreng ke Ribuan KPM klikjatim.com",https://news.google.com/rss/articles/CBMiyAFBVV95cUxOcDdBckM4eVVHS3BMYVJ4TWpNX3J6bzB6N29OaFBaX0dxNncwTEF5eTloczVHalBNQms3a3pNbjFHLVBWUkV0T0ZJT2RmMWg4R1pHSTNQU2gtYU5TZXdQMjlzRkhnNFJnY042bHg3Q3FuNjJ1aFFWLUlONnhIdFdCWS13dy1VaWZCV3o5OXJpQ2M2bjFKVjhtQkNrZU5zem8yMkpqalZGWjZPV2xQX0tHUWFpSngtTmtNT0E0S0N6TVBxcV9EQzluV9IBzgFBVV95cUxNTmFfLXRzSjZOX2t4LURiWXBNaVJkX3drd0NORUdXbjV4OVhGS3BkYnhWclFpbDdCVEE2enlHVTIyMGUwQ3JFOVliWVY1NnlkX1BucnZkY3YwYWFXMldLSVZpVlVNdzdOb1R4SzFrQUw5cTNGX1M5OFhSZjJJXzRVSjFkUkV4eFNUOEhPa3hOSkxTNDVoSkdWS2tVbnhwTV9FU0VrQkJlZ3hfLUt1X19HWGVNZkpFXy04RjQ2aXdfbzc3OXZJNFhicDNlVDl1UQ?oc=5
c6c3600019ad41042bd3561f2f7412d4,2026-05-09,Antara News jatim,Pemkab Lamongan salurkan bantuan pangan bagi 177 ribu KPM - Antara News jatim,Ekonomi Umum,"O - Administrasi Pemerintahan, Pertahanan dan Jaminan Sosial Wajib",Pemkab Lamongan salurkan bantuan pangan bagi 177 ribu KPM Antara News jatim,https://news.google.com/rss/articles/CBMiowFBVV95cUxPVW5CcHBMZkdFZ1VranNtSzAwbVRWdVJ1MG50WGdJSVpOTGVzN3BTZ1g2X19ETjhkUDNGQ2laNFU1Mk5UUE91aEJLTTJjRlVNMTVacVhVUW81TWZiTmtyY0dsVzIwN2p2LVR6QXdyaGpPNzh5aEV2TG16ZmdubEdpOXM1em9oTnBKMTVWd0tabHFQcF9CZGpJWlRKVmFoTGFjS0pZ0gGoAUFVX3lxTE1vWDY1Uzg2MHZkeVYwdzREZ05WUDh2NWlDRjhsWmNwcTlfTnVSZ0ZVdC00R2VTRXpsT05EZlhqTTlwMGExYW9ZYTk1TG5VMlVPWk9iNTFsZ05JcFloOHdaRFpwOXR4QldHenFHUVpwdGsxQ3A1cmU2aGhjUFdTMDFOMkZTbjU4U3FyU1A3bmx2RFpFWnNtMkNocEtuRHg1M2dIbXBVem8tVA?oc=5
5c42413874bb0cdc50ba581dbcdccf2a,2026-05-06,Pemerintah Kabupaten Lamongan,"Simfoni Kicau yang Gerakkan Ekonomi, Ekosistem UMKM di Balik Gantangan Burung - Pemerintah Kabupaten Lamongan",UMKM,"O - Administrasi Pemerintahan, Pertahanan dan Jaminan Sosial Wajib","Simfoni Kicau yang Gerakkan Ekonomi, Ekosistem UMKM di Balik Gantangan Burung Pemerintah Kabupaten Lamongan",https://news.google.com/rss/articles/CBMiY0FVX3lxTE05ZGowRGRfLWFtUDlaQjVleGduMTBnMERQbi0wbVotMjEzbER0MXR5WlVDUEpVMl9faE1NOGF3LVBBc2FtTWVZZC1fUkdUeDY0N28zZU5VTkVKenp2bVIxU1M1dw?oc=5
bdf9a5f6b84e19f3e30cecf9f5164782,2026-05-03,Radar Lamongan,Momen Refleksi Wabup Lamongan Hadiri Peringatan Hari Buruh - Radar Lamongan,Ketenagakerjaan,Belum Teridentifikasi,Momen Refleksi Wabup Lamongan Hadiri Peringatan Hari Buruh Radar Lamongan,https://news.google.com/rss/articles/CBMiuwFBVV95cUxPeVlVdDFiTi1GeGkzak0yeWhTdS0tVXFWa0NVcUVKWnFsaWc0VEQ2bVRSdldvdURMOFJGTUk3RTdGVk9RTXJGNEFUNTd3N0dKWkY1bUEyRWlQUTJSWVhDdWt2NzdUZkFyLWhpN0JaYVZROEpYUlZSRUFORl8tX1p1NXloa0UwUUNqejVqckFlWnZ0anZfbEhSdkVGMnVKeDZQMFVyV2RMQUhqUy1mOV9QNV9sZHFmb2pBaFdB0gHAAUFVX3lxTE9PSG94X0VoZmd5Mk5mNFZHdzZib2wzdkp5RC1rTjBEVkJ2ZV9rVEpTTHVHTlZWMlI2SHl2TF9yZkJaVkE2VFFSVzNRMmotSnZ0X2hMd3UzT2h6T3dVRFFRbHVVeklHZjZyZ3JndVNpajRvU3dMN1lqVXFXVmJXZHlWc3VFSTNlT2dYeHRqemNGWWd3Ri1PNFdGZGFUYnM4NTNYM1B3cklHLU5tOVBRZnV6X3EzSG1hRkVjTVBVQ1lJZg?oc=5
4cdc183f065658fab5165770cd14fcb5,2026-05-03,radarlamongan.jawapos.com,Momen Refleksi Wabup Lamongan Hadiri Peringatan Hari Buruh - radarlamongan.jawapos.com,Ketenagakerjaan,Belum Teridentifikasi,Momen Refleksi Wabup Lamongan Hadiri Peringatan Hari Buruh radarlamongan.jawapos.com,https://news.google.com/rss/articles/CBMiuwFBVV95cUxPeVlVdDFiTi1GeGkzak0yeWhTdS0tVXFWa0NVcUVKWnFsaWc0VEQ2bVRSdldvdURMOFJGTUk3RTdGVk9RTXJGNEFUNTd3N0dKWkY1bUEyRWlQUTJSWVhDdWt2NzdUZkFyLWhpN0JaYVZROEpYUlZSRUFORl8tX1p1NXloa0UwUUNqejVqckFlWnZ0anZfbEhSdkVGMnVKeDZQMFVyV2RMQUhqUy1mOV9QNV9sZHFmb2pBaFdB0gHAAUFVX3lxTE9PSG94X0VoZmd5Mk5mNFZHdzZib2wzdkp5RC1rTjBEVkJ2ZV9rVEpTTHVHTlZWMlI2SHl2TF9yZkJaVkE2VFFSVzNRMmotSnZ0X2hMd3UzT2h6T3dVRFFRbHVVeklHZjZyZ3JndVNpajRvU3dMN1lqVXFXVmJXZHlWc3VFSTNlT2dYeHRqemNGWWd3Ri1PNFdGZGFUYnM4NTNYM1B3cklHLU5tOVBRZnV6X3EzSG1hRkVjTVBVQ1lJZg?oc=5
633e718eaf6830f5a0c87b3c3ead350b,2026-04-29,klikjatim.com,"Lepas Kloter Awal Jamaah Haji Lamongan, Bupati Yes: Jumlah Jamaah Meningkat, Simbol Kesejahteraan Masyarakat - klikjatim.com",Ekonomi Umum,"O - Administrasi Pemerintahan, Pertahanan dan Jaminan Sosial Wajib","Lepas Kloter Awal Jamaah Haji Lamongan, Bupati Yes: Jumlah Jamaah Meningkat, Simbol Kesejahteraan Masyarakat klikjatim.com",https://news.google.com/rss/articles/CBMi1AFBVV95cUxPbFAySE5lUklZbjY3dHJvc1BsbTBia0xGeW5uVy1WWnN4bW5KRjI5akVIT2QtLV96UklkUUV5OFMxdFU2OUZkU3FGdGJuVEs1cEpUUUViYURPZEhadFhfNDBYaEFrUzNqcXp0NXYxcC13R1VNWFkzUGptUFY1emlfOTcyWUJ5ajRpNkdEaVc2OF8tVTFWX3RZRUV1N3dhS0tMaXJ1RTJiSHBWY3Z2U2hlb1dCckRleXowZGtkUkp3VUNXNjlxTmNwTTFWOVRVbTBINTRLNdIB2gFBVV95cUxNUmhsZGtYUXBjMS1VUUVwaDdpajNkNVVRcW5BcUd3R25ydWNZMkkwUVBZeVNyVHJiOGstN3hwdlotTTZWRzZmc0VJaGFtbkUxOW9zaGFtRXd2OXJTamZBTnV4a0prSXZ3Q2VocXh5RjA4Y0RFcFZKdWo1d05QZ3hDdVdsMDI0Z1JkWUxZcjh0d2ZMSTNuay1jVl9zOVR1clEyTExsWFlQUWdPanBEZFc1UEpoMEpKbkx4Z0M5cXFsRnRMMnBmOHVBSmpXY3BwbnlmQmM0X3g0MlJWUQ?oc=5
d7cc0f4dbe3a51b0bcad7bb413cf0ef9,2026-04-27,kilasdaerah.kompas.com,"Peringati Hari Otoda Ke-30, Bupati Lamongan Tekankan Sinergi Pusat-Daerah - kilasdaerah.kompas.com",Ekonomi Umum,"O - Administrasi Pemerintahan, Pertahanan dan Jaminan Sosial Wajib","Peringati Hari Otoda Ke-30, Bupati Lamongan Tekankan Sinergi Pusat-Daerah kilasdaerah.kompas.com",https://news.google.com/rss/articles/CBMi1AFBVV95cUxOUkJadEdKb0tYN01ocnh1ZHlsc1lDX3BxZy1PYldSQWR2d0lHWXNLNGIweWtDd3ZGSGFNTGdSVEh3WTdodXpjVlNrVHZ2NUtMY2lja2JhSmlOa2NuMFJQdU5KalZHdVl0TEhZUERuYjBfVFpZUG05c1RXcUV3R2I2ekkyRm9fT0Q5N295MkhlUHBBYnVxTjRackhvRzVGMTJSQURuX3pBUnk3RFFENHh6R05IZVdxRmFYUDNUM1JUVF95OUI0ZEpMMTN4OGh6bGQyRElCZw?oc=5
e8025e80408230e64094aa77d11da45c,2026-04-27,Antara News jatim,Bupati Lamongan minta Dekopinda perkuat ekonomi koperasi - Antara News jatim,Ekonomi Umum,"O - Administrasi Pemerintahan, Pertahanan dan Jaminan Sosial Wajib",Bupati Lamongan minta Dekopinda perkuat ekonomi koperasi Antara News jatim,https://news.google.com/rss/articles/CBMiogFBVV95cUxPZ3VyNHVlRnVRZ1YtNkt0Y2ktclM3cWd6MVowNFlVaGZkRC1UZkJ0VHp0cHZDUlF5UUlzTThOZXEwWTA0bktkMXRjcnlENnJCSy1Ibk56OHV3UW9lbWhFWVg3dlJTbEs3dUtSV3lLLTlISHF5V0laWmxVUHlJd0ZaRzc2OS10a1NyLUNPTExBRHVYR3gyMG52ZGhXd3g0WS1MZ3fSAacBQVVfeXFMTUdFWmFUbDVYZzlRNjV6YzBQREl5ampacF91UFViUTFNTk50MGZEeFZad2ROSGw3cDFUN0Y4Y1ZydGhvMl9nNE5wcjdFOE0zNW41bTQtWmpSUGZLdndsa0FYd1JyM1hPS0d6Sm9rckZmaFJpM3p0MUZ1Z09XNXVObGFSVUdKcjZfUHAxdmNOTzVpbEdhMEYwVVQ1RHFpZGg3cGFjYmdkRFU?oc=5
695e4b4151aa6ae95f6518125a97a44c,2026-04-27,Surya.co.id,"Upacara Hari Otonomi Daerah 2026 di Lamongan, Bupati Tekankan Sinergi Pusat dan Daerah - Surya.co.id",Ekonomi Umum,"O - Administrasi Pemerintahan, Pertahanan dan Jaminan Sosial Wajib","Upacara Hari Otonomi Daerah 2026 di Lamongan, Bupati Tekankan Sinergi Pusat dan Daerah Surya.co.id",https://news.google.com/rss/articles/CBMi0gFBVV95cUxNa1FiVE5nMmQ3MWdpc0lpMUhlbXlIZXVIR2JBSnhENDV3ck1WSWt4VHhIRC1meWZsbHFFdk5mQllXczI5QVZYd2Y3dzByX1lkNnBkaFB5dzZpcTFuMjhLZlQtUVJoQ2tyaW1mbDF0ZDNwN0x6LXdFZFBTLWdBOTVjSEo5U3o0ZGs0OWpQOWd3dk85bDFWall0ODFMeGZBTUpRSGxlUzQxX3BBU1NiTHhnZl9RRUJMaUQxMHFWNWNRYVZ1aHBVeGwzOGdkdk5RcjVkSVE?oc=5
303c3e38198baf47997b88df95576f02,2026-04-27,Kompas.com,"Peringati Hari Otoda Ke-30, Bupati Lamongan Tekankan Sinergi Pusat-Daerah - Kompas.com",Ekonomi Umum,"O - Administrasi Pemerintahan, Pertahanan dan Jaminan Sosial Wajib","Peringati Hari Otoda Ke-30, Bupati Lamongan Tekankan Sinergi Pusat-Daerah Kompas.com",https://news.google.com/rss/articles/CBMi1AFBVV95cUxOUkJadEdKb0tYN01ocnh1ZHlsc1lDX3BxZy1PYldSQWR2d0lHWXNLNGIweWtDd3ZGSGFNTGdSVEh3WTdodXpjVlNrVHZ2NUtMY2lja2JhSmlOa2NuMFJQdU5KalZHdVl0TEhZUERuYjBfVFpZUG05c1RXcUV3R2I2ekkyRm9fT0Q5N295MkhlUHBBYnVxTjRackhvRzVGMTJSQURuX3pBUnk3RFFENHh6R05IZVdxRmFYUDNUM1JUVF95OUI0ZEpMMTN4OGh6bGQyRElCZw?oc=5
0b2e20c2d00eccd3b13b4d6462dbf634,2026-04-27,surabaya.tribunnews.com,"Upacara Hari Otonomi Daerah 2026 di Lamongan, Bupati Tekankan Sinergi Pusat dan Daerah - surabaya.tribunnews.com",Ekonomi Umum,"O - Administrasi Pemerintahan, Pertahanan dan Jaminan Sosial Wajib","Upacara Hari Otonomi Daerah 2026 di Lamongan, Bupati Tekankan Sinergi Pusat dan Daerah surabaya.tribunnews.com",https://news.google.com/rss/articles/CBMi0gFBVV95cUxNa1FiVE5nMmQ3MWdpc0lpMUhlbXlIZXVIR2JBSnhENDV3ck1WSWt4VHhIRC1meWZsbHFFdk5mQllXczI5QVZYd2Y3dzByX1lkNnBkaFB5dzZpcTFuMjhLZlQtUVJoQ2tyaW1mbDF0ZDNwN0x6LXdFZFBTLWdBOTVjSEo5U3o0ZGs0OWpQOWd3dk85bDFWall0ODFMeGZBTUpRSGxlUzQxX3BBU1NiTHhnZl9RRUJMaUQxMHFWNWNRYVZ1aHBVeGwzOGdkdk5RcjVkSVE?oc=5
c6cfd2061e12c3e8cb4a7c2cc6c13003,2026-04-25,klikjatim.com,"Bukti Pertumbuhan Ekonomi Inklusif, Kabupaten Lamongan Sabet Penghargaan Nasional Top Regency in Agro-Maritime Food Hub - klikjatim.com",Ekonomi Daerah,Belum Teridentifikasi,"Bukti Pertumbuhan Ekonomi Inklusif, Kabupaten Lamongan Sabet Penghargaan Nasional Top Regency in Agro-Maritime Food Hub klikjatim.com",https://news.google.com/rss/articles/CBMi5gFBVV95cUxPaFFoZFVWQzdMbHY5VTFLdGhmMlJ3ajFiWnQ3ZTIxY3VQSk5jMXZ3VmU4b2gyU2hfMDN4ZTFrbTFibHUwMWpMUDQ3alF1clhoaUFOQVZkOF9fcVhRZGoxNlhtaThBaW5KQnBhUm91dTdIc1RJanlBTXA1cE5sckdpZGRGYUNxaktQU1VpNDNSMnBlVFphZEtRTEo5dGY0YndURWxuS1lIVVBaYnM1ejlxaFRZYTExRXFPOHdLYmYzWGlJb2wtN2F6NmNCN3d1U2JlUHlsZXdCeERic1NiMWgtZVVTN1BSZ9IB6wFBVV95cUxNMXVROV96TTRtV2NVUFJVWF9seDJkd2Ntekx4RDc5ZVg3Q0dIc0xZczUtU1FyNmY1c2tjaG5sUTFza0dMeFJvVFFId1h6MEJDdDR6UHNRa2dXOWRlWlY3YkVmcnJONjRFOG9ZQnRsVF9LQVpieTY1eXQwOFF6VU9HbE1BY3NHYkIxbkhRQURQdjNMZmx1ZlZyeDYyempDX1BabzJlWWs3ZlNudWM4ZXhVTW5td3BtTVNkc3E4aWV3MTREbW9vUDlGWVBaamJ3RmFaZnFkekg4TWdCYzR3QzNHbG16bDNxaWE3dXc0?oc=5
addac5bec262411eb82e5825b5320d65,2026-04-25,Antara News jatim,Pemkab Lamongan raih penghargaan nasional sektor agro-maritim - Antara News jatim,Ekonomi Umum,"O - Administrasi Pemerintahan, Pertahanan dan Jaminan Sosial Wajib",Pemkab Lamongan raih penghargaan nasional sektor agro-maritim Antara News jatim,https://news.google.com/rss/articles/CBMiqAFBVV95cUxOMF8xWXRmZndCMnN4NHZ0UXRLNS1jT3NDTnBUUGZyQXlHRHBscERmLURKTk9KMHgyUVEyNnU2SGk3V1A2Tk8wcXBjVVhWY2pLTmd4NS14Wk83Vk9EZ3hxMUJYZFNieFRLRWMwbHF2RmQtSUJCemlIWmQ0V2NvcUd3M05GQVNLZFNRaHR1LUgydGp0V1BOMUY4eDdLaXVqUzRHU0c0bzREVEfSAa4BQVVfeXFMTnZIamJ5bXlXQ2NDZVdIYWlBOGRDODloWFh2V0QyWFBNWTJtM2M4Z2EtdVBSamZjVExLdVdGZWVvbG02UDdqRkJ0Sjl0X2xrbGpmNVZqX0JGOXVjUWx0c2RJYkdBV3NnNWo5bTRUYTIwNEl4TFB4M0RSVTlycjY5cE5iWEk0S3FQZGM4U2c5ZUpfckpRczBjcXhHcU92SzlhcUJscllZaWQxYUNjbTF3?oc=5
895b26e7bfd8e780e9fad5a2c8fc3a7c,2026-04-24,Pemerintah Kabupaten Lamongan,"Dorong Pertumbuhan Ekonomi Inklusif, Lamongan Raih Penghargaan Nasional - Pemerintah Kabupaten Lamongan",Ekonomi Daerah,"O - Administrasi Pemerintahan, Pertahanan dan Jaminan Sosial Wajib","Dorong Pertumbuhan Ekonomi Inklusif, Lamongan Raih Penghargaan Nasional Pemerintah Kabupaten Lamongan",https://news.google.com/rss/articles/CBMiWkFVX3lxTE4wa3JqYi1qN3hXVjhYTmdaUUlNYWlod0tDUGZXRFh0c2ZkaTA3azFZWkZOQk5yLWZxWGVnb1hjemp3WjlEQXVqOHhkeUhhYnVIWE5ZT3NINkpSdw?oc=5
6df609deacca7d62c1a861b1a69803e5,2026-04-23,jatim.bpk.go.id,Lamongan Serahkan LKPD Unaudited Tahun Anggaran 2025 - jatim.bpk.go.id,Ekonomi Umum,"O - Administrasi Pemerintahan, Pertahanan dan Jaminan Sosial Wajib",Lamongan Serahkan LKPD Unaudited Tahun Anggaran 2025 jatim.bpk.go.id,https://news.google.com/rss/articles/CBMikgFBVV95cUxQTVQxcWRfR2dnR2p3OWxLRUx0YVBmMl9wNjZacUxyLVp3UTE2M3cydGlUS21uNm90NUxQdXJ4bktNcm9PbTJ6bG5OVG5zMEJabXQ2SFkxY2lyQW5JVHA5aDlMcUt2QTRiNmdBOWlsUWJ3U2FBWENubTlzckNjOG5JMUJuQVVpRURYY1p5ZmZiakNUUQ?oc=5
426141edb6526c4353a081b7f94dea12,2026-04-19,Antara News jatim,Legislator Lamongan minta alumni PMII ambil peran di program pemerintah - Antara News jatim,Ekonomi Umum,"O - Administrasi Pemerintahan, Pertahanan dan Jaminan Sosial Wajib",Legislator Lamongan minta alumni PMII ambil peran di program pemerintah Antara News jatim,https://news.google.com/rss/articles/CBMitgFBVV95cUxOeFdMSVVYQmxJME4xT0NNaGVxUjRveXY4ZXV4dXdYY0FQMC1IM2gwUnhMeEdtLUpLSUtjbi1jSTg5Q2ZtblBlQkR2SEZMVTVYc1RNU2FRN0hkOUpUdUJlZjRhQjhWeG5SUkdLeEdva1dGUmtUb3pYYUk4d0wwcGhFbTFaN2ZpSXFOV3dqd1NrX1pFdEpMZ1BSUkN1T3lCZno2RFc5Z3ZGYktjVUcwY2JZR2lNTnNnUdIBuwFBVV95cUxOQmE3dWdhS1ZnX2dXTjJCZ3JZbmN2VGJWem9DSFBoQ3huZXVQNFhCdU0tcFp3RTdGbVA0b3BFTW40WTZWLTBnTWF4aFhkM2FDQ044SkVYbjhMa1NVTkJCYkhkZGlGYXRuUzBtYXB3Z0M0TnlpaDlFeDRsOHB1aHRNdDd5ZnpGUWM2RVhQb3hzVVMwdTU0NWpHakMyVThyLUEzc0hfcW5JaDM1SWJ0UGQzSjJHclNUWlM3a3BV?oc=5
3d06c3dbaf5f9d3da16843a856e647de,2026-04-17,klikjatim.com,Pemkab Lamongan Usung Strategi Komprehensif dan Terintegrasi Atasi Persoalan Sampah - klikjatim.com,Ekonomi Umum,"E - Pengadaan Air, Pengelolaan Sampah, Limbah dan Daur Ulang",Pemkab Lamongan Usung Strategi Komprehensif dan Terintegrasi Atasi Persoalan Sampah klikjatim.com,https://news.google.com/rss/articles/CBMitwFBVV95cUxNM092WVlpTWFaYkFkZkJCTFppN0VrYnZRd3BYTkJpaktGRUJubGRHdjBMc2lVVExDNnkyLTBBNlNmNmk5V01UNUZRRE03NDA5WVB6R2xrUU9hejFWSGxjUnllSDEzZzUyaVpmTEN4dnBORWFUeHpJQ0RodDZVY2hld0puQXpVbVpzR3Y4Y3BRanozZDFCQVE4ZGNXdnhJWDhNd1dBT3lMRTBYVTV6aW56R0Y3WUFNY3fSAbwBQVVfeXFMT3F3elJFQ1VWZERaNEowSmEyRnZuWmh5T3JsZVlod0pMX0NZZ0NZdF80Nks3TjlQWUtDdVJRMzRaNWNxbVBlZmtKWE53Xy1HWm9MTnVNXzVaS3cwSHBIWDZjM2piZlQ5TG1VcUZNRUNPMVNzYlFDb0lOaFlLV19WZWl2V2lMRng2YVFBTmQydE9JY0xTR3pBV2dRWkczX3lfV0hmdlZESkxLM1pHUUZpaUNudVBvSFhzMnRSMkU?oc=5
9c51e578da97b01e0c7fdf62aea068ed,2026-04-17,radarlamongan.jawapos.com,Pohon Tua di Pinggir Jalan Raya Lamongan Rentan Tumbang - radarlamongan.jawapos.com,Infrastruktur,F - Konstruksi,Pohon Tua di Pinggir Jalan Raya Lamongan Rentan Tumbang radarlamongan.jawapos.com,https://news.google.com/rss/articles/CBMirwFBVV95cUxPdUwxaThfTjhHVElibXc2bkMwbjRGZVRLRmxuSmZPNDVMUHF3UjdpNV9nTmFYeDlCblBId0o3MGpFSmFjcTZpZXFXbFpkVXBHNTlDekpJTHQyck9iUU9QN2hJSnRuRWVqSnJ1MmxlSXBFQVZfNVo3SmxYZzFoaWJKZEtaZm5CVE9SVjhfZE5CUG9XbUhvZW9qdWtBNEFDYXNxWUltbXpVVmZpSkFZTnE40gG0AUFVX3lxTFB0OW1pWUZUbDRuZWdzSTFMWERTdXhxZG5yX2liT0RFQUoyTnN4ZTd2NjBmbGI4S3A1ZEN3Yy1tajQ1blMtWFctOWpJdWtLOGRrdy1QbWFsWHdUV25icUM3dENTd0NoZUd5T21mTW55dDIwc2lVMklNaHNuTWV0dndvZ1lUQVlabXF0LS1ad1pTUld6eE90YWtCQmxIcElqeXJxZUhueGhjSWJ5b0lyemdEamVNbg?oc=5
669f571fdabb329090780d413d50ec55,2026-04-16,klikjatim.com,"Gairahkan Semangat Lamongan Nyantri, Bupati Yes Buka MTQ ke-28 - klikjatim.com",Ekonomi Umum,"O - Administrasi Pemerintahan, Pertahanan dan Jaminan Sosial Wajib","Gairahkan Semangat Lamongan Nyantri, Bupati Yes Buka MTQ ke-28 klikjatim.com",https://news.google.com/rss/articles/CBMimgFBVV95cUxNeUozZWhuQUxpM3p1VnVXaDVYOUN2VmNzSG1Nd3YtX240M3U0ci1MNDhsc3ZDWjJOUzlvZURmMEV2eVg1cGVGNGVfU1NFMEthMEZjTTkxSXdERGFwbHBEUndFT0RCY2RjMXRfUG16ZnY4dnhwZkVjTDZKRFN3aHZoMHFtUVE3eVh2SDQ3aThLUHdEQlk2WTZONlp30gGfAUFVX3lxTE5KSEN6ME1yNDZ0T0l0Zll1LTNBOGdINzUyMW1FZDJWV0xUQzk2azhlSVdfZnR4Q3g0MkV3RXNrTllKREhTVVdjRkZESjNzYk1YbUNmMmk5RWRsQkJIOWdLb1BibTlqWmVYQXZ6enhaaWdSTk42QXh5bEhUMU5meUdqU0lMbFpuS2dxbEVNdmtUNlNFRHY0c1k2NHNQNWxOUQ?oc=5
fa8359e433360083b91de5beee75d7d3,2026-04-16,kilasdaerah.kompas.com,"Produksi Sampah 550 Ton Per Hari, Ini Strategi Hulu-Hilir Pemkab Lamongan Ubah Sampah Jadi Berkah - kilasdaerah.kompas.com",Industri,C - Industri Pengolahan,"Produksi Sampah 550 Ton Per Hari, Ini Strategi Hulu-Hilir Pemkab Lamongan Ubah Sampah Jadi Berkah kilasdaerah.kompas.com",https://news.google.com/rss/articles/CBMi1AFBVV95cUxPWFl4M0pqNXBEdEowdmFmZFFXYUo2akFFdGVLRW1MZlQ4SE02a0JLVDFCNTJWajM2ZU83QU9Dc0dmMmdacVVoMUxWZ1RhdEZZQXgxTHFfaXlKdU5aU1luakZZMDhfamUxZnJLbVVrdUZzRWliZmhyejhyb1g3VDl3cER5VmczaWwzMTQzQUZqODVVZUhiaGtNRkRmaE96SWs0TXZBMzl0X201a3piRThaRk5pQkFiMUp4UTVqNmhJMkF2V2w0SDRpXzVUdUg2aTlVaExkOQ?oc=5
d364470c7adce35acccb5d19dfea91af,2026-04-14,klikjatim.com,Lamongan Berjaya di Nasional: Bupati Yes Sabet Penghargaan Top Pembina BUMD 2026 - klikjatim.com,Ekonomi Umum,"O - Administrasi Pemerintahan, Pertahanan dan Jaminan Sosial Wajib",Lamongan Berjaya di Nasional: Bupati Yes Sabet Penghargaan Top Pembina BUMD 2026 klikjatim.com,https://news.google.com/rss/articles/CBMisgFBVV95cUxNcUkwMF9JM21OUmVZZGVrZGZjN2JZWVJiRTBvZTZBdmhCY0tDN3d1UU1zSGlXQnE1Z2txUGJCdkZDbExLbU5WczN1dHpUZlMwSnI4eEhHZ2lBRVAxSmx6SnR4VGhNWlJpOEs0MFhKbGxRSTBXeTdHcGJ3SDZUTEozTkxMOXJoMmh2ZEo4NDgwQlRZNk9BU2Zqd3I2bEo0M3RXWFI0NTh0d0h3OEQ1TlpydlRn0gG3AUFVX3lxTE03eXBmOWZ6QkU4T1B1Z25oUXhtbUpyMUItbGVHYW9RS1JlOS1HdlFLckJVQXBQcTQzVE5LcG92emRBLUlNS3ZDNlY1Z0JkUnRFUTROWHdROXBhd1pnbHVSRXdHWXJULS1mOGNyak5jd0htdVMyd2hELXhsOFRleGthNUZDcWxRa1dOTzl5alRSUWMzRnFTY3kzWWhFZ3g3VlVPOVFDMDQtdjVaczhjZ0Jhc2FMTkZWWQ?oc=5
68f21a62935909ab6b2c2291cb0e7f91,2026-04-14,Antara News jatim,Bupati Lamongan raih Top Pembina BUMD 2026 - Antara News jatim,Ekonomi Umum,"O - Administrasi Pemerintahan, Pertahanan dan Jaminan Sosial Wajib",Bupati Lamongan raih Top Pembina BUMD 2026 Antara News jatim,https://news.google.com/rss/articles/CBMijwFBVV95cUxQeVIxbFVySG9TY1FjSE1pcGxmbkVsWlp2bnNfanMwcG1GLUVkRk9sb1FYYXN0RG96RTBwYThJSDVzZ1hBQkp3OW5GMGMwbktOMWFscWthVm5IcWEzNTRQa0MwdXE4ZzFnRjl2VDVFXzhfclpjTkZzVE52aHd4NUxQLVFlSHBneTJnclIwTklOZ9IBlAFBVV95cUxPbU1XMWlTVURSc2JlOEdwY2pHLS11eVlTZ2k4b18tR2xjR01uYkd2T3hxbkRLTWE3Z2RNZ0ZHSXR3OC1zdlhZVU5EZm5UcmVoRFc1Q1RBS2l2Z2dJQWtYZUtJTFVVUExMeFpCZi1WZDlMZWc1RG5WVEJwTWN1aUU2VW5XOVUxVkRvUGZodVFpcUdDUEQx?oc=5
f4004d6d7b3bc4c274e727794e777b36,2026-04-13,unesa.ac.id,"Putus Rantai Pengangguran, Unesa dan UM Petakan Potensi Lokal Lamongan-Pamekasan demi Hilirisasi Ekonomi - unesa.ac.id",Ketenagakerjaan,Belum Teridentifikasi,"Putus Rantai Pengangguran, Unesa dan UM Petakan Potensi Lokal Lamongan-Pamekasan demi Hilirisasi Ekonomi unesa.ac.id",https://news.google.com/rss/articles/CBMiwAFBVV95cUxNb2N3cUgxMlZWdDVDN3RnSVRlUkRLUkZNTlRlQnFhWkdLbWgtRXd3aWt4R1F6TEY0RjhnUDFOaHlDcE8yejFWMjlRN255UDdMa08zeDNXNUp6S3JYX3NZRlpnTDBYTlBlM0lBYXNqeWFNZlNYdmNJN1pVcmxXVE9jVjNHVHh6MVBma3p2aUdTekVJdWl2MDZJUkNpS1h2OW5TOFY2UUJfY1Jxdkt5ZEJDdmpEdjVPdFJYWk55V0JfS18?oc=5
be075c41bda03191f9417c96347cc206,2026-04-12,Radar Lamongan,"Jamula Berkelanjutan, Indeks Kepuasan Layanan Infrastruktur Lamongan Meningkat - Radar Lamongan",Infrastruktur,F - Konstruksi,"Jamula Berkelanjutan, Indeks Kepuasan Layanan Infrastruktur Lamongan Meningkat Radar Lamongan",https://news.google.com/rss/articles/CBMiywFBVV95cUxOaXBpYTZmOHVPd0N5aUhhS2E1Y0pBM2hUdEVfYnJVdzBoc1M3ZHdyZlM5UWwtaGZlb1k3WFZnNG8tWGtOLWN1OWJ2YkdpZG9EVlYwOFpCTWkyLV9ZRFBSVW96TXpFTGdSWWhEak5ZNnlES0FfeEMwREFnZDcwcTNmSlFKSFE3YXl2WVlEczU4TzV2SzlBYzhMb1NMVDhNYU50UnNLY2NEYndoNW9hRjI2MXhPNmxzYncyWFVSWldiSjVBaVp4QzVQOTB2NNIB0AFBVV95cUxQZnBqWEhjeXc4eXAwZ1FGa3llQmxxS2gtZHZBVXF5TWZSZmFmbEFhazJfeVllZ0QwZFNTS1pwS0NRUmdBTmNmWHFpNFlWTl9BTEZicTc5bkV2U3ppZUlEQmduODBrZC1seVZCZ0xJNktlRkVCb2lnVGZfZk1BWjIxRVdmRVRZeC1mQjVxSlFwSzBCbGttVFNlTDNja3JheW96Qm42SmxUdC1nLUtvcklhM3pQNXgzdVhkeEdKdVQxN21Ka0FRU0RxQktBWjIxRXA3?oc=5
6d7a3e5ec36f395055e905f677e5263d,2026-04-12,radarlamongan.jawapos.com,"Jamula Berkelanjutan, Indeks Kepuasan Layanan Infrastruktur Lamongan Meningkat - radarlamongan.jawapos.com",Infrastruktur,F - Konstruksi,"Jamula Berkelanjutan, Indeks Kepuasan Layanan Infrastruktur Lamongan Meningkat radarlamongan.jawapos.com",https://news.google.com/rss/articles/CBMiywFBVV95cUxOaXBpYTZmOHVPd0N5aUhhS2E1Y0pBM2hUdEVfYnJVdzBoc1M3ZHdyZlM5UWwtaGZlb1k3WFZnNG8tWGtOLWN1OWJ2YkdpZG9EVlYwOFpCTWkyLV9ZRFBSVW96TXpFTGdSWWhEak5ZNnlES0FfeEMwREFnZDcwcTNmSlFKSFE3YXl2WVlEczU4TzV2SzlBYzhMb1NMVDhNYU50UnNLY2NEYndoNW9hRjI2MXhPNmxzYncyWFVSWldiSjVBaVp4QzVQOTB2NNIB0AFBVV95cUxQZnBqWEhjeXc4eXAwZ1FGa3llQmxxS2gtZHZBVXF5TWZSZmFmbEFhazJfeVllZ0QwZFNTS1pwS0NRUmdBTmNmWHFpNFlWTl9BTEZicTc5bkV2U3ppZUlEQmduODBrZC1seVZCZ0xJNktlRkVCb2lnVGZfZk1BWjIxRVdmRVRZeC1mQjVxSlFwSzBCbGttVFNlTDNja3JheW96Qm42SmxUdC1nLUtvcklhM3pQNXgzdVhkeEdKdVQxN21Ka0FRU0RxQktBWjIxRXA3?oc=5
6fe941d7492539a54b29ad191d04569c,2026-04-11,Radar Lamongan,"Tumbuhkan Minat Baca, Dinas Perpustakaan dan Kearsipan Daerah Lamongan Survei di Kecamatan - Radar Lamongan",Ekonomi Umum,"O - Administrasi Pemerintahan, Pertahanan dan Jaminan Sosial Wajib","Tumbuhkan Minat Baca, Dinas Perpustakaan dan Kearsipan Daerah Lamongan Survei di Kecamatan Radar Lamongan",https://news.google.com/rss/articles/CBMi5AFBVV95cUxPWWIzaUdSclRUQnpZWTQycnF4SU9zdEJpV09TNnVNM0FxSnJZR3RGaU5Ld3FoaThKMXdrU2N3NzRFSTRZeTJNbmJNYkh4Um1Hc2JocHRFX19iZTJBc2hVajJKbnRxcUc0d19KNU9BeUJGX2hfSXd5VWFjcVdhSmFXRXlDQlM4LWdmVXRJVzhMY0F3T2J4ZUJ0VjVFazJ0dFpReml5YmlkTzhXbEhobkdJeDdYeHJEZkxhTmxhSFg1TVM2djN1dmV0Zlk5X1RLenQ5OURRLXNxcVkwMnRVVk5pZ0d0MHjSAeoBQVVfeXFMTWp5ZE4zeDRmN3JLSjR2Y0FUT1pja25wSHZFZWw2cDZ2c3NsZHl1dGduR0RLV1NSajRjV1hHZ05jalp2NlEydlA2WUFobVpWd1ZCekdsd2V3S1ZnV0FyRG9BVHZaT29kd3JZbk00WmlTb2JtNm1hNDk1Zm10RjF2VGFEdVFJMXJubTBPdmpEeE9qeFN0N3R6dmxfSC1PamlveWc4UWlHdlZwcGdhRk02MHFQTHhXbTQtQzlyZEo3aC1HNS15VTBadEloMW5fZ3hvbnRlaUNtUVR0dV9mWWpPdjN4TGRsbHZmenJB?oc=5
3ca72c77cd3989c027853f9de7173b1b,2026-04-11,radarlamongan.jawapos.com,"Tumbuhkan Minat Baca, Dinas Perpustakaan dan Kearsipan Daerah Lamongan Survei di Kecamatan - radarlamongan.jawapos.com",Ekonomi Umum,"O - Administrasi Pemerintahan, Pertahanan dan Jaminan Sosial Wajib","Tumbuhkan Minat Baca, Dinas Perpustakaan dan Kearsipan Daerah Lamongan Survei di Kecamatan radarlamongan.jawapos.com",https://news.google.com/rss/articles/CBMi5AFBVV95cUxPWWIzaUdSclRUQnpZWTQycnF4SU9zdEJpV09TNnVNM0FxSnJZR3RGaU5Ld3FoaThKMXdrU2N3NzRFSTRZeTJNbmJNYkh4Um1Hc2JocHRFX19iZTJBc2hVajJKbnRxcUc0d19KNU9BeUJGX2hfSXd5VWFjcVdhSmFXRXlDQlM4LWdmVXRJVzhMY0F3T2J4ZUJ0VjVFazJ0dFpReml5YmlkTzhXbEhobkdJeDdYeHJEZkxhTmxhSFg1TVM2djN1dmV0Zlk5X1RLenQ5OURRLXNxcVkwMnRVVk5pZ0d0MHjSAeoBQVVfeXFMTWp5ZE4zeDRmN3JLSjR2Y0FUT1pja25wSHZFZWw2cDZ2c3NsZHl1dGduR0RLV1NSajRjV1hHZ05jalp2NlEydlA2WUFobVpWd1ZCekdsd2V3S1ZnV0FyRG9BVHZaT29kd3JZbk00WmlTb2JtNm1hNDk1Zm10RjF2VGFEdVFJMXJubTBPdmpEeE9qeFN0N3R6dmxfSC1PamlveWc4UWlHdlZwcGdhRk02MHFQTHhXbTQtQzlyZEo3aC1HNS15VTBadEloMW5fZ3hvbnRlaUNtUVR0dV9mWWpPdjN4TGRsbHZmenJB?oc=5
ad1b7c573c503cb166058931134a69cb,2026-04-10,Radar Lamongan,"Jelang Nataru, Polsek Sukodadi Gencar Razia Kafe Jual Miras, Pemilik Digelandang ke Mapolres Lamongan - Radar Lamongan",Perdagangan,I - Penyediaan Akomodasi dan Makan Minum,"Jelang Nataru, Polsek Sukodadi Gencar Razia Kafe Jual Miras, Pemilik Digelandang ke Mapolres Lamongan Radar Lamongan",https://news.google.com/rss/articles/CBMi6gFBVV95cUxOUGhidWtrQ2NOWGZpWGR5TnlVbWN3eEwxSXhfUFROOVNuOERfV01USUx1T0NsRjVWYWZHTWVMeVduVkhLY25xQkdWUWcteG80aG5lNFNFUk03STZ6VEZQUE0xTmtNWnE1VmVQLXNQZmdtX0FILVc2NlkxQTN6NjBzTVdiRWNuWkZNNmdpazlZdHV0dXV2N285WHpwdHBFX1NrYjdYakRtcFhFa0FiaklmTUxKYmtYWlZEZDRDam44U1FTUFlWSnJzVHQzWEdxUXhTSFVCckNGUVBINU5pWEk1RGJZTklwbUxqMFHSAe8BQVVfeXFMTktDSjJ5UW82WTZON0RsNEcwYTNjRGtzeE5OWlRGbHMzMDhHcHZpVG1GNEFaY3lwOFBjLTI3SFdLMzNzblpOajB1dWxlTVJIZDI0U0dvY2x0Mm9BOG5kNnVlTFk4Q2JxRFJGbFE2dEw3cUlDSDFaRi1nSUpzcmh5akhOZ0dHYjMtaWRpazhoNkZtUkhiYzVKMHlabmJjWnhKcjlNZmdpNTU2R01tVVZGX0lySTNXdVNfZ1NHbzkxWHZObk5GSGlFV0E3UXZYekc3WW1TYWdTelRTTGdLQWlqN3V0c0NwMThOV3FRZkZlalk?oc=5
4fc644ab828c37fbd89216c48863d198,2026-04-10,radarlamongan.jawapos.com,"Jelang Nataru, Polsek Sukodadi Gencar Razia Kafe Jual Miras, Pemilik Digelandang ke Mapolres Lamongan - radarlamongan.jawapos.com",Perdagangan,I - Penyediaan Akomodasi dan Makan Minum,"Jelang Nataru, Polsek Sukodadi Gencar Razia Kafe Jual Miras, Pemilik Digelandang ke Mapolres Lamongan radarlamongan.jawapos.com",https://news.google.com/rss/articles/CBMi6gFBVV95cUxOUGhidWtrQ2NOWGZpWGR5TnlVbWN3eEwxSXhfUFROOVNuOERfV01USUx1T0NsRjVWYWZHTWVMeVduVkhLY25xQkdWUWcteG80aG5lNFNFUk03STZ6VEZQUE0xTmtNWnE1VmVQLXNQZmdtX0FILVc2NlkxQTN6NjBzTVdiRWNuWkZNNmdpazlZdHV0dXV2N285WHpwdHBFX1NrYjdYakRtcFhFa0FiaklmTUxKYmtYWlZEZDRDam44U1FTUFlWSnJzVHQzWEdxUXhTSFVCckNGUVBINU5pWEk1RGJZTklwbUxqMFHSAe8BQVVfeXFMTktDSjJ5UW82WTZON0RsNEcwYTNjRGtzeE5OWlRGbHMzMDhHcHZpVG1GNEFaY3lwOFBjLTI3SFdLMzNzblpOajB1dWxlTVJIZDI0U0dvY2x0Mm9BOG5kNnVlTFk4Q2JxRFJGbFE2dEw3cUlDSDFaRi1nSUpzcmh5akhOZ0dHYjMtaWRpazhoNkZtUkhiYzVKMHlabmJjWnhKcjlNZmdpNTU2R01tVVZGX0lySTNXdVNfZ1NHbzkxWHZObk5GSGlFV0E3UXZYekc3WW1TYWdTelRTTGdLQWlqN3V0c0NwMThOV3FRZkZlalk?oc=5
88c62d6530fa17a68647fcf9ef8909f8,2026-04-07,klikjatim.com,"Perkuat Kolaborasi Wujudkan PSEL, Bupati Gresik Terima Kunjungan Bupati Lamongan di TPA Ngipik - klikjatim.com",Ekonomi Umum,"O - Administrasi Pemerintahan, Pertahanan dan Jaminan Sosial Wajib","Perkuat Kolaborasi Wujudkan PSEL, Bupati Gresik Terima Kunjungan Bupati Lamongan di TPA Ngipik klikjatim.com",https://news.google.com/rss/articles/CBMixAFBVV95cUxQb3JmemktSnhqbkUzOHZ4UGFvUTBubUx3ZDdPUjZ3dGo2Vm1zdHZjNTVwZnI5TFQ1SHJRc3VCRG01Z2xqMjN4MVJ1bU5DeWk3dWpfck5XSjJZZFhHWEthcmJYdGVlRExURDdhZzY0NGYteWtuX0F5YnQzemtIZEM5enlNQ3B4WjlGMEU4UWNKbkhuRXgtQlU2UVhySWVocGc0YXJMSnQtdE5hOWh4R1AyNzFFOVZUSnVPR3FiT0U2akxnUFlB0gHKAUFVX3lxTE1sUzd4bi16bXBqdnlBQUZuSnJzTGJCRFV4Vi1wd3NZcnFjbFM4ZG5mM0tQYkVpV3REZEtFRzF4azlzalNGLUxRMm92WGtjUFFnVTNGanVNVFBSdkUwTHAyLU56QUViM05ZQldZQ0M4Wi12dWJMcWk0bGRIcW4zUGJDT3lmRGs2RHVPRERmODhGWFJmYjdnTXJJMTUzeGRFYjlXVnRQRGpKdlUtUVlBUUlRMWNuR3hpd3hObGVPNy1RVkJhZ1NRWnNJR2c?oc=5
232b68cb63598f00370582fd663bb28b,2026-04-01,Antara News jatim,Pemkab Lamongan siapkan sembilan agenda pembangunan 2027 - Antara News jatim,Infrastruktur,F - Konstruksi,Pemkab Lamongan siapkan sembilan agenda pembangunan 2027 Antara News jatim,https://news.google.com/rss/articles/CBMiogFBVV95cUxORFdNSV9lQVJYM2NVcjJDSF8tR3cwMlhqdndfNWE1TVZSVXYtQjBhZnU5RTM2ckRMalUwMU5LNHd4QlNYZzVwUEN6eTZRdmJKZi1mR3czbFlwZHh5TWlZOWN3QThZemhJYkt0bl8xUGJ2U0ZZWkhKUXl1Y2t6OTFhZ2ZVUW5TcUdOMHVadkFMcDZuM0locHQxSjNZUzhZeFZmZ3fSAacBQVVfeXFMTjRLNmE3cXlTV0lUeDVuTmI3MkJKNkM2ZER4aTFmZm1WS2h0ZXdUS09mSXJzMlRtUktVVnQwTXBtWW1HVWhSVWpuNE55RVNqY1QxSm1tNEREeFBraWZPOUhPUDFIZGtGOVdlWjc3LXJEeEVGR1FBTFhINDZiLUl2c1pSd2ZSZDBVUGdZMkl3ZU5TZHV0MUFKNHVVSW9JNkpvVUFpbEV4NDQ?oc=5
e9ff0571e9856f921ad625d4f61ad789,2026-03-31,Antara News jatim,Kodim 0812 catat 117 unit pembangunan KDKMP di Lamongan rampung - Antara News jatim,Infrastruktur,F - Konstruksi,Kodim 0812 catat 117 unit pembangunan KDKMP di Lamongan rampung Antara News jatim,https://news.google.com/rss/articles/CBMiqwFBVV95cUxOTGtQUWR2V3QxVjc4M3I4QkdWaG5GXzZhd1FtMWNRVHBMMk9EMERPbE8tOXdiT0phRUJTU0xEOGZkbW5Wc09RRHgwLVhEdEVKR3ROR2puQkpELXo5T3R3ZU1zekRieWx6blUzeFJma2Z6WUdadVlxdWEtWkdhd1BqUUJ0elhtbWI4REJvcDBFNlF6ZTlwWkxPN19qSUtlRDVaZ01tNHFSOFQ0QnfSAbABQVVfeXFMTldkVXhMbDFqU2dyYnVhMVBQM2pQbTBRMkJSRFhPNUxBSENEVng4SXB3bV80dmMyYzlqVEV5MF9sdVNpYXdWSmNlMi1xcklJakluZkhYaUh5SVJHU21NLTNDRjJOc3B5Z3JaLVpJMHdmZFVITFFQLTZSSUYwSm05cmpxbE5qcU05SUtJM0xIVDFKT0cwMy1GbHFaUkZZVlBJMC1ybzJUcm5JWlRmQ2JHVmU?oc=5
4f1b9f276f74df84ccda0a3550934670,2026-03-26,Radar Lamongan,"Setahun Destinasi Wisata di Kabupaten Lamongan Dikunjungi 3,8 Juta Wisatawan Selama Tahun 2025 - Radar Lamongan",Pariwisata,I - Penyediaan Akomodasi dan Makan Minum,"Setahun Destinasi Wisata di Kabupaten Lamongan Dikunjungi 3,8 Juta Wisatawan Selama Tahun 2025 Radar Lamongan",https://news.google.com/rss/articles/CBMi5gFBVV95cUxQWVU1UklJaUtHQjNRUmFyaFNRaHFvSG5VUV9Qbl9nZ0J4anhYNWRrOUdFdks1eEdFN0hKcms3MWRWOWJlNksyTHRMaWhfdnVTNjBUU2hfZzVuOW9wQnRUVjR0X0I1dFhoYXltZklOT3ZsTUtmZ0hTYmd4Njlld0NObEdycjZkdFdCUE9hZ1dYaDZsSi1pQVp0Z3FuR21TenMxZzdDX0d4U2pGT0ZybEpldGlDWm1NemM3UnhBVndqMjZVNVBJUlY2S0lYUHRQVTJ2LVU2T1pfUk9sTDZ5Z0t5X0ZpXy0zd9IB6wFBVV95cUxNSzI4S1BhS1ExZUREbV9KVVc5clJKdUFMZk54ek1jYWw4NlR2S3BlMzM1aGQtd2J5Y0plRXhvNXBiazBBSUpORVJhbW9qUUJtdk1WMWVnajdhTWEtaldhTGFPcFd1a3NRcDN3ZHBodEVZYVQwZWdsM1N1TkV3ampfY3h6SnczVTZDVUh6T2dYY00zelljZC0tdEFzYUtTYWZDa3hoZzBhaVFvbWJGVG9paFZrYTJMdGQ2SUZFWDNhWFJVb01tc3RTTnZJWjVaTjRwSFJHb2VtcnJVU21IalZSb29JNHN2TFZMMGtv?oc=5
df115c17fb39c5c2ba054a75f1ebecf2,2026-03-26,radarlamongan.jawapos.com,"Setahun Destinasi Wisata di Kabupaten Lamongan Dikunjungi 3,8 Juta Wisatawan Selama Tahun 2025 - radarlamongan.jawapos.com",Pariwisata,I - Penyediaan Akomodasi dan Makan Minum,"Setahun Destinasi Wisata di Kabupaten Lamongan Dikunjungi 3,8 Juta Wisatawan Selama Tahun 2025 radarlamongan.jawapos.com",https://news.google.com/rss/articles/CBMi5gFBVV95cUxQWVU1UklJaUtHQjNRUmFyaFNRaHFvSG5VUV9Qbl9nZ0J4anhYNWRrOUdFdks1eEdFN0hKcms3MWRWOWJlNksyTHRMaWhfdnVTNjBUU2hfZzVuOW9wQnRUVjR0X0I1dFhoYXltZklOT3ZsTUtmZ0hTYmd4Njlld0NObEdycjZkdFdCUE9hZ1dYaDZsSi1pQVp0Z3FuR21TenMxZzdDX0d4U2pGT0ZybEpldGlDWm1NemM3UnhBVndqMjZVNVBJUlY2S0lYUHRQVTJ2LVU2T1pfUk9sTDZ5Z0t5X0ZpXy0zd9IB6wFBVV95cUxNSzI4S1BhS1ExZUREbV9KVVc5clJKdUFMZk54ek1jYWw4NlR2S3BlMzM1aGQtd2J5Y0plRXhvNXBiazBBSUpORVJhbW9qUUJtdk1WMWVnajdhTWEtaldhTGFPcFd1a3NRcDN3ZHBodEVZYVQwZWdsM1N1TkV3ampfY3h6SnczVTZDVUh6T2dYY00zelljZC0tdEFzYUtTYWZDa3hoZzBhaVFvbWJGVG9paFZrYTJMdGQ2SUZFWDNhWFJVb01tc3RTTnZJWjVaTjRwSFJHb2VtcnJVU21IalZSb29JNHN2TFZMMGtv?oc=5
6db61f5a068020bc4018ecafdf1fc704,2026-03-18,jatim.tribunnews.com,Pawai Ogoh-Ogoh Jelang Nyepi di Desa Balun Lamongan Jadi Magnet Wisata dari Berbagai Penjuru - jatim.tribunnews.com,Pariwisata,I - Penyediaan Akomodasi dan Makan Minum,Pawai Ogoh-Ogoh Jelang Nyepi di Desa Balun Lamongan Jadi Magnet Wisata dari Berbagai Penjuru jatim.tribunnews.com,https://news.google.com/rss/articles/CBMizwFBVV95cUxOamdHbDZsZnpOQVB3QnEtZE5aT3FaakQzMHNDS19DYkVLdjhyS3hnd0ViUTlBUEQ0VVRkdUdYVlJ0TE9VQU9fZnpHOS1QTUl5S2Jxc0FSSUNoLTRhb2hmNXJzY0kzbER0cDc3TF9tdTF3QUNiOWZvRm9VcVZENVVxaWRFeTF5YTNwcFNCVUFwcGloWC1tV1VVa2FkX29MYmotNHhTQTBvZmxNZWpYMUJvSVp1eDlCbXJuV2NaZWZUVVF4c1N3TFY5R3hEMVBaa28?oc=5
9bf7049601183e555d6104e5dab8ab64,2026-03-17,Pemerintah Kabupaten Lamongan,"Lamongan Jadi Daerah Pertama Terima 20 Unit Pick-Up KDKMP, Dorong Percepatan Ekonomi Desa - Pemerintah Kabupaten Lamongan",Ekonomi Umum,"O - Administrasi Pemerintahan, Pertahanan dan Jaminan Sosial Wajib","Lamongan Jadi Daerah Pertama Terima 20 Unit Pick-Up KDKMP, Dorong Percepatan Ekonomi Desa Pemerintah Kabupaten Lamongan",https://news.google.com/rss/articles/CBMiWkFVX3lxTE5ldG1hYmhGT3lrU1Y1LWUybmdacjNueEpoY0dBYl9HNVRTQW96b2hZWnJHcElsd0FaUmEzbzloaWJwVzNRWkNSdklxZm96WTlubUdRQVRoRWFjQQ?oc=5
453eb5afaaf4cc89eced1a1fa8de6459,2026-03-17,Dinas Komunikasi dan Informatika Provinsi Jawa Timur,"Silaturahmi Ulama-Umaro, Pemkab Lamongan Perkuat Sinergi dan Pembangunan - Dinas Komunikasi dan Informatika Provinsi Jawa Timur",Infrastruktur,"O - Administrasi Pemerintahan, Pertahanan dan Jaminan Sosial Wajib","Silaturahmi Ulama-Umaro, Pemkab Lamongan Perkuat Sinergi dan Pembangunan Dinas Komunikasi dan Informatika Provinsi Jawa Timur",https://news.google.com/rss/articles/CBMirwFBVV95cUxPYVdkRVNYWFA1bFFGeGZOMnZzNHhOckd3b2VNVWtZLU4yOUZybS1ZdDk5OWcxbTlITFlkMWROZ21QR3NzMWF5b1ZxUXl0c3IzbnBPNDF6M091Tm1uY1R4MEh4d19MTmJLVDZPNGlEZE1DLTVKd0x5YUJTaWhjc3BEU3VoNHhhSm9OakR0N3VlbWVjOTBXZlRHQXlzVm5LX0RxUmVxcE5LMFprNVEyUkVV?oc=5
ff7c33911d8a58cdc63112f8d463af0e,2026-03-16,jatim.tribunnews.com,Pemain Persela Lamongan Kena Sanksi Jika Berat Badan Naik Saat Libur Lebaran 2026 - jatim.tribunnews.com,Harga dan Inflasi,Belum Teridentifikasi,Pemain Persela Lamongan Kena Sanksi Jika Berat Badan Naik Saat Libur Lebaran 2026 jatim.tribunnews.com,https://news.google.com/rss/articles/CBMixwFBVV95cUxNUkF6SkVkZVAxSUZpSW84ZUZMVWR1OFctMXdTeUZlWUZHRnR6TE5FY2lidnp3aS16MEIxdWpfNWZaMFh6WjZTQWxWWEMxalVtLWJZam9NX2U4aVdVQ2lDRkFQc1RkM3V5bEd4UXM3ZEJjOWtlUndaOXVKeTZlUm9jUFNjTGNwbGs4V2ZCY2QzNHc3RTk5cG5mNE1jWE9lQmo4eG5nWnZSVjVVdGVwZzVhSkNiRFJ3eTg0QVBaVVZxU2tqTlJuWGs0?oc=5
dad7cecee45762568d9b4e6f6eca4a01,2026-03-16,Pemerintah Kabupaten Lamongan,"Gelar Silaturahmi Ulama dan Umaro, Bupati Yes Perkuat Kolaborasi untuk Kejayaan Lamongan - Pemerintah Kabupaten Lamongan",Ekonomi Umum,"O - Administrasi Pemerintahan, Pertahanan dan Jaminan Sosial Wajib","Gelar Silaturahmi Ulama dan Umaro, Bupati Yes Perkuat Kolaborasi untuk Kejayaan Lamongan Pemerintah Kabupaten Lamongan",https://news.google.com/rss/articles/CBMiWkFVX3lxTE43UkNPZ1dSNXY2QVNxanhOZU1nWHJ2UlpvVXZuOWJtOWtWX2NCMkk1em1aRWdGVmNINHc1bmVSemxfZmtJMUwzWDhkRndueTc5X3h1Q3J2bW1FUQ?oc=5
40e10fa02c8a4ffd164a74aa76c6902e,2026-03-14,detikcom,"Imbas Banjir, Penjualan Jajan Lebaran di Pasar Baru Lamongan Merosot - detikcom",Perdagangan,G - Perdagangan Besar dan Eceran; Reparasi Mobil dan Sepeda Motor,"Imbas Banjir, Penjualan Jajan Lebaran di Pasar Baru Lamongan Merosot detikcom",https://news.google.com/rss/articles/CBMisgFBVV95cUxPemhiSG41X0IyQmZmNk1TVm1BLTA4MWF1aVJNcjFWX0tsLVJLc28wUFJRZWJLTTgtY2ZGY0syR1NXQmxHQzJUaXU1ckg3TnAyaTNISXVZd3Nmcnl3RkVaR3VoT011VXYwd0pOTlB5S0s1M0hzQk9JMDRQM2xudlNfMURpcW1La3FtbGhpVmZ3cS1SVmpBWWpnTER0cjRER0NyZGtSQXVxVWVNOGlIcTJPV3ZR0gG3AUFVX3lxTE9ZV0d6RGY1bmNkRmdtU1BpVHFDQXFFdGk5Q2NzNjFadkZfNHlSNUhmbDNZbDE3blNYWkR4S29zTjdQX0ExMlVXM1BGYXkwZzJreUdnSXF4MC1jX2IzTFhyQmpkU0NWQUJCNkNZRTZqTDhoYzJfSkN5bmllWXZBNnpYVzJMWGluQlFESGV1ZFNOd1RiV2lHcEpWVzd0SjlTQnRZRmNndGY1VWw5aFFKSHJMUVR2bHZaZw?oc=5
43a2bdf9eeeb7f8284f2f0e16d1cfbbd,2026-03-13,Antara News jatim,Pemkab Lamongan distribusikan 60 unit kendaraan untuk operasional KDKMP - Antara News jatim,Ekonomi Umum,G - Perdagangan Besar dan Eceran; Reparasi Mobil dan Sepeda Motor,Pemkab Lamongan distribusikan 60 unit kendaraan untuk operasional KDKMP Antara News jatim,https://news.google.com/rss/articles/CBMitgFBVV95cUxNcldjSE5zNVAzZVZoNkFncWtoMWJfb09rNllOZEVGaWlwYWw4THkwUmFBaUdDZjFGRWNQM294RlVZS1QtQ2czZk1BUTlDYW0zdk1LRVlMNk1Sd1RJS0czcjVOcVF5WGVkZ19iNUx0bXltMG5tNmU4ZjJsNWk3SmpCUUtteVVibllqZEk4V1J1djVJM0xDYjE2ckhEcm0wdk8zQ0k5Wjh5NlpxUk5qbXlSbUFjTk9qQdIBuwFBVV95cUxOaHJWMlNxam1vTFN0SDhpOHBIX05qcURPb1BGSXAxQkgtdDljN3VyNTFvWVVyR2haLVFHY2ozWG9PN01SSXZBZDAzdVlSZV9ORUo2Q2xFTnhXeEo0MDhhWVY5R0xwUmNzUXZTQ1lqb0l0UmljZDNIb3RMVlZRMk9UMlFhWVhTMFB4TXJEMEt6eGN2Q0RRaGNlOEhtUzQ4SUhVLWMwQlo2YnhJLXptcnNqbXZ2UFpYTFhKeWFB?oc=5
71ea60383629c00468284bcdaa76fe4b,2026-03-10,Pemerintah Kabupaten Lamongan,Pemkab Lamongan Koordinasikan Kesiapan Pelayanan Jelang Lebaran Hingga Penanganan Bencana Hidrometeorologi - Pemerintah Kabupaten Lamongan,Ekonomi Umum,"O - Administrasi Pemerintahan, Pertahanan dan Jaminan Sosial Wajib",Pemkab Lamongan Koordinasikan Kesiapan Pelayanan Jelang Lebaran Hingga Penanganan Bencana Hidrometeorologi Pemerintah Kabupaten Lamongan,https://news.google.com/rss/articles/CBMiWkFVX3lxTFB4LTdHQ2xmLWFiRjhxQjZaZjdqa0V1NUdFc25aTERqNjljVElOeTFUaGs2VDZxemZrQnQ5NjlMblFZU2lUOERzdGgtOHFPRXJ4V2E2M2Z2QW5OQQ?oc=5
e339bfe905ff50a9d91bfab082acecfe,2026-03-08,Antara News jatim,Pemkab-PWI Lamongan gelar Kontes Lele untuk angkat potensi perikanan - Antara News jatim,Perikanan,"A - Pertanian, Kehutanan, dan Perikanan",Pemkab-PWI Lamongan gelar Kontes Lele untuk angkat potensi perikanan Antara News jatim,https://news.google.com/rss/articles/CBMisgFBVV95cUxQUDgzRE1CZGQyUU42X3plMk5fem5xWC1RXzdTcEppOWtXT194aGs3TndCdkE2dloxWkZGem5KUVpfUUZFYjZXSG1yNlJHNVJhTVRpVkg5Q25TSVlfUkt6alNLcDdWMzZkcGJLNTJYQVlvRnlYSG5YTDdlMkVwWUw4dkwzLW1BUHVRdklxWnZfVEY0eDJWQzV1dC04dnlodXk4NE9TVGJ1S1g0bFVYazZQc0xR0gG3AUFVX3lxTFBKMmR0akNJV0MwVmM4clVPaERYTE9fSWE2WlNseXBRWGhXbXJDWEdDaTN6cGx0YVJ5YXZWRWNTOE9tS3NqN29tc1FicFJrSFN0NDVxMTVGR2ZTZi1XamhfZDhvcTBKVzNKcVNiR3Y0TGl1QjdPXzE2UWV5aVkxODZiWWNtNUFCVXdRenZueFM0NlJtejZ4UmIxTTRldjVtOEhRWUY2RHdwLTdyMm1ZTnBsN1dPRmVxWQ?oc=5
52f0b7f77c031352eb3c866ad6c7cd7e,2026-03-08,Pemerintah Kabupaten Lamongan,"Perdana Digelar, Kontes Lele Lamongan Perkuat Potensi dan Ekonomi Daerah - Pemerintah Kabupaten Lamongan",Ekonomi Daerah,"O - Administrasi Pemerintahan, Pertahanan dan Jaminan Sosial Wajib","Perdana Digelar, Kontes Lele Lamongan Perkuat Potensi dan Ekonomi Daerah Pemerintah Kabupaten Lamongan",https://news.google.com/rss/articles/CBMiWkFVX3lxTE4xeEhJLUZ3X2Y5TV9BNGZZOEFpaXdlODBneGhHcFlvUWhXLTZnY1B1cG1jbjZheElLTFhxd3BHV1UzLTJxTV9EaEtscjUzQThhYUpPdHFZNHBQUQ?oc=5
41e031971dc494083aa22a2d05f4d5c1,2026-03-07,detikcom,Penjualan Karpet Laris Manis di Pasar Baru Lamongan Jelang Lebaran - detikcom,Perdagangan,G - Perdagangan Besar dan Eceran; Reparasi Mobil dan Sepeda Motor,Penjualan Karpet Laris Manis di Pasar Baru Lamongan Jelang Lebaran detikcom,https://news.google.com/rss/articles/CBMisAFBVV95cUxPQkNxNEdRNzl2cGp3RE4xV1ctUFdmalVrZEROamsxcXlrRFVIZFdTa2QtY1JYTGFfZXZJWlNzY0Q4M250ZmN1S2FOTzludjBtSnV3V2kxcUxfRUlSMEpnNnRrOWVGOFpfMzNYazNLbHcyNlYyTDFtajhDVUQwOGNwRk8yVk9qQXI1SzU1ekliWkpOLWJFVk83cnNKQzl1ckhDeXpCTUNwSWNxeVVOdXhyV9IBtgFBVV95cUxOb1RRVG1NNHZmdFppWU5sZGhoMWZRazlpWExOUmFCM0M2QVpwbExKUUZmUkdFQkhxT242a3J2aURXSkJrV2J5NHVaMjN5eXpJY0Vjd3R2ZE1WRnEwVjZDZkJzaE5qS0NrUDJpdlg4OGFxZjhfWmJFa3Ewb2hWcG1OTHlVTlVoMi1SZHhuel9NNUhSekl2UW1Vel8wLUQ1QTdkM1Y2bDhYZ09xSVQ2VGg0RTE2YU1RUQ?oc=5
47403b8f6c6416ed5c105d41d88808b2,2026-03-07,Pemerintah Kabupaten Lamongan,Industri Pengolahan Mendominasi Kinerja Ekonomi Nasional - Pemerintah Kabupaten Lamongan,Industri,C - Industri Pengolahan,Industri Pengolahan Mendominasi Kinerja Ekonomi Nasional Pemerintah Kabupaten Lamongan,https://news.google.com/rss/articles/CBMiY0FVX3lxTE5fTFRwUlpGWUtNTWxEMGxlMGlQYmtoa1FLTXlCNTFBYS1yV1hhdjlPS25oMV9MZkVLLVdQamRhLWE3MVFWTWg5OU1RdWxwTTJMbTBEMktmY1dsV2VsTS1mckg0VQ?oc=5
e06e8bfbe608d8cc5ef9bc5997967e67,2026-03-04,Pemerintah Kabupaten Lamongan,"Rame 2026, Ajang Promosikan Produk Lokal dan Tingkatkan Ekonomi Masyarakat - Pemerintah Kabupaten Lamongan",Ekonomi Umum,"O - Administrasi Pemerintahan, Pertahanan dan Jaminan Sosial Wajib","Rame 2026, Ajang Promosikan Produk Lokal dan Tingkatkan Ekonomi Masyarakat Pemerintah Kabupaten Lamongan",https://news.google.com/rss/articles/CBMiWkFVX3lxTE5IV0FJUG8ySWQ5cEN2cXd0X1AyS0t6LUNfWXFZUmJ6el9tLWNzYnJuT0NZZEVCaHdLU0MwdDZQZklhY2Vpbk1GeGc3UTJkN1BhcmR4am5oWW9yUQ?oc=5
394c3f66cf4b89ae3829de54a17ebe4e,2026-03-02,klikjatim.com,"Bersama Kodim 0812, Bupati Lamongan Resmikan Pemanfaatan KDKMP untuk Pusat Bazar Desa - klikjatim.com",Ekonomi Umum,"O - Administrasi Pemerintahan, Pertahanan dan Jaminan Sosial Wajib","Bersama Kodim 0812, Bupati Lamongan Resmikan Pemanfaatan KDKMP untuk Pusat Bazar Desa klikjatim.com",https://news.google.com/rss/articles/CBMiuAFBVV95cUxPeFJhbTRQeDlhblBDeGt2SXFpWndSWGQ1OVpDczlkYVM1bTJuMXpaTHV2Zk9hVFBESkg0VVd4U0QyUzJnVHR0M3A3OHp2R0J1QThMNk44Mm5HdEpveWNOOTJaZmtuRXd2OTc1NmRCX0d3aG5oRHpDZEx2YndjWVl0a3lnYkhhTlp2WUw4VG8xaDctajlfNjY0N1VhMi1Pb2hwcGFDSEIwb1F2c0d4aC1FTGtSaGQ5Q2gy0gG-AUFVX3lxTE8xVS1Idk9Fam1aUVh1ekU2RkM5Mk9Xd1NZSE5VdUt6anZJZU1ESmJQX3RrLVZpY0xoTldnSWlLdDUyb2pVc2ZnbHVfblhJdl9wZy0tYlVSUzluTmRaNWxDMFBJemtYMUhPYldfb2pkck1vZ1ZhSjJFUDgzenB6RUpZcVp2R0h4aDExOHkteWNaRE5MSGR4QlVXaWtWLV9RVUxVLXlRbHV0WVpmeGFSMzdrVk9TbmZHZjRUZzkzZEE?oc=5
cb06cefb05c6966d0812dd7e734e1af3,2026-02-28,Surya.co.id,"LHKP Muhammadiyah Lamongan Gelar Tadarus Anggaran Publik, DPRD dan DPR RI Angkat Isu Prioritas - Surya.co.id",Ekonomi Umum,"O - Administrasi Pemerintahan, Pertahanan dan Jaminan Sosial Wajib","LHKP Muhammadiyah Lamongan Gelar Tadarus Anggaran Publik, DPRD dan DPR RI Angkat Isu Prioritas Surya.co.id",https://news.google.com/rss/articles/CBMi3AFBVV95cUxNYzdubk1jZ012cXJhN2xlVG1peHdlQnNlS3pEUXpUckhRalMtU05yUlQxS25ZV0ZxbHdmY3k2RmJBNUZEbkhtX0VkOHhPYWVSMXlxTlZ3Vkd3c0NvaDcyd19HOU5UbUFHdDhEODUyeWNHZTByY2Q3ZkpfRUt5TUlQQUZUal96Qjd3YXJibjhZWDB5MUk3cXcxUGVwZnNHNFVLMVdvbWFoSkk1OGVJT1NCNWdVOGpqT0Vzd0gtdThWT3E4ZVhDeE9HUllPMU9mdHRvZGswSTlCSXFXZWZF?oc=5
3fbb7e25f6df4a2b1359f86fff122e0a,2026-02-24,Pemerintah Kabupaten Lamongan,Indeks Daya Saing Lamongan Berkategori Tinggi - Pemerintah Kabupaten Lamongan,Ekonomi Umum,"O - Administrasi Pemerintahan, Pertahanan dan Jaminan Sosial Wajib",Indeks Daya Saing Lamongan Berkategori Tinggi Pemerintah Kabupaten Lamongan,https://news.google.com/rss/articles/CBMiWkFVX3lxTE1LTHE3Njl5M2syZnVVWXNYMFcyWWhzY2dZbVhYd00zek91TmpQT2VwaUU1a0RlR3NRcDFqc0hYX19iQUp6LXZCbkNEZlNnaG50eFYyY3FmNl94Zw?oc=5
e38875845a9e279deebba33dd36053d0,2026-02-23,Radar Lamongan,"Pajak Hotel dan Rumah Kos di Lamongan Ditarget Rp 2,3 Miliar - Radar Lamongan",Keuangan,I - Penyediaan Akomodasi dan Makan Minum,"Pajak Hotel dan Rumah Kos di Lamongan Ditarget Rp 2,3 Miliar Radar Lamongan",https://news.google.com/rss/articles/CBMivAFBVV95cUxOR2pWVTBOeTVobHYxY0JuZl9ENm5sRi1VSnVGaWJqVlpwXzRyNkRacjI1NG5fd0lneF9ham9SdzVBVDVTR0NtNkdCYmE2WG5PMHlYUk9TNnhnWGZsZVUzUWEtRmc2SGhmcmdfal9iNWNLVnVfWVdOT0xreUUtbzk1NjdBS29tM1ZnUU1mRDF1d0JtMElERURScUVGMkhOSy1OWVN6OF9saXg4b3BJLUxvWHd2LUNpRTVyNS0zSdIBwgFBVV95cUxNNVBLd3BfNGdZcTlkcHF5VkhaMFZMai1mOG05MFRhUnBBcURKTnlnUEJNMm9tOUpBd0s1U0kxWHU3RENFVzNURnJKM2x6Um11TGF6MHRFRG1Sd1VtRU45UFlLZVVrV3NXWXJacGhGdDNjQXNCeDRtV0pDTlgxbkxGZ1BkajBXOUo0YTJUSzc1Z05tMlhpWmZhVkppdTl1d1ktUTMtNE1hWnhDZUhsSDNsTlVJWDBJc0ZaSVpxXzNrOGFkUQ?oc=5
ed62f9ecb75d95f6629cba0afa122877,2026-02-23,radarlamongan.jawapos.com,"Pajak Hotel dan Rumah Kos di Lamongan Ditarget Rp 2,3 Miliar - radarlamongan.jawapos.com",Keuangan,I - Penyediaan Akomodasi dan Makan Minum,"Pajak Hotel dan Rumah Kos di Lamongan Ditarget Rp 2,3 Miliar radarlamongan.jawapos.com",https://news.google.com/rss/articles/CBMivAFBVV95cUxOR2pWVTBOeTVobHYxY0JuZl9ENm5sRi1VSnVGaWJqVlpwXzRyNkRacjI1NG5fd0lneF9ham9SdzVBVDVTR0NtNkdCYmE2WG5PMHlYUk9TNnhnWGZsZVUzUWEtRmc2SGhmcmdfal9iNWNLVnVfWVdOT0xreUUtbzk1NjdBS29tM1ZnUU1mRDF1d0JtMElERURScUVGMkhOSy1OWVN6OF9saXg4b3BJLUxvWHd2LUNpRTVyNS0zSdIBwgFBVV95cUxNNVBLd3BfNGdZcTlkcHF5VkhaMFZMai1mOG05MFRhUnBBcURKTnlnUEJNMm9tOUpBd0s1U0kxWHU3RENFVzNURnJKM2x6Um11TGF6MHRFRG1Sd1VtRU45UFlLZVVrV3NXWXJacGhGdDNjQXNCeDRtV0pDTlgxbkxGZ1BkajBXOUo0YTJUSzc1Z05tMlhpWmZhVkppdTl1d1ktUTMtNE1hWnhDZUhsSDNsTlVJWDBJc0ZaSVpxXzNrOGFkUQ?oc=5
95f6f5f137b38849d2d394ad97e8b569,2026-02-18,Radar Lamongan,"SMK Muhammadiyah 1 Lamongan Luncurkan BengkelMu, Siapkan Siswa Siap Kerja dan Kompetitif - Radar Lamongan",Ekonomi Umum,P - Jasa Pendidikan,"SMK Muhammadiyah 1 Lamongan Luncurkan BengkelMu, Siapkan Siswa Siap Kerja dan Kompetitif Radar Lamongan",https://news.google.com/rss/articles/CBMi1wFBVV95cUxONS1PVVc0SzhDRWU4T0Q5Z2trRWljVVdoUlBQNVNuTWVDbEs1X2Y5WWdaSzJjQWRCdTB6VW9teWNaamVpeG41UEtzTXd0TTVyRFM0MEZaZWRRNkZmYXRwZGN6ZXFqdnZUUUluWlVXcDFIM0hNWlotUG9rSTlkTkZlR1F1TVNZT3RfdjF6SHd0d1ZFYTJoYW1CTkF0NnZGTHkzYWpVQ3UwMEowck4yTS1BbUJSVWV6UmtUaHlHNHdEckhENkNQNGx5TG5wdW5CU1cwd3NLVVhNb9IB3AFBVV95cUxPd0N4TGNYQWpDcXI3d2RFekJBb3BYdHR2NVRuMUYxNzBfYUhpMDZlMGRSU3daY25Lcnpld1R0ZXJ4N0pKa21YNVQ1OXgwaDRRWklnZDlrUGlvRnJFbXdlN0lVOTJGcTlFbDU5TzRUSEhHb1V3cDFZNDRNWl82WXIzcV82VGtvX0VNOEs3OFNid1ppM1EwcHpsb2FVOW9uY1k5T0hXUjY3WElWV1RncjRzdzRQZHBkOEZPM3ZHR3BfUmJGQmpocHlRblE5czNTNExORWk0UzhCdVJqVExS?oc=5
c060813f457ae3ec40eb830cb7ee3267,2026-02-18,radarlamongan.jawapos.com,"SMK Muhammadiyah 1 Lamongan Luncurkan BengkelMu, Siapkan Siswa Siap Kerja dan Kompetitif - radarlamongan.jawapos.com",Ekonomi Umum,P - Jasa Pendidikan,"SMK Muhammadiyah 1 Lamongan Luncurkan BengkelMu, Siapkan Siswa Siap Kerja dan Kompetitif radarlamongan.jawapos.com",https://news.google.com/rss/articles/CBMi1wFBVV95cUxONS1PVVc0SzhDRWU4T0Q5Z2trRWljVVdoUlBQNVNuTWVDbEs1X2Y5WWdaSzJjQWRCdTB6VW9teWNaamVpeG41UEtzTXd0TTVyRFM0MEZaZWRRNkZmYXRwZGN6ZXFqdnZUUUluWlVXcDFIM0hNWlotUG9rSTlkTkZlR1F1TVNZT3RfdjF6SHd0d1ZFYTJoYW1CTkF0NnZGTHkzYWpVQ3UwMEowck4yTS1BbUJSVWV6UmtUaHlHNHdEckhENkNQNGx5TG5wdW5CU1cwd3NLVVhNb9IB3AFBVV95cUxPd0N4TGNYQWpDcXI3d2RFekJBb3BYdHR2NVRuMUYxNzBfYUhpMDZlMGRSU3daY25Lcnpld1R0ZXJ4N0pKa21YNVQ1OXgwaDRRWklnZDlrUGlvRnJFbXdlN0lVOTJGcTlFbDU5TzRUSEhHb1V3cDFZNDRNWl82WXIzcV82VGtvX0VNOEs3OFNid1ppM1EwcHpsb2FVOW9uY1k5T0hXUjY3WElWV1RncjRzdzRQZHBkOEZPM3ZHR3BfUmJGQmpocHlRblE5czNTNExORWk0UzhCdVJqVExS?oc=5
5cd274df830cb27665f88448f56ee843,2026-02-07,klikjatim.com,"Targetkan Rampung Sebelum Lebaran, Bupati Yes Tinjau Persiapan Pembangunan Jalan di Kedungpring - klikjatim.com",Infrastruktur,F - Konstruksi,"Targetkan Rampung Sebelum Lebaran, Bupati Yes Tinjau Persiapan Pembangunan Jalan di Kedungpring klikjatim.com",https://news.google.com/rss/articles/CBMixgFBVV95cUxONmt4OUdqTGFCN2lDZ1hZN002UVI1SlNQX0pWNnRrekYzdUw4eXNLN0NfbGt2amVsMEs5TGN6T1BHTUdKLTktS1NVUTBGTVFyaklhanVuSHdHaEFVYklQSE96bE84QlJpX1dnM2ZTWmRWb21jWHFHdkdNUWtaN3VfVUFhaUU4NkpuTFFGMWo0dlppbmw5QkJacXhVdHV1VUpDWU5ROGFpYXVoc0s2a0J3Y1lNVERlaHhCNWwyVjJGMGc5QVZIQ2fSAcsBQVVfeXFMTjBJMjN5cHJGc0FBb2psSlE5OGRoZFhydEhmSmNWMm40Sm5nRG9nanRiV2ZjRkNGZ0x4VUhReE9rVllRZzd2aXhqaFlwd0ZRbjFWUGsxd0tmRjFySWprbEt2YnotWFNrMDBGX2Q5MlU2YmdyMHVUUEE2Y1p3bm5UVDhacjVqZl9nOHc4TWs2eWp4SVhHczkxRFgtVjRNd3FUMHM2VjRnU1JHM3hVa0JfNk5idVlya05NbmZpMmRndkVMX1dFZFJ5MU1aWVk?oc=5
cf0b1b6624690132f1db3b8958a7750e,2026-02-03,Antara News jatim,Pemkab Lamongan tingkatkan produksi lele dukung program MBG - Antara News jatim,Industri,C - Industri Pengolahan,Pemkab Lamongan tingkatkan produksi lele dukung program MBG Antara News jatim,https://news.google.com/rss/articles/CBMipgFBVV95cUxNT3dZS0ZsWS1USHlYR2xhMDlYclQtdERScnNwUld4Q0xnZnByZnV3V2RpUTlWZXJuSTBna09GLV9SdXV2LVJUSlJnOUVWQ3F0cmt6ejJMNVJ4aS1MeW83QWw0SEZpTGxoZDR0eGtBc195NFFBWU5rVXZyWmlCb0NCNHBIaUtQSXZBVnkxTXJuY01JUzh5ZmV5MTh5TmVfaURSY1RYVmRB0gGrAUFVX3lxTE1XX0VPVnJ2UmdrOGFyc1plOWNrc3VGcGVjWm8wRjFOa0IxNnBRSGhQUmFQN0FuZUNvMzU0UE4tTGZYaEdHMlNacF9NOV9HVGg3c2NJSU44U2xYZ2ZnRVNrMmM1MUxMXzRUN3c3RUdtU0E1QzVVajRiUGVlb0E3bW52Tk55dGVSM3BicFEzMUZsakNQVlM2bW5XcHpkTzdkZzNOekdlaVRHZDlSUQ?oc=5
770d1df55c70532ff9529bdc5ac4cf78,2026-02-03,Antara News jatim,Yayasan GSN salurkan 200 unit becak listrik di Lamongan - Antara News jatim,Ekonomi Umum,D - Pengadaan Listrik dan Gas,Yayasan GSN salurkan 200 unit becak listrik di Lamongan Antara News jatim,https://news.google.com/rss/articles/CBMioAFBVV95cUxNazlKZ013b3Z1SnVpSWJkdXhIdXFrcVA2YktLRjM0QUtzNzZTbmlPekJ0anNFeWNka013OWlCQk1EXzZySHZSUmcxZmJGWS00RGZla1k2LXpvVnlLaFYwbGt3bVdzQ3N5c3d4Z2V4ZFFzTnVZMkk3NVBnSXp6b0RtNkFjWUJxSTdNdlFOOGNaQlhfajdoSmFjM0hMQmhlOUVi0gGmAUFVX3lxTE40dUJlbDJBWmpYU0g3UDNRcmZRZDlKZWg4QjIzdUdyOXRCVHIzQ2JMd3d3eTlRUTQzd2c4Vno3RkJGRXM3TDBrREw3Wkw3eEJ2bDRsb2k4aVlGV3lESlJWSlh0T195dFVGV0lwM1dReFJBaVI4UElSY21TQ0xqRHBxZ0NFNDUySTlYUkR5UUt4SUtpdHVuWGNlWEFBTjREdTZNZFhLWlE?oc=5
2e51b88b5e285e7a172910c101c096e8,2026-01-28,Radar Lamongan,"Dua Bulan Terisolasi, Warga Terdampak Banjir Bengawan Jero Lamongan Bangun Jembatan Bambu - Radar Lamongan",Infrastruktur,F - Konstruksi,"Dua Bulan Terisolasi, Warga Terdampak Banjir Bengawan Jero Lamongan Bangun Jembatan Bambu Radar Lamongan",https://news.google.com/rss/articles/CBMi5wFBVV95cUxNVjB3WlU0TktLMGlGNFc0bkR3bEp3enpEVXkwVS1heFFpN1I4Mk9tdC15UXpZWXFhSFVwSWFpMUxybzY5S0l2RTJ4d1BEOUs2RGxwVXBCNkhwT1VkSW92SXYwZ0w0Q211b2hfMFp2X09YRGZ6aEd4WG1NajQ4c0VCa2d3TV9fbUZzT2FxMl9wVTRfQi1hVDBvUWpMQi1pNE12NnpEdERkTC16QXppUHhwVm11cnhVZDVINlhjd1BaQ1pHbWoyWVR3eDMyTHJlSkgxWDdpSTZaekxkRXRMYUVnSTNwYzJKeWfSAewBQVVfeXFMUEQ2V0RjNFgtNF9ubTdtVDVkcTZwUlI2c1lpZ1RseW11SlJqaWpTdEVtaHJVejNxM3N2MkdiNnlaVXdOUlVQYjdCN1cwUUxOUEQ4NU9xZ2dVOXFmWnZsbVY5Tk8wbkZfWkNiaHdQU3UzNVdhRkEtM3pnMld2LWtSUkZkV2lnV25GVFp2aEMyM2tibHgwWE1wZGFLcjN3RnVuajhSU1hCRlFZYmJMWnNOYzNjWk0yYVA2d1hZRGcxT2lTS0RNVk1lTUlKUER2dXNaci1JU19ZeHZ2WW9HRndVam9nX2w4Zk5oVWtzLTc?oc=5
56241f2a9f459e2cf94c8ece5ee730cb,2026-01-28,radarlamongan.jawapos.com,"Dua Bulan Terisolasi, Warga Terdampak Banjir Bengawan Jero Lamongan Bangun Jembatan Bambu - radarlamongan.jawapos.com",Infrastruktur,F - Konstruksi,"Dua Bulan Terisolasi, Warga Terdampak Banjir Bengawan Jero Lamongan Bangun Jembatan Bambu radarlamongan.jawapos.com",https://news.google.com/rss/articles/CBMi5wFBVV95cUxNVjB3WlU0TktLMGlGNFc0bkR3bEp3enpEVXkwVS1heFFpN1I4Mk9tdC15UXpZWXFhSFVwSWFpMUxybzY5S0l2RTJ4d1BEOUs2RGxwVXBCNkhwT1VkSW92SXYwZ0w0Q211b2hfMFp2X09YRGZ6aEd4WG1NajQ4c0VCa2d3TV9fbUZzT2FxMl9wVTRfQi1hVDBvUWpMQi1pNE12NnpEdERkTC16QXppUHhwVm11cnhVZDVINlhjd1BaQ1pHbWoyWVR3eDMyTHJlSkgxWDdpSTZaekxkRXRMYUVnSTNwYzJKeWfSAewBQVVfeXFMUEQ2V0RjNFgtNF9ubTdtVDVkcTZwUlI2c1lpZ1RseW11SlJqaWpTdEVtaHJVejNxM3N2MkdiNnlaVXdOUlVQYjdCN1cwUUxOUEQ4NU9xZ2dVOXFmWnZsbVY5Tk8wbkZfWkNiaHdQU3UzNVdhRkEtM3pnMld2LWtSUkZkV2lnV25GVFp2aEMyM2tibHgwWE1wZGFLcjN3RnVuajhSU1hCRlFZYmJMWnNOYzNjWk0yYVA2d1hZRGcxT2lTS0RNVk1lTUlKUER2dXNaci1JU19ZeHZ2WW9HRndVam9nX2w4Zk5oVWtzLTc?oc=5
be877b429c1e9ac2e985396b27175071,2026-01-26,klikjatim.com,"Sajikan 94 Agenda Ikonik, Lamongan Luncurkan Kalender Event 2026 untuk Dongkrak Wisata dan Ekonomi - klikjatim.com",Pariwisata,I - Penyediaan Akomodasi dan Makan Minum,"Sajikan 94 Agenda Ikonik, Lamongan Luncurkan Kalender Event 2026 untuk Dongkrak Wisata dan Ekonomi klikjatim.com",https://news.google.com/rss/articles/CBMiygFBVV95cUxQbTVaRTcwVG01ajlZY2xEU1M1R0hrNlhMWXRBSF9ZUUJNUEVrWnJwbm5IZlJpZlMtUFZyMXpfbjBPbVNnZENCaDZGMjI4TVM1aDY2VWNGbl9GX0dRUHZaQUpLQjBpbnhDSE9uZl9JRGtVcGMxTTZCYXYzRlVvak14emc3ajZseGlFVmRQTS0wcmg3ajAtMnd5MlAtZi0yMzFHYWxhSi1MbVJyVHBNeFhEckdjbFBwRzV3cGRUVUx2V3VibXRXbDU4X3lB0gHPAUFVX3lxTE5Wc1FIZlJDWTBWaFBTODBUdndwY0dRSVdRTE4ycjYtRHJxSnRxSDFHY09tUUU0SjR1U3JPMG9QN0x2NlpOYjZNMVMwY0ZyM3gycVo4UkRDOG1LT0FwdVJLcC1wQTN3X1ptbE5GNDU5RXRtS0M5YXZPTTFYdTVkaTduc3NyUXJOY08yaHVlc24wVW9XWl9kS25EQWxkM0ZHcGo2ZHlTaTR2VkxPM1I3UkhsbVZkTG50UEpNbENWR2h3ZGNYNER2dF8xUWI0eW0yYw?oc=5
1df626c8b0139668124370a1a134e16a,2026-01-23,Radar Lamongan,Jalan Sunyi Pengentasan Kemiskinan lewat Pemberdayaan Perempuan di Lamongan - Radar Lamongan,Infrastruktur,F - Konstruksi,Jalan Sunyi Pengentasan Kemiskinan lewat Pemberdayaan Perempuan di Lamongan Radar Lamongan,https://news.google.com/rss/articles/CBMi0gFBVV95cUxOWDNrT1pJSVRmSXdXcFAzcHBTMDhHOHpKNzlSZGJROXBraHZzeFNhOHd3ZVpqSnlReGEzcnNEWV9QVWc5ZTlqQW83X3dNeVcwQ1dTbTgwOTdBYmFrRkx3bGNyWXV1a2lRR1d1eFljNG1GMElnWXNEMnF3SnVMM0o1UXJJa3owMmJMXzFUNzM2NmloQV84cGktUnNrTnM5WjZtdUd2eHNHWktnWEhhLVVtNHdaY2x2enlrUjVqd2NJaENlNXVjQ0gyNDlRR2ZzTXpCQXfSAdcBQVVfeXFMTThKSk14U2ctUU9SSjJCc2VGUllNYmUwbVd5UUlaSEFQSlZxWW5ZNGRTdE5NVXVRejJFZkhhWklEMmpJUHdHWVRObi16eVNmUDZRQTRPY2N5aWhyYUdIV0czT3E3R3gxRkpoMXdHVld0VGswSE04bjZzc3Bqa0Z3OGJwRFVXWk1Ud2pCclZtcVhEQUcxWGs3Y2xla1dUdTJlWTFpbjl0czFLLUlNbi1USmFVZmg0VV8xM2EybEdQb01SX0lfeGdkYUJ6cGVEWVpnN3hBRUd4SE0?oc=5
186f2a6b9ed9713ea946e06e35a065db,2026-01-23,Radar Lamongan,"Lanjutkan Program Pemberdayaan Kepala Rumah Tangga Perempuan di Kabupaten Lamongan, Ini Syarat Dapat Bantuan Modal Jutaan Rupiah - Radar Lamongan",Investasi,L - Real Estat,"Lanjutkan Program Pemberdayaan Kepala Rumah Tangga Perempuan di Kabupaten Lamongan, Ini Syarat Dapat Bantuan Modal Jutaan Rupiah Radar Lamongan",https://news.google.com/rss/articles/CBMilwJBVV95cUxPLXkxeEZVQ05tQzkxbzdTS3dzWEJZMkZwaTlyVlpoOUc4SzA0eXI2VjZlbFJiSEVqNlNXY1MxQkpORmtJZl85Vng3Z2gzU1F2R0dCSHJxYUVSRkpZMDRVVUhwQVhuREVUNUZnQ0tFTkJVY1NwQktQU2l6R3Fvbm9XWEV6dzl5NUtxbEIwVmN0d1F1ek1sYjY5dTlndndsb2RrUnJxdEJCdXFuYmN4cTNMam5NcklWNE0xRmxzZ0VnWk1USnJ6UHB2RlhGU3BOWE1VN2RYQ2NOSlEtY1UzM0wyU2Z3NFdqa1BhMWZ1MTlzY0lFcU11SnFyWV9NanZnU3lnTXFrNE5pOGpiZ1Zwd2haZFRWNFB4NDjSAZwCQVVfeXFMTXpRbVJKRnI4aDFybzNzbnBCa0pxMzNySGZIelI1dnFKenlxVTJqb2E5dHBmUG1YTkZWQUh2dWVWY01pbUYzRXdWUHRSNUZuWW9VV0tZejRFdnhRd0hISlN3WkFNdGxWRVA1X0RWMlktSnJuaTBlMXVjUjZHVW1ydlBCWGkwYUFQU2NNdzNtQndxLWpLajlTNzVsZjZjY1pweU5aUkVPdlhBZjZTNVdjNXhkSkF2MXBnOGdlaEpuRV82eDZCUEtoWFM3Rm5VWnlraUpKOWJrazFNWWFhT3NTU3pIYXRsd1FSdTBNZGdyYW9NU25DOGE1U0xFUjdLQ0pOakRET0pDb0R5M2JpZ1VJWGpqaXVMNlgybTN6Ujc?oc=5
8ed45c09fa570dde9f60433168c2aab8,2026-01-23,radarlamongan.jawapos.com,Jalan Sunyi Pengentasan Kemiskinan lewat Pemberdayaan Perempuan di Lamongan - radarlamongan.jawapos.com,Infrastruktur,F - Konstruksi,Jalan Sunyi Pengentasan Kemiskinan lewat Pemberdayaan Perempuan di Lamongan radarlamongan.jawapos.com,https://news.google.com/rss/articles/CBMi0gFBVV95cUxOWDNrT1pJSVRmSXdXcFAzcHBTMDhHOHpKNzlSZGJROXBraHZzeFNhOHd3ZVpqSnlReGEzcnNEWV9QVWc5ZTlqQW83X3dNeVcwQ1dTbTgwOTdBYmFrRkx3bGNyWXV1a2lRR1d1eFljNG1GMElnWXNEMnF3SnVMM0o1UXJJa3owMmJMXzFUNzM2NmloQV84cGktUnNrTnM5WjZtdUd2eHNHWktnWEhhLVVtNHdaY2x2enlrUjVqd2NJaENlNXVjQ0gyNDlRR2ZzTXpCQXfSAdcBQVVfeXFMTThKSk14U2ctUU9SSjJCc2VGUllNYmUwbVd5UUlaSEFQSlZxWW5ZNGRTdE5NVXVRejJFZkhhWklEMmpJUHdHWVRObi16eVNmUDZRQTRPY2N5aWhyYUdIV0czT3E3R3gxRkpoMXdHVld0VGswSE04bjZzc3Bqa0Z3OGJwRFVXWk1Ud2pCclZtcVhEQUcxWGs3Y2xla1dUdTJlWTFpbjl0czFLLUlNbi1USmFVZmg0VV8xM2EybEdQb01SX0lfeGdkYUJ6cGVEWVpnN3hBRUd4SE0?oc=5
692544727e20b0f9534e13e82825c423,2026-01-23,radarlamongan.jawapos.com,"Lanjutkan Program Pemberdayaan Kepala Rumah Tangga Perempuan di Kabupaten Lamongan, Ini Syarat Dapat Bantuan Modal Jutaan Rupiah - radarlamongan.jawapos.com",Investasi,L - Real Estat,"Lanjutkan Program Pemberdayaan Kepala Rumah Tangga Perempuan di Kabupaten Lamongan, Ini Syarat Dapat Bantuan Modal Jutaan Rupiah radarlamongan.jawapos.com",https://news.google.com/rss/articles/CBMilwJBVV95cUxPLXkxeEZVQ05tQzkxbzdTS3dzWEJZMkZwaTlyVlpoOUc4SzA0eXI2VjZlbFJiSEVqNlNXY1MxQkpORmtJZl85Vng3Z2gzU1F2R0dCSHJxYUVSRkpZMDRVVUhwQVhuREVUNUZnQ0tFTkJVY1NwQktQU2l6R3Fvbm9XWEV6dzl5NUtxbEIwVmN0d1F1ek1sYjY5dTlndndsb2RrUnJxdEJCdXFuYmN4cTNMam5NcklWNE0xRmxzZ0VnWk1USnJ6UHB2RlhGU3BOWE1VN2RYQ2NOSlEtY1UzM0wyU2Z3NFdqa1BhMWZ1MTlzY0lFcU11SnFyWV9NanZnU3lnTXFrNE5pOGpiZ1Zwd2haZFRWNFB4NDjSAZwCQVVfeXFMTXpRbVJKRnI4aDFybzNzbnBCa0pxMzNySGZIelI1dnFKenlxVTJqb2E5dHBmUG1YTkZWQUh2dWVWY01pbUYzRXdWUHRSNUZuWW9VV0tZejRFdnhRd0hISlN3WkFNdGxWRVA1X0RWMlktSnJuaTBlMXVjUjZHVW1ydlBCWGkwYUFQU2NNdzNtQndxLWpLajlTNzVsZjZjY1pweU5aUkVPdlhBZjZTNVdjNXhkSkF2MXBnOGdlaEpuRV82eDZCUEtoWFM3Rm5VWnlraUpKOWJrazFNWWFhT3NTU3pIYXRsd1FSdTBNZGdyYW9NU25DOGE1U0xFUjdLQ0pOakRET0pDb0R5M2JpZ1VJWGpqaXVMNlgybTN6Ujc?oc=5
243ed082ec0ad8314d93b911ce2971cf,2026-01-19,Radar Lamongan,Tujuh Calon Jemaah Haji di Lamongan Tak Memenuhi Istithaah Kesehatan - Radar Lamongan,Ekonomi Umum,Q - Jasa Kesehatan dan Kegiatan Sosial,Tujuh Calon Jemaah Haji di Lamongan Tak Memenuhi Istithaah Kesehatan Radar Lamongan,https://news.google.com/rss/articles/CBMixAFBVV95cUxPV3Q1WW8xaUNUeGlOdDFEeGhvcldGaXJmNGFRb1NGYkY4ZmVCQ0ZiRHQwdzQzemtOY3JRRG9uUjU5Y1ZQcGlQNURwWkgxMkhXS1dTY2x0QTdBVEdVUFVmTUg1M2N0Rm9TTGhfc3pFZHJxVEFLYU5lb1J3WUE5bld3REcybm1Vb1cwalFhek1yTFg4d0VYOXNZX1AyV0xHd0VaUnNFRTJlSzc2WG9uTzFpeXJaMktRYklWc2JjWmgxTnZGcHpE0gHKAUFVX3lxTE1jLWt5dnhKblVHdWNfNlJ4YmFHYWl6bzdJcW9RazBWY2YtMHREb3g0d1FhY1ZITGhYbXcwU1VNYlJsem8wZGhnclloZkN1NDlwNGQxTEZURnV6WU9MR1E2ZEZWSWhfczFHb3IxWTh4eXo5TThTWnVURXlNa2l5Q0dpLVJRejctY2VEdXFGOEV4TnV4Z1JaNXluR2k2T1JXNUFPTGZISjZVNWN0X0tROGZZX1ZZWUhxcDA1UUxFLTNBV3hKMDdlbEwzZWc?oc=5
95133014e84cec987f89073bd2e5f784,2026-01-19,radarlamongan.jawapos.com,Tujuh Calon Jemaah Haji di Lamongan Tak Memenuhi Istithaah Kesehatan - radarlamongan.jawapos.com,Ekonomi Umum,Q - Jasa Kesehatan dan Kegiatan Sosial,Tujuh Calon Jemaah Haji di Lamongan Tak Memenuhi Istithaah Kesehatan radarlamongan.jawapos.com,https://news.google.com/rss/articles/CBMixAFBVV95cUxPV3Q1WW8xaUNUeGlOdDFEeGhvcldGaXJmNGFRb1NGYkY4ZmVCQ0ZiRHQwdzQzemtOY3JRRG9uUjU5Y1ZQcGlQNURwWkgxMkhXS1dTY2x0QTdBVEdVUFVmTUg1M2N0Rm9TTGhfc3pFZHJxVEFLYU5lb1J3WUE5bld3REcybm1Vb1cwalFhek1yTFg4d0VYOXNZX1AyV0xHd0VaUnNFRTJlSzc2WG9uTzFpeXJaMktRYklWc2JjWmgxTnZGcHpE0gHKAUFVX3lxTE1jLWt5dnhKblVHdWNfNlJ4YmFHYWl6bzdJcW9RazBWY2YtMHREb3g0d1FhY1ZITGhYbXcwU1VNYlJsem8wZGhnclloZkN1NDlwNGQxTEZURnV6WU9MR1E2ZEZWSWhfczFHb3IxWTh4eXo5TThTWnVURXlNa2l5Q0dpLVJRejctY2VEdXFGOEV4TnV4Z1JaNXluR2k2T1JXNUFPTGZISjZVNWN0X0tROGZZX1ZZWUhxcDA1UUxFLTNBV3hKMDdlbEwzZWc?oc=5
c00bfcbd50a7bdc68367de38bbce3038,2026-01-17,klikjatim.com,"Hadiri Pamit Kenal Kapolres Lamongan, Wabup Dirham Tekankan Sinergi Demi Stabilitas Pembangunan - klikjatim.com",Infrastruktur,F - Konstruksi,"Hadiri Pamit Kenal Kapolres Lamongan, Wabup Dirham Tekankan Sinergi Demi Stabilitas Pembangunan klikjatim.com",https://news.google.com/rss/articles/CBMixgFBVV95cUxNSXZWbmxEaEFzSE9CaVZYR0kxcUpiNmo5anNvWnE0WmR2bmJLNTRsZXFfZWcxSVhGLUxwUlZEdXBzT3c4MUI2SW01TWtEdGxZcjFpYXdjZTBxai1SQ3hBOVVweGdRRXd3QmUzdHZkT1hxX1dIVTFUSUFnRGxtMG9XUlkwTU0yT3FobGlGVl9VRlRzMEt3NWtEaXlZSUl0S2huZmxzOTAzQ3pHQjZnLU5GY0x3UkNwZ3plZXpvWWFKQUo3QnpCN0HSAcsBQVVfeXFMT2g0UGwxUVNKRHZaS1NtcFRZbmJXdG1vWFJrZ0xBVjNYSlJKMENBOXBVRnd6cUdBVXBYT0hVTEJWMFJGU2pNVElrZjY5Rk9ZNW8yd0tYaklZMTNzUXVFNllreDZKVTZTLWYxakJvQngxRzZNd0R3Z08zZ2EtOGkxbDdKS2FtTzVlQnZvYXMycFVvZ2Q0QTN0dEtkb0d3U0k4NzBtNnl6blg0a01zdHRQYS1ESnpBcENIQUxwX1RZU3hVMlQwOEdOZjh2SVU?oc=5
7757e361d516e4ee66f07422a081afa4,2026-01-10,Radar Lamongan,"Jalan Made - Plembon Diresmikan, Jalan Mulus Dukung Mobilitas dan Distribusi Hasil Tani - Radar Lamongan",Infrastruktur,"A - Pertanian, Kehutanan, dan Perikanan","Jalan Made - Plembon Diresmikan, Jalan Mulus Dukung Mobilitas dan Distribusi Hasil Tani Radar Lamongan",https://news.google.com/rss/articles/CBMi3gFBVV95cUxOanhPQ3FOX2NwQTRaQnlFOWpKZXpibkRLdlNfUXJHRFhxekFLMkVBMmNqVnRRV01GV3RGcGdWa3dIZFh3V1VhclhhOW5ybVluUG1kVVVGT24yRzY2aDBOaU14c19NZWcwRWNMQlAyamRnczQyWEttUWlDM1F2YmRuNENTdEhvbEZCNGNvMDkxNzR1MEJYUndxM3dMNFhMRXQ4UXRPbDA0S2I5bzNRcFNKZUdrMmNuNjZKcnBVM1NqVUlEbU1SZkgtclFqRWhHT3ZQazVadzVoTm5vMnItcEE?oc=5
4c4fe2c6feeee19a1e0c96b84831236c,2026-01-07,Radar Lamongan,"Luas Tanam Tebu di Kabupaten Lamongan tak Berubah, Ini Kecamatan Terbanyak Produksinya - Radar Lamongan",Pertanian,"A - Pertanian, Kehutanan, dan Perikanan","Luas Tanam Tebu di Kabupaten Lamongan tak Berubah, Ini Kecamatan Terbanyak Produksinya Radar Lamongan",https://news.google.com/rss/articles/CBMi4wFBVV95cUxQSjFVc04wc2w3NzR5dzdfNDJTVDJ5NmpjNnRsTUVNQUluWkJFckxrWVlHbHBQVGlua29vSWlPUE5WMjEtUWpnYm1tM2NvLVFaLTNPUHFqVUZpSUtyeWlSQkU3R19aeUZqWnhfVnExN1F3c0lHREp4aG91aGZETXZia0ZVVlI4UXVCWEVaelpZdWV1MGVqa0tJQ0EtSVdDLXVYcGh5dHVJYnpHdS12UUQ4WmlPbVhGZ0lCYWdQcnJvdTBzbEpidldRbmlKQmhldXRURm43OWxmYzRzc0t4ZTAyWVRpWdIB6AFBVV95cUxPSXdhVERuUkxDVFRXS0p3MHVManNOcXNuQzFER0JQZTlmU0U0TFlmQ2lHd2xTUXR0cVVadTRWZG5EWUhWc2NHRDdkXzRVNU1mNGJVd1B4UFppbmcxQXhXWWtYZVJLeVpsZEczS3Y4TEJzdHNmQWtsaURCSjlsRGRIZzNVLUkzTUF4X21hNlI0eU9DYTh3cE0wR01IMnoyaDF3R0puYnhUSkxOdjVXWHhvWjNyM1hHN0t1dFBtYWJZSFJyQ3R2NEdSX3VOaExPWlBDRVV5Q3MyTU5FRHFRTHYyamVyaTc5eTdP?oc=5
e9bb8bbff03b6f6e704e7aebcee6d103,2026-01-07,radarlamongan.jawapos.com,"Luas Tanam Tebu di Kabupaten Lamongan tak Berubah, Ini Kecamatan Terbanyak Produksinya - radarlamongan.jawapos.com",Pertanian,"A - Pertanian, Kehutanan, dan Perikanan","Luas Tanam Tebu di Kabupaten Lamongan tak Berubah, Ini Kecamatan Terbanyak Produksinya radarlamongan.jawapos.com",https://news.google.com/rss/articles/CBMi4wFBVV95cUxQSjFVc04wc2w3NzR5dzdfNDJTVDJ5NmpjNnRsTUVNQUluWkJFckxrWVlHbHBQVGlua29vSWlPUE5WMjEtUWpnYm1tM2NvLVFaLTNPUHFqVUZpSUtyeWlSQkU3R19aeUZqWnhfVnExN1F3c0lHREp4aG91aGZETXZia0ZVVlI4UXVCWEVaelpZdWV1MGVqa0tJQ0EtSVdDLXVYcGh5dHVJYnpHdS12UUQ4WmlPbVhGZ0lCYWdQcnJvdTBzbEpidldRbmlKQmhldXRURm43OWxmYzRzc0t4ZTAyWVRpWdIB6AFBVV95cUxPSXdhVERuUkxDVFRXS0p3MHVManNOcXNuQzFER0JQZTlmU0U0TFlmQ2lHd2xTUXR0cVVadTRWZG5EWUhWc2NHRDdkXzRVNU1mNGJVd1B4UFppbmcxQXhXWWtYZVJLeVpsZEczS3Y4TEJzdHNmQWtsaURCSjlsRGRIZzNVLUkzTUF4X21hNlI0eU9DYTh3cE0wR01IMnoyaDF3R0puYnhUSkxOdjVXWHhvWjNyM1hHN0t1dFBtYWJZSFJyQ3R2NEdSX3VOaExPWlBDRVV5Q3MyTU5FRHFRTHYyamVyaTc5eTdP?oc=5
8f3f7e04d8ec7a3b59595897354fd1df,2026-01-05,Radar Lamongan,"Didominasi Perselingkuhan, Kasus Perceraian ASN di Lingkungan Pemkab Lamongan Meningkat - Radar Lamongan",Ekonomi Umum,"O - Administrasi Pemerintahan, Pertahanan dan Jaminan Sosial Wajib","Didominasi Perselingkuhan, Kasus Perceraian ASN di Lingkungan Pemkab Lamongan Meningkat Radar Lamongan",https://news.google.com/rss/articles/CBMi4AFBVV95cUxOQzNYaVZHUU1jTzh5Q3Z4NFFLU0UtWFFibTBjVUp0MXBKcWVOZmpLRW1WLVdkTTh3ejVvb3hiWU1XWEJpbjdSTG11aE9PUkVlMkdmc0tTMmZtRlQ3U1VxN1c5eUpvQmtxbVpvRDcwdTgxc1N1NGM2Ymw4R0QySE1GRjV1LUt1ZG5JNHR2SXU4M09XN2owZFhkdWlGd1FFbmV2OW1HOXN0YkE0WUVuNXNOcjcxZjNmbXpDSXRoQVZKSkdzVm82dTItZDJTQ3N5Yk40RnNUZlhqczNteXdfU2k3dNIB5gFBVV95cUxQRXdtMkNld2RvWnpEVjZVaVFkMW5ZcW1JMHZkTWNwdkdYZmQxMWw5bVNlbXo2SkZqY1RKelU0akt6Q2FMNEdWeUNzdVhPSGlTa1IwSGxjVGVRRHp5ZTlqempwa1RDYlRNOXpYZkNXaTVFRzNaZ0NUMW5ob29jZVA0Q2ZKQXM3OEplRkZ3VTF6LVFRU3JNMWhTS3NkZUNiSjhPeUN4MHhqVFB3TnFkUGJDZXdHNE05R09LbElKWVpaSmxXSnMwYlJaNFVCWktPdGViUENpSUlmbUZ6cjV1UWJCNVN5c2RHdw?oc=5
d3c1ddba2dc6cb649a72fde43a63d34a,2026-01-05,radarlamongan.jawapos.com,"Didominasi Perselingkuhan, Kasus Perceraian ASN di Lingkungan Pemkab Lamongan Meningkat - radarlamongan.jawapos.com",Ekonomi Umum,"O - Administrasi Pemerintahan, Pertahanan dan Jaminan Sosial Wajib","Didominasi Perselingkuhan, Kasus Perceraian ASN di Lingkungan Pemkab Lamongan Meningkat radarlamongan.jawapos.com",https://news.google.com/rss/articles/CBMi4AFBVV95cUxOQzNYaVZHUU1jTzh5Q3Z4NFFLU0UtWFFibTBjVUp0MXBKcWVOZmpLRW1WLVdkTTh3ejVvb3hiWU1XWEJpbjdSTG11aE9PUkVlMkdmc0tTMmZtRlQ3U1VxN1c5eUpvQmtxbVpvRDcwdTgxc1N1NGM2Ymw4R0QySE1GRjV1LUt1ZG5JNHR2SXU4M09XN2owZFhkdWlGd1FFbmV2OW1HOXN0YkE0WUVuNXNOcjcxZjNmbXpDSXRoQVZKSkdzVm82dTItZDJTQ3N5Yk40RnNUZlhqczNteXdfU2k3dNIB5gFBVV95cUxQRXdtMkNld2RvWnpEVjZVaVFkMW5ZcW1JMHZkTWNwdkdYZmQxMWw5bVNlbXo2SkZqY1RKelU0akt6Q2FMNEdWeUNzdVhPSGlTa1IwSGxjVGVRRHp5ZTlqempwa1RDYlRNOXpYZkNXaTVFRzNaZ0NUMW5ob29jZVA0Q2ZKQXM3OEplRkZ3VTF6LVFRU3JNMWhTS3NkZUNiSjhPeUN4MHhqVFB3TnFkUGJDZXdHNE05R09LbElKWVpaSmxXSnMwYlJaNFVCWktPdGViUENpSUlmbUZ6cjV1UWJCNVN5c2RHdw?oc=5
56eacae410df63094e1ca95c93ec537d,2026-01-02,klikjatim.com,"PGN Mulai Salurkan Gas Bumi ke PT BMI Lamongan, Dukung Efisiensi dan Transisi Energi Industri - klikjatim.com",Industri,D - Pengadaan Listrik dan Gas,"PGN Mulai Salurkan Gas Bumi ke PT BMI Lamongan, Dukung Efisiensi dan Transisi Energi Industri klikjatim.com",https://news.google.com/rss/articles/CBMiwwFBVV95cUxOOE1TSk84cEdlMEFmWWR2Z3JOUllZOU5DLTFpc1lmbWxDNVRjek80dEg0dUhsNDgyN0txYmpXLWZnX2w2VVB2SjFqaTQ2TDFjMHVOYUQtalNhVzMybzk5TDd6N2M1LWhPTmN2UXZhMmJvSmthZUowa2V4Z3M2ZThnckFXQ3d4N1lZZHYzXzlHTUZWSGpaMF9Xcnd3eDFFN1RGa1V6MlhSSlBmek1IZ25yd0tLVEdNTzZLbHFjcmRhVTR6cWfSAcgBQVVfeXFMTmZTeXFEemJIRHpQeUVCQkFheVU0SGlfa3oyMW9zOXRrcjc2dTd6Y3pwRExIdm9NeTVMTTdfVi14ZWFTMG9EN2dxRzlaV0x6UzFrWUQ3b0RnQ0s2dXFtemV3WkdJX2tiMmduT3V2VTZCQnVCa0YtbU12WWQybFlDa1hDOVViLWRXSmEzMjRQWGszUF8zZmFiX090ejVqZzl1YThEbG9IOGRIcW11R083WjV0YUVKUTAxMExNZnpVZkNGQjJPZW1sNnU?oc=5
54488769cbc889074d5374da0770257a,2025-12-30,Radar Lamongan,Dinas PU SDA Kabupaten Lamongan Membenahi Infrastruktur Irigasi Dalam Mendukung Ketahanan Pangan Nasional - Radar Lamongan,Infrastruktur,F - Konstruksi,Dinas PU SDA Kabupaten Lamongan Membenahi Infrastruktur Irigasi Dalam Mendukung Ketahanan Pangan Nasional Radar Lamongan,https://news.google.com/rss/articles/CBMi8AFBVV95cUxPd2VzQXh5cWgxMXlFUTNJRHY3OVpwWVdVUmZheV9CNGRhSm5RRmdVbGNTRlIzMzVqT0JhNXJqYkJCM3NfSndhSV9WUHFSdER2ZDNjSUhzTUNOdTAyaERfdGpRNG5ZQlRTTUpBcjV0RVlpYzI0cXVSc2NReGpWdUZ6T0VJREg3ZktCUE9lYzFSZ0pXaXdhWlo4SjJRdTlvekh5TnpyenB6M2FuZFRSazJrdDFpZHlxNWVCZTRjTVYxaFBfbmlCc0NWUEl6NlU4SGx1WURjMXBzNTlrLVhFS1hoNF9YMUZIR2dHTVZsSmtyd2rSAfYBQVVfeXFMUFk2V0tBa3JDUXJWTFNIM3hSWnFkWWE5blBEYnZiWVkyRkpPZV9xSXU3dzl5Rk5LcGxxRFA5M3JuWUt0VmJZT2dWLUFCV0stS1lKc0U1S1FtMWJUNEJCNWkydUlJN054V3E5dFhQdURnMFpkcTNwSmJDYkxZNjVfWUk5MkdrTlpmQ09XSWwta2F1OF9DYlpzR2EtOXpyVExOUmhaYmEwM01hWjBfXzVaS2JxcDJmQjJLUTJselROODBZcW16MmU2MVBKakpqSEU4ZUlXTFZsZmM3TVlGMzJPNjNmaWE1TGw2dThxaEYxUF9rWnY2alVn?oc=5
37a57361822d85a83dbe717695a50b44,2025-12-30,radarlamongan.jawapos.com,Dinas PU SDA Kabupaten Lamongan Membenahi Infrastruktur Irigasi Dalam Mendukung Ketahanan Pangan Nasional - radarlamongan.jawapos.com,Infrastruktur,F - Konstruksi,Dinas PU SDA Kabupaten Lamongan Membenahi Infrastruktur Irigasi Dalam Mendukung Ketahanan Pangan Nasional radarlamongan.jawapos.com,https://news.google.com/rss/articles/CBMi8AFBVV95cUxPd2VzQXh5cWgxMXlFUTNJRHY3OVpwWVdVUmZheV9CNGRhSm5RRmdVbGNTRlIzMzVqT0JhNXJqYkJCM3NfSndhSV9WUHFSdER2ZDNjSUhzTUNOdTAyaERfdGpRNG5ZQlRTTUpBcjV0RVlpYzI0cXVSc2NReGpWdUZ6T0VJREg3ZktCUE9lYzFSZ0pXaXdhWlo4SjJRdTlvekh5TnpyenB6M2FuZFRSazJrdDFpZHlxNWVCZTRjTVYxaFBfbmlCc0NWUEl6NlU4SGx1WURjMXBzNTlrLVhFS1hoNF9YMUZIR2dHTVZsSmtyd2rSAfYBQVVfeXFMUFk2V0tBa3JDUXJWTFNIM3hSWnFkWWE5blBEYnZiWVkyRkpPZV9xSXU3dzl5Rk5LcGxxRFA5M3JuWUt0VmJZT2dWLUFCV0stS1lKc0U1S1FtMWJUNEJCNWkydUlJN054V3E5dFhQdURnMFpkcTNwSmJDYkxZNjVfWUk5MkdrTlpmQ09XSWwta2F1OF9DYlpzR2EtOXpyVExOUmhaYmEwM01hWjBfXzVaS2JxcDJmQjJLUTJselROODBZcW16MmU2MVBKakpqSEU4ZUlXTFZsZmM3TVlGMzJPNjNmaWE1TGw2dThxaEYxUF9rWnY2alVn?oc=5
0571811923cb60eae1c1022132a11c14,2025-12-29,Radar Lamongan,"Terukur dan Merata, Jamula Bikin Infrastruktur Lamongan Kian Mantap - Radar Lamongan",Infrastruktur,F - Konstruksi,"Terukur dan Merata, Jamula Bikin Infrastruktur Lamongan Kian Mantap Radar Lamongan",https://news.google.com/rss/articles/CBMixgFBVV95cUxOY0tMWHRxYUhBTkVId2Nud0NrVDBRQTRsVmx3UEhleFIwV1J5ZWZhTlBEcDVMdG5aWVo1NGlXZ1ZacjZvNWZkVHFxUGhTZU9SMzNEUUJTUkEwYWxnZ3ZLTXUwTVdWOHdXaWNScGxVOGpJQzdxa1d6UGhHYkU2QmJtSDB1MjNZMEJyRnBEbFlyenkybnU2MkdCLUhTaFRIeHEwYkM0Und1d1NHdndZWEFsZHBpazVNY2JHeVM1eUZzWmc1bTl0U3fSAcsBQVVfeXFMTmRYWnpPSWhGUWhYR3B0Y2V4R091Z2lfRURUREVIZUFZS1ZOVXBkYmliZ29yNkdSMkVuY3h3bTRrbHR3RXdKMUg1clNUUU1la0xXMzBYbDFVOFZJT0trVWk3eHpVbjRGdi1kSW4wbkdrV1QwZmxvTlBLRlZ2elNiOWw4QUVsZ0lhVm0tQjNQMW5pWUVucVR4SzZxeTRKdDY4WE1GV19FTkRqZWc0UU5VX1JpWUhyLXM1b3Njclo1NURzS2JoZXUwQ194Y0k?oc=5
031f20fcd38ced396be03f778a8464ce,2025-12-29,radarlamongan.jawapos.com,"Terukur dan Merata, Jamula Bikin Infrastruktur Lamongan Kian Mantap - radarlamongan.jawapos.com",Infrastruktur,F - Konstruksi,"Terukur dan Merata, Jamula Bikin Infrastruktur Lamongan Kian Mantap radarlamongan.jawapos.com",https://news.google.com/rss/articles/CBMixgFBVV95cUxOY0tMWHRxYUhBTkVId2Nud0NrVDBRQTRsVmx3UEhleFIwV1J5ZWZhTlBEcDVMdG5aWVo1NGlXZ1ZacjZvNWZkVHFxUGhTZU9SMzNEUUJTUkEwYWxnZ3ZLTXUwTVdWOHdXaWNScGxVOGpJQzdxa1d6UGhHYkU2QmJtSDB1MjNZMEJyRnBEbFlyenkybnU2MkdCLUhTaFRIeHEwYkM0Und1d1NHdndZWEFsZHBpazVNY2JHeVM1eUZzWmc1bTl0U3fSAcsBQVVfeXFMTmRYWnpPSWhGUWhYR3B0Y2V4R091Z2lfRURUREVIZUFZS1ZOVXBkYmliZ29yNkdSMkVuY3h3bTRrbHR3RXdKMUg1clNUUU1la0xXMzBYbDFVOFZJT0trVWk3eHpVbjRGdi1kSW4wbkdrV1QwZmxvTlBLRlZ2elNiOWw4QUVsZ0lhVm0tQjNQMW5pWUVucVR4SzZxeTRKdDY4WE1GV19FTkRqZWc0UU5VX1JpWUhyLXM1b3Njclo1NURzS2JoZXUwQ194Y0k?oc=5
b8d50eabfe85ac1a78d72df0e7b0120e,2025-12-11,Radar Lamongan,Pemkab Lamongan Berikan Ruang Eksplorasi untuk Disabilitas - Radar Lamongan,Ekonomi Umum,"O - Administrasi Pemerintahan, Pertahanan dan Jaminan Sosial Wajib",Pemkab Lamongan Berikan Ruang Eksplorasi untuk Disabilitas Radar Lamongan,https://news.google.com/rss/articles/CBMitwFBVV95cUxNLVR6dUxsY01fYmJBZjlZM3djbmZYbGpqNEswS053bDhxUzNQb2NhU1RTaEEzZThhQXhVSjU5UGVaajRjREQ2SFFxMUoxeEx3R21ZaDRBMnhkd0d3WGNNZUR6NkY1NWV5bGNfSDBReFhqbTg5eEhuMjVpam5lekFLMUdPdTBoT3Znd3IwaGV0eU9YM0JnY2pHd1h6TmtLb0w4eDQtazlhV3IyQlp4YVNpSExhZ05PVWPSAbwBQVVfeXFMTzQtWW5wLUdUVmpGRlJnR3ZmMDRmQ1BvdWw1c3dFZlFGTWxOcjR3RS01VWpCejJlY1poMDM4RjRwM2wwamRlbk5PQzhna01NWDZpdnJ1NlpfVm9iMGUtSXk2YWRELVpsd1RNTDIwcHlPeDZPWi1JaEVqUTc1Z3VTd1FLLVNhV29rUm9hMGdPdWJXdkU3TUxRZS1tUGtYdmlaLWwwZ281TDVOcGEySlpZTFdzOEx5cjBUTG9QZGQ?oc=5
7764c79614edcc0422beb9ef40d89a7c,2025-12-11,radarlamongan.jawapos.com,Pemkab Lamongan Berikan Ruang Eksplorasi untuk Disabilitas - radarlamongan.jawapos.com,Ekonomi Umum,"O - Administrasi Pemerintahan, Pertahanan dan Jaminan Sosial Wajib",Pemkab Lamongan Berikan Ruang Eksplorasi untuk Disabilitas radarlamongan.jawapos.com,https://news.google.com/rss/articles/CBMitwFBVV95cUxNLVR6dUxsY01fYmJBZjlZM3djbmZYbGpqNEswS053bDhxUzNQb2NhU1RTaEEzZThhQXhVSjU5UGVaajRjREQ2SFFxMUoxeEx3R21ZaDRBMnhkd0d3WGNNZUR6NkY1NWV5bGNfSDBReFhqbTg5eEhuMjVpam5lekFLMUdPdTBoT3Znd3IwaGV0eU9YM0JnY2pHd1h6TmtLb0w4eDQtazlhV3IyQlp4YVNpSExhZ05PVWPSAbwBQVVfeXFMTzQtWW5wLUdUVmpGRlJnR3ZmMDRmQ1BvdWw1c3dFZlFGTWxOcjR3RS01VWpCejJlY1poMDM4RjRwM2wwamRlbk5PQzhna01NWDZpdnJ1NlpfVm9iMGUtSXk2YWRELVpsd1RNTDIwcHlPeDZPWi1JaEVqUTc1Z3VTd1FLLVNhV29rUm9hMGdPdWJXdkU3TUxRZS1tUGtYdmlaLWwwZ281TDVOcGEySlpZTFdzOEx5cjBUTG9QZGQ?oc=5
d8fb2e7f03131460e8a7711106e996d1,2025-11-27,Antara News jatim,Pemkab-DPRD Lamongan setujui APBD 2026 untuk percepat layanan publik - Antara News jatim,Ekonomi Umum,"O - Administrasi Pemerintahan, Pertahanan dan Jaminan Sosial Wajib",Pemkab-DPRD Lamongan setujui APBD 2026 untuk percepat layanan publik Antara News jatim,https://news.google.com/rss/articles/CBMisgFBVV95cUxPS09raWtwQi00VTU0SkRSMUVRRklES251VEpiaXV1TGRFUVYyQXQ5SDdKT2lfRFUzM2tHelB4NTBaUm1IXy11bEd3ZHdqZEFXVXpJMHZFUmoyNDhObXVFREtGRVhGd2NzQlQtakEwMWI1aVJIX1lrSG5UYjVfWC12NkxNdmpOUGJMUFV5VEdVSlY2eEFLU0x5cmVJbmhsdzZOaU1nTW1IMmxpcVdFdmhCZExR0gG3AUFVX3lxTE9uTURReTVlTURsMkdxSGVicTNPTDQ3VWhoWVZfSWF4cy1zMnBSbnIxR3FYZW9ITFp5MXE5TURYbnBRblpXVl9kMEFLSkd0THRMd1AxelpNTXNwcmFTamtCellwcWV2OF9mUXBmc3FSNlA0bmNNanFvdGljWXJUb0YzZ1l5NzBCbTJmRU9fYkpJZW52aVlkUWlzRTdhbFFKMnNzcjVEakNPYzVITFBFck5QcHc3OUVGQQ?oc=5
5c3f698245aa9053345ef25d8a84f95a,2025-11-17,detikcom,"Pemkab Lamongan Diapresiasi TNI, Perkembangan KDMP Tertinggi di Jatim - detikcom",Ekonomi Umum,"O - Administrasi Pemerintahan, Pertahanan dan Jaminan Sosial Wajib","Pemkab Lamongan Diapresiasi TNI, Perkembangan KDMP Tertinggi di Jatim detikcom",https://news.google.com/rss/articles/CBMiswFBVV95cUxPNW5UUlZSQkY5QjE1V0xtblJidU5heGcyOTh1d0Z3N1NidmZrVmZPS2xYaS1XSmtxSFc0RldvQ05Vc19VTjZGNVNrc2g5RFF4Z29NLWUxaUxReFdyQnhoS25vdVZpcnlaaUNxQ2hiX24wT3RTNWlnai1veXRRdlFfdEhwbUg0ZWJJaHo5VEYyVFduUEVVdGJYVjVuOUF3ZHBxMXU3TE9saE9lVC1zNEdlYnYwTdIBuAFBVV95cUxOSndrSUR0UTk5djdwcnExWGhydUlDUGoyYlBCdmxEUVZybDRVZUFpcjl2ZnNNQWctUEVJbXNKYkhKYVJYZkdCcnl5Q1o2aG5yNWpZODhnTjZ3YWlxcTBjWkwzOWFqc0hjZjhzX3ljNFRtUXVDNXY3N0t3X1JOVGlwaUdOOG9NNnBVSmdqOHg2Sl95Q0g0YjE0cmNwUmEtdU5mZ1QxLU02bExibmJHazNYYXgxY2Z5LUt6?oc=5
fc0ee330194b0269125ab03bf238ed00,2025-11-14,detikcom,KDMP Tambakploso Lamongan Berdayakan Warga Lewat Peternakan Kambing - detikcom,Ekonomi Umum,"A - Pertanian, Kehutanan, dan Perikanan",KDMP Tambakploso Lamongan Berdayakan Warga Lewat Peternakan Kambing detikcom,https://news.google.com/rss/articles/CBMisgFBVV95cUxQMkJjbWQ0Y1lBQW9CWDBSY1VTNEJXaFI3Q1VXWUV3LTlRZEdIRTJtODhocVk4QzRoSkVRa1dpWmUtNjUwaExwVWY0WXBOLUtFNVd3a05Pdm5HQlVyM1VkMkUyOHBhX2hVX2FUbGFkTlpsa2Q5Z3V4Z05FV3YtU3UyR0l1R3RGVW1XREpUWmxmRGJJR0pYSk9yXzZ3TXN3aUJQeGQweWRVTTYtTWlvb2w0OXp30gG3AUFVX3lxTE41Ml9Vb3BEbzN0dUMtZkphTlU4bkNoSmdIQUFBUlE0MXE4M1htLVE2cWk3UDlaeTlSeGZvUEpOSzdpUld5YnpGMnFZNDFJaU9SMDZpMFlaNk5SSl9QdmdoTDhlaXZiYzNZODk4eVJMVkxIbFh3Si1rY3NBM2d4Mk5abk9ldG9aQjRrQlkyLXp2UXdobnEwQjdQbUtMU1F5a25BZGlCZ2JLYlBzcWdsYWRiNm1pbWlrcw?oc=5
7cd98cedf4df24d9c749e64497a5f35e,2025-11-14,Dinas Komunikasi dan Informatika Kabupaten Lamongan,Program Lamongan Nyantri Dukung Optimalisasi Peran Pesantren Berdayakan Masyarakat - Dinas Komunikasi dan Informatika Kabupaten Lamongan,Ekonomi Umum,"O - Administrasi Pemerintahan, Pertahanan dan Jaminan Sosial Wajib",Program Lamongan Nyantri Dukung Optimalisasi Peran Pesantren Berdayakan Masyarakat Dinas Komunikasi dan Informatika Kabupaten Lamongan,https://news.google.com/rss/articles/CBMiX0FVX3lxTE9oUnl3NFNBbHoyM3Q2dGtBbDhlcmZUaGxoMTFRWEE1WkhwYzRmQ1VvZmY4Vi1BNjB0ak9PUU00eTJZNXdLUDlUVUtnWUdQSHVjY2FXaW4wUVlIcjNpNHl3?oc=5
97a9cd2455db09115f4334ff3a0c7494,2025-11-06,Radar Lamongan,"Simaya dan Laserku Masuk Nominasi IGA 2025, Bupati Yes Paparkan Keunggulan Dua Inovasi Ini - Radar Lamongan",Ekonomi Umum,"O - Administrasi Pemerintahan, Pertahanan dan Jaminan Sosial Wajib","Simaya dan Laserku Masuk Nominasi IGA 2025, Bupati Yes Paparkan Keunggulan Dua Inovasi Ini Radar Lamongan",https://news.google.com/rss/articles/CBMi5AFBVV95cUxOSzNvYTdYaHdOV0N1ZURQUXlXQ0V3d09PTG13cHNZbFA4dXV0MEhlRlJxckpvNlBlc18xTWNubDRkNHE4SmVpMjAwVmRwMmZ4cFVlVlRzdVl3TTFBWnE1UHpiOFVDZUdRWDdiU240SW5MN3ZNR0cxVEVHSzdfSW9pUDRHbGlHbUJFMnY1NE5kcFVJaks0VEFab2xKcldRbE14Y2l2R3hfTFdIc1VkSVZlaHNTdkw2MzhhdXlaYmFlZ2NTbl84WTlhZjVpMklFWi0yN1ZDREZQOW40dEVnVy13ZVV6NUPSAeoBQVVfeXFMTkNydDdTRlZQLXdHZGdfajQ4aHhNbWVLQ0RZUkZKZDFZRlBUZXdNaWQ0NlNzVkdWRlFnam1DTElkV1Y1LUpJeXV5eHM2XzVIamdpeEZxeWsyU1NRYlpwQzctakVBLXZFRHRoTGZ6bFFnQU1lRk51dkhDR2xuLW90eE1ac1cyelc2OGZ0c0EzLUJ2V0gxTmktRzRvenZiRzhFeUNoaEtQd2dmLTczdmtLM2ItQUZScUZFb2V1SjhCSkJieENYZlpoTElpOHFIcDE1TlkzU0x5Z2VIUGMwSTZYM1ZNekRtcy03S09n?oc=5
b29651f8909a46008ecda84da7402909,2025-11-02,klikjatim.com,"Kolaborasi Lamongan Sehat, RSUD Soegiri Lamongan Jadi Pusat Rujukan Terpadu 32 Puskesmas - klikjatim.com",Ekonomi Umum,Q - Jasa Kesehatan dan Kegiatan Sosial,"Kolaborasi Lamongan Sehat, RSUD Soegiri Lamongan Jadi Pusat Rujukan Terpadu 32 Puskesmas klikjatim.com",https://news.google.com/rss/articles/CBMitwFBVV95cUxQV25pamduV3ctbUdhYm55WE0yWnpkR2VrUXJDcHhrSVRhd0duOXFLQVYzcHZ6VkY0UHZteFhDSzN3YlR2S1FMN1dKa2VFWkpvdGJjZVdVanNLU0xFS2NxSlV6S2Y2TEhWeFFOcGtSZlJZaFQwTE5sRC1QTzZHemhSNFNkc01VNjU0YmJCUzNfMWFYS2lJY3B0eUJpVUp1T3pMWW8yZUZiWC1MV04ydmFpYkYzLVJYMlHSAbwBQVVfeXFMTTUzVXh1OW96TDVzS01QZEVTVmJ4c2x5NHQ3V0twRzJ6Y1p3UlBLcFR2c1dtQ1VmQWZNUUZmMDFqdW9YR0ZBTlR6Nkh5Zlg4eFJ3Z0J1TnVGQ2lfNG5TdHBBMW8xNnV0Y3BoMi1ZN21oSEdVNHZ2eFNwa1FkWFhrY2tDZk43dWVNb0dGdk53MDZrWmMwdmRnU3pKbzBqZU5CYW5hOGJzOWdzT0dHcXg0bkw5TVFxNUd1LTFlTUc?oc=5
59a13156c371ab91a1a981c7b78bb768,2025-10-24,detikcom,"Tim Kemenkopolkam Tinjau Pelabuhan Tanjung Pakis Lamongan, Ini Rencananya - detikcom",Ekonomi Umum,H - Transportasi dan Pergudangan,"Tim Kemenkopolkam Tinjau Pelabuhan Tanjung Pakis Lamongan, Ini Rencananya detikcom",https://news.google.com/rss/articles/CBMiuAFBVV95cUxPYXA3T1dNUy11Uk8yS3ZVME1iaWRfc2R3M3ZGdzdLR2ttSGstd2Z5Qnl6N3FQOE9Ya3FVLXJLQ1UtQmduU2o0Q1d0ZEpFRFFDQkM3QmJ5RndMTEJYQUxsM0JpYlNDeEQ0RGIxanE3OGpTUk92TzY3N1FVQ0NuajlLbmFxa2RhUUplV0NMUDBzVDc1bjVWYnMxazYxYi11NGtIUEFvcjJIaDlnclRVRnFveEh6dGMxOC1T0gG-AUFVX3lxTE04bkdNcDd3OU9FZEFaTUNxbk9RbGxjRHNScV8zLTVGWWJvWVlVazhkZEJxaEx4c3ZkR3BwSmlGLXM4UFg2TnhiQ1RXa2xJMGltVGlHRWE5RlIyNlZHbUNQUnFZeExxVU94ZmxIMXNRTUVRZ3FlckhPUFR0b2RqWElfSGktaDVzcERPYWRWTFNNU1gzbUpkNkwtcGJOcnR5Z0xOYTA3ZTM2UW1ISVlDc1NpbnR1MUVrdTlJSk8xNWc?oc=5
8167a36c556db6dd3e6f1bce09398e45,2025-10-18,Radar Lamongan,Perbaikan Dua Pasar Desa di Kabupaten Lamongan Ini Ditarget Rampung Akhir Tahun 2025 - Radar Lamongan,Perdagangan,G - Perdagangan Besar dan Eceran; Reparasi Mobil dan Sepeda Motor,Perbaikan Dua Pasar Desa di Kabupaten Lamongan Ini Ditarget Rampung Akhir Tahun 2025 Radar Lamongan,https://news.google.com/rss/articles/CBMi2wFBVV95cUxNTUdmdTVwSS1oN2xYV1dVVExza2Z3dkg1Vm9ncVh2Zkl5bWNoelBhXzZSZVZhOFBhb1FtakZLRUxFY3pMWUpGZ0R2Z0FWV045eGRidUtMWkNiaVdPT3RTTWlyY2tfbF9fSTNyT01qUmhpZ240WlhXRkpZNU53d2pNT0hSUjFoemdySm1uTGZsYlcyN0lJRzBkYUZXdnZTdkRiNzlLakJ3RkN1b3BaMU1CUjJwa2duYW5wcjBLQXBCN0xnWXdjWVZhODdHSWJwanZNcEVHZ2h1VjYxQUHSAeABQVVfeXFMUG1lRDZuNVpvTGdmRVQzQTRmTlZBQzRKb2pWOENHdkZ6aGZnRXdFMkRTQzFJOTZkMEZIU3ZYdWtEVWVJbkJQNERlUHpDWUhZWG1QdzZ6Tk5qeHJ2LXRBTWFvMFVoZXhrVmhQXzlIQ1JPVk90OEVETnhGeWRrcFl4WFBEcHNMV0MzRy16aWxwbTVKNmp3azcxaUtiekV4REd0dUF5RE9jRWhaUVA0VFlMMzVzU2loZkZOaXNOVHNWWGQ2dXptZmV4LVhaeDM1WmJWMkg5am1HTWpzWlhrb2F2cVU?oc=5
6e2b252d7736dbbb15bba88af0b27152,2025-10-15,klikjatim.com,"Puskesmas Kedungpring Hadirkan Inovasi Digital SIMas KDP, Pelayanan Kesehatan Kini Semakin Mudah dalam Genggaman - klikjatim.com",Ekonomi Digital,Q - Jasa Kesehatan dan Kegiatan Sosial,"Puskesmas Kedungpring Hadirkan Inovasi Digital SIMas KDP, Pelayanan Kesehatan Kini Semakin Mudah dalam Genggaman klikjatim.com",https://news.google.com/rss/articles/CBMi3AFBVV95cUxQZXlHeklPcHZVbU11ZENvUTI2X2k3NkJxUlBoT3NPT1VlYUpMeUR5dVlxa3p3UWQzek50dXhwYmozZF8tQjFrVlY3MGdCVnlGRGI3ejVUcTUteE1TQlFxaGt3Y3lDb3F6NFoyczJpMDFEQWFSWklRbVFsekFsZUxoQ19xRXloZVc5ZzBaYmhkby1hZWl1eW5GenNUN2VqUkhfX3E5REp2aW5TeUFCSUZIRTFOb09maExORlc0QlYxbGxHWkszUllLZERSUTBFaVBGRXplRVpiVE5tclE30gHiAUFVX3lxTFBSaWZoWlRmNlpxc0ZIbkdYSjJoVWVmMXhMOTg1c3RWaFg2RUZiMzh3S2RPSzQ4dzRFZEpsS3NZUVZrSGlPNmM2a3RadU9DcF8wMDNxREotcXo4LVg1bzY1QWE0MzE0bUpNeHNoZGtZcjJiNENsVHdfdUg0dVhuSEpGSzlpdjl2SmRMbmp6Q0QxWnluaW4zR1VPbE5rOHNRdEFZNHRHU25TUGx0cURkYUZndkVTQXNyZWduT2FNUUpkTG5rMjB1dnJKUzd3QjJpZUs5czJfZVhPejdBallCdnNoQWc?oc=5
8282421eac64bef552a6fa3a657a1c13,2025-10-15,Radar Lamongan,Pemkab Lamongan Siap Berkontribusi untuk Jatim Tumbuh - Radar Lamongan,Ekonomi Umum,"O - Administrasi Pemerintahan, Pertahanan dan Jaminan Sosial Wajib",Pemkab Lamongan Siap Berkontribusi untuk Jatim Tumbuh Radar Lamongan,https://news.google.com/rss/articles/CBMitAFBVV95cUxOSHV1UnNaVHk3WE9PWWl5WmJXSTNPUUhoRGhVQk1YRUtaT2NDajBtOGRVMHhnVWFZd0NrVVFFSWU1a1M4c1FtRmtkWjlLSWpkLXdYOWF0NnpFQzJKcXE5czhscmJNTExzQVI1cWo1UXE0QlhDM3N5Q2M5VTdkM2NHWnRrRDBFMmNHa3lNaTc3dkhBQzlIYndIU3FhSEdzS0JfYUpkQnd0ZnNkVmtBQVlocmZ0aEjSAboBQVVfeXFMUHRKRlVMYVlLWC01cFF0bnd1MWkxWWFvdG9MRXA4THkyaWtBLUQxNXh0aTJ0WVVqNk5wYTJUSnd6NEpNa2lkaTJsY3BZZ2hWSW9odTROYlNNN3B5YUUxQ0pOYktMX3BtcWlTRnpGZTB3OUtFb2tuLXhxcmJ0RnZLV0RQY0pqZ2NMYW4tU0g5OG9pdDIzVWJ6dXZiSXdOQVQzRHpIZndBeGgyT1BmQkNrTGJqTkVHczRIUWdB?oc=5
16ac271a00b206c5eac9b86ceb954726,2025-10-15,radarlamongan.jawapos.com,Pemkab Lamongan Siap Berkontribusi untuk Jatim Tumbuh - radarlamongan.jawapos.com,Ekonomi Umum,"O - Administrasi Pemerintahan, Pertahanan dan Jaminan Sosial Wajib",Pemkab Lamongan Siap Berkontribusi untuk Jatim Tumbuh radarlamongan.jawapos.com,https://news.google.com/rss/articles/CBMitAFBVV95cUxOSHV1UnNaVHk3WE9PWWl5WmJXSTNPUUhoRGhVQk1YRUtaT2NDajBtOGRVMHhnVWFZd0NrVVFFSWU1a1M4c1FtRmtkWjlLSWpkLXdYOWF0NnpFQzJKcXE5czhscmJNTExzQVI1cWo1UXE0QlhDM3N5Q2M5VTdkM2NHWnRrRDBFMmNHa3lNaTc3dkhBQzlIYndIU3FhSEdzS0JfYUpkQnd0ZnNkVmtBQVlocmZ0aEjSAboBQVVfeXFMUHRKRlVMYVlLWC01cFF0bnd1MWkxWWFvdG9MRXA4THkyaWtBLUQxNXh0aTJ0WVVqNk5wYTJUSnd6NEpNa2lkaTJsY3BZZ2hWSW9odTROYlNNN3B5YUUxQ0pOYktMX3BtcWlTRnpGZTB3OUtFb2tuLXhxcmJ0RnZLV0RQY0pqZ2NMYW4tU0g5OG9pdDIzVWJ6dXZiSXdOQVQzRHpIZndBeGgyT1BmQkNrTGJqTkVHczRIUWdB?oc=5
a23cb36d47e89a584fa83fd983407289,2025-10-09,detikcom,Ini Fokus APBD Lamongan Tahun 2026 - detikcom,Ekonomi Umum,"O - Administrasi Pemerintahan, Pertahanan dan Jaminan Sosial Wajib",Ini Fokus APBD Lamongan Tahun 2026 detikcom,https://news.google.com/rss/articles/CBMihgFBVV95cUxNekFlNXNYUEgwajljZjNQckdXaTJCYV9ocXIxdUQzMHBsbEVPUVhwWE1pWlZEQllJa0I0ZUVYM1BuMlJGbHgtNmtLeTZsdF9uY0dnSlVjNWZ2dnpwRl9SRFJfY21NZVNkQXhCQkp0aGNqaWdNbHhyVktEWXBKT3hMOXhLMmc0Z9IBiwFBVV95cUxNTkdSWE8zX21lUjV0cng4cUJMSkkzaTliNUJfc0k0TWptc2NYWkdVZXRibER0SEFsUTRnb2lGVFIzcnBHUXh6M3E2Sy1hZFJWbVVBMmRwUnJROFIxRmJzOWRfS3RIVUxxTzltaldnYkxDR293S0xNWXJpM1FxMXRhS3ZHQkRyMUluWHVj?oc=5
5d1d30617f7a20a3ecab9a5080de3225,2025-10-07,surabaya.kompas.com,"Bus Trans Jatim Koridor VII Mulai Beroperasi, Hubungkan Lamongan hingga Gresik - surabaya.kompas.com",Ekonomi Umum,H - Transportasi dan Pergudangan,"Bus Trans Jatim Koridor VII Mulai Beroperasi, Hubungkan Lamongan hingga Gresik surabaya.kompas.com",https://news.google.com/rss/articles/CBMi5wFBVV95cUxPX3R0ZF9sd1FPZE9rWlB5SFdLV3BRSkxkNmZQaTBVWlBKcGhjeVlyUFpLU2Z0cDNFeW9aeE5YTzhteDdvdzU3cjZ1anNXY2ItMzBGUjB0V1pSY3JiZFhLenA4eWVhdE9yeEFwWTRDbDlaNklHbmVNU2ZjZGxjRGVVQVhzQ05xcnB2dmtWX0VHcWZXTjNKdW1OcXFka0hMdFZaaHdMTjBrOU9yUnZiYjRLMkxIZDk2YzNUT00weWpVQVlCVkkzaXUxYUJBajlqcU5QY0NtTlR2MWdtTW1KRG82SWRDMGhFZkE?oc=5
b9fb92e29ff8e32ff27b346a6e278d26,2025-10-07,Kompas.com,"Bus Trans Jatim Koridor VII Mulai Beroperasi, Hubungkan Lamongan hingga Gresik - Kompas.com",Ekonomi Umum,H - Transportasi dan Pergudangan,"Bus Trans Jatim Koridor VII Mulai Beroperasi, Hubungkan Lamongan hingga Gresik Kompas.com",https://news.google.com/rss/articles/CBMi5wFBVV95cUxPX3R0ZF9sd1FPZE9rWlB5SFdLV3BRSkxkNmZQaTBVWlBKcGhjeVlyUFpLU2Z0cDNFeW9aeE5YTzhteDdvdzU3cjZ1anNXY2ItMzBGUjB0V1pSY3JiZFhLenA4eWVhdE9yeEFwWTRDbDlaNklHbmVNU2ZjZGxjRGVVQVhzQ05xcnB2dmtWX0VHcWZXTjNKdW1OcXFka0hMdFZaaHdMTjBrOU9yUnZiYjRLMkxIZDk2YzNUT00weWpVQVlCVkkzaXUxYUJBajlqcU5QY0NtTlR2MWdtTW1KRG82SWRDMGhFZkE?oc=5
bb6c17d93d1c8a8dbe4b748b156194dd,2025-10-03,Radar Lamongan,"Perkuat Peran Organisasi Wanita, Bupati Lamongan Tekankan Pentingnya Ketahanan Keluarga - Radar Lamongan",Ekonomi Umum,"O - Administrasi Pemerintahan, Pertahanan dan Jaminan Sosial Wajib","Perkuat Peran Organisasi Wanita, Bupati Lamongan Tekankan Pentingnya Ketahanan Keluarga Radar Lamongan",https://news.google.com/rss/articles/CBMi4AFBVV95cUxQT1FSWDIwNEFiRV9sOG5rMzhvQVg5SmtkcGpFM2pGbV8ySGdyZWhlSnRieF80ZGktZ1hlbFpPWmFMd1RMYUExOUI1WTlTTzFnYnZGV0FybDVHZ0dhNXlXcXdHMk9NTWpqZG1TdHRPRndXajA2YTlka0h3aTd1dXgySHN6ZE8wbS0yc0dKclZPQVV0Znd2Nl9CRFg3dXRYWDByZEY0OTF0cjhFcnA4TWlOQXh4NWxwWFFUZGRTbnJZSFhHeTM4OXJpTUo0TFlDRDhzTUNwNzhKN21paU13TktxTtIB5gFBVV95cUxNNzFSOXFlcXl2QUFSQ2VmT215LUY1bDZ5NzZ5ejlnMEFDQmRXSXJzUnVtb2l3cm1TMHFOVzFENmVHTDBkbXZMZ1hOcXczbEloVEI2SFhUZWpjVDlkRTFQRHc4Q0ZOa2twcTZ0QTJRcUN3ajRZWndub2xnMUVrX3paaGhfZWZqTHdNazNla1pndWczbWZzUkkwb1NxTHpyRFp3VE00dWVPdGNUOWdiVU5BaUxmTzVPd2RXblgzc0RzMFY5YXpXSDVtRTY3eURNckJtLXhtX0lUQThOQ2Zpd0FJNUN1TmZ3dw?oc=5
1edc427901acd7267b7c65f6e3016b99,2025-10-03,radarlamongan.jawapos.com,"Perkuat Peran Organisasi Wanita, Bupati Lamongan Tekankan Pentingnya Ketahanan Keluarga - radarlamongan.jawapos.com",Ekonomi Umum,"O - Administrasi Pemerintahan, Pertahanan dan Jaminan Sosial Wajib","Perkuat Peran Organisasi Wanita, Bupati Lamongan Tekankan Pentingnya Ketahanan Keluarga radarlamongan.jawapos.com",https://news.google.com/rss/articles/CBMi4AFBVV95cUxQT1FSWDIwNEFiRV9sOG5rMzhvQVg5SmtkcGpFM2pGbV8ySGdyZWhlSnRieF80ZGktZ1hlbFpPWmFMd1RMYUExOUI1WTlTTzFnYnZGV0FybDVHZ0dhNXlXcXdHMk9NTWpqZG1TdHRPRndXajA2YTlka0h3aTd1dXgySHN6ZE8wbS0yc0dKclZPQVV0Znd2Nl9CRFg3dXRYWDByZEY0OTF0cjhFcnA4TWlOQXh4NWxwWFFUZGRTbnJZSFhHeTM4OXJpTUo0TFlDRDhzTUNwNzhKN21paU13TktxTtIB5gFBVV95cUxNNzFSOXFlcXl2QUFSQ2VmT215LUY1bDZ5NzZ5ejlnMEFDQmRXSXJzUnVtb2l3cm1TMHFOVzFENmVHTDBkbXZMZ1hOcXczbEloVEI2SFhUZWpjVDlkRTFQRHc4Q0ZOa2twcTZ0QTJRcUN3ajRZWndub2xnMUVrX3paaGhfZWZqTHdNazNla1pndWczbWZzUkkwb1NxTHpyRFp3VE00dWVPdGNUOWdiVU5BaUxmTzVPd2RXblgzc0RzMFY5YXpXSDVtRTY3eURNckJtLXhtX0lUQThOQ2Zpd0FJNUN1TmZ3dw?oc=5
1a06a685eaca1035145518c9d271b260,2025-09-21,klikjatim.com,"Jaga Persatuan dan Kerukunan, Bupati Lamongan Hadiri Sedekah Bumi Desa Simbatan - klikjatim.com",Ekonomi Umum,"O - Administrasi Pemerintahan, Pertahanan dan Jaminan Sosial Wajib","Jaga Persatuan dan Kerukunan, Bupati Lamongan Hadiri Sedekah Bumi Desa Simbatan klikjatim.com",https://news.google.com/rss/articles/CBMisAFBVV95cUxOUnJQaE5nU0E1X1RMYnVOQl96dlJjQ2xCY0hSeVNheHpkMFdxR01KVF9wMWkyb1BPNWw4OVFYbFdxN1ZUdEgyanRCUkRmYmJHaTlGUXpzZWlyaXFFaFd0c1lRQ2xoNEJlXzFYUTVjeTJmRVRzalQ5bXJlVlZWdFVBX2pMQkJHc08xdFRxSWMtSWtpMWdGUnIwRHluR1FKUmRPYnNxak9VcFlhQzQydjdQLdIBtgFBVV95cUxPVzBJZ1BUQ3BCN2V3Ti1sZDc4Z0ROazhHRng1VjBEY1VXdTJIUFZuTEhBQ0Q3aklPNWpPNFhuclhnNDdqcVl6b3JXZGxrS0ZMczZLOUx4OFJWbHhJcHE5T1F5aGxONmtGUG5LbjJpSWtmQ1R2RTdONXV5V0ZRREljczBBdi1mbzlhOUg5X1phOGVQMDNXRElVLXFabTdLeDliczZJYUYxQkNWdW9WOWE2RFh0V3Q5UQ?oc=5
ace8d013d7499ccd278ca48ff74d2987,2025-08-21,Kumparan.com,"KAI Sudah Uji Dinamis Kereta Petani Rute Gubeng-Lamongan, Bagaimana Hasilnya? - kumparan.com - Kumparan.com",Pertanian,"A - Pertanian, Kehutanan, dan Perikanan","KAI Sudah Uji Dinamis Kereta Petani Rute Gubeng-Lamongan, Bagaimana Hasilnya? - kumparan.com Kumparan.com",https://news.google.com/rss/articles/CBMiwAFBVV95cUxPdEx0WWJrVmpJN2J6QW9NZ2N6MjRwSGs2UmFMYnB1QkE3c1Q3bGdzNmg1WEItX2E4cVY4cXNoa3ItamMyaEJjcGpiTnlqUUluYXd4bzktQzdSdTNBNE11eHZuQ01fYlVhazduRDRpRGZXT29yZU5Tcy1UWlVnYldmUDlqYVpSZ29kQmo2ejhwUXN6Vi1nWXNSb1BTekVKMFdvVm1YNlJVcnprRnZEcFpMY25NVFg5RHlkVTRlSXM3eljSAcgBQVVfeXFMUEx1U2dxRWNQLW1HTUtmWWF0dHdaWEdUM1pNQ1lSVkdBSUxHNkptQUFzY0xnX1Nna1JYS1I5d3MxQ2h3UlROR2tQVUNkMmpVMkRtNk1YUmo5NzFqbXBnelRYWnpiRFNESm1fUTRjanBTLTdxYkVVVXFEbGNwQXJCdlpZelFLMVF2aTNmQUhiNVRIQnVBTE96YmtyNXRmME0tU1Y3bzl0X2lUNHhxZlE5a3ZydEpnSlVMamRGYzBicDZkX0MtZDZrbXo?oc=5
b5df256f09401350a995de1379a9c6a3,2025-08-17,Radar Lamongan,HNSI Lamongan Curhat ke Bupati : Nelayan Tak Melaut UMKM Ikut Terpukul - Radar Lamongan,Perikanan,"A - Pertanian, Kehutanan, dan Perikanan",HNSI Lamongan Curhat ke Bupati : Nelayan Tak Melaut UMKM Ikut Terpukul Radar Lamongan,https://news.google.com/rss/articles/CBMiyAFBVV95cUxNdkM0Wll4QUxqYndKQlMwQlE2R3Z6SWx2NU1ScHUwckd5ZFhIM2tXRmZhNDJSMGttS3FDd1h2SWtBeXBzQTg4bGlCXzk2VUgxcldzSzhrbW5WU0p4UUhidmdjVGpSYUd5aUhCMXB4dXdhemhYZGwyNGF0c2JZQm43eWVsS2k4SXlQTnczYVE1WWxNT2YwZEJyQ0V0cVhKM1lWTUdNOG9UeV9ocmZ5ZzBvYU56dUpZU29WUWI5YjI3MVAteEFabWVOZNIBzgFBVV95cUxQODFKbTNoU1NRaE5UUVJmZVhBRU03S09QODduOG5yLUFKaGt0NC0zaXFUNUdUYjRucmlYb3RJQVo2SGxFOVhtSHhTcDhGY01PZ0RzM1RCT2s4NV9aVU1WeENJSkEybldCYWVsU0swVmoybGtfZ2pNaWVvdERleEwwbENJNTZVMkUzLWdGUE1KV2xEdC1UeTc2UWZhMG9HRWl2Z0hORG5nQkV3Sjc3Q1ZjdXJGcVh3M1hmZ3Yzb2g2Q3Y0OTJ5M04walBYOWlLdw?oc=5
69d97479e8bcb6c76949cdcc320ad392,2025-08-17,detikcom,"Resmi Beroperasi, Jalan Lingkar Utara Siap Atasi Kemacetan di Lamongan - detikcom",Infrastruktur,F - Konstruksi,"Resmi Beroperasi, Jalan Lingkar Utara Siap Atasi Kemacetan di Lamongan detikcom",https://news.google.com/rss/articles/CBMitAFBVV95cUxPMWhVbDMzTEkwTFQwSlR2cDMtdzlhSjMzdEtiTncxcDF1WExFSkQyZ2lpZ25EcGxOZTBYSXpCck1NRFNEb25tNFlueVZEUF9saFdkTjgtSVl1OEF3am15bVRjYXVWSEoyUktfblpJTjY0WTRKc2NkRWZwU1Q2U1I3M09BbGVyckpzRjV2a016RHB2Y1owQXh0RExDSXg3Tm5RVzhJdmhwdDZHQ1I3ZWlQaFdXMkvSAboBQVVfeXFMUG9idnlGVWppMlpVMHU2MnRGa0J0Z05Hb1Q3UkJvY3VWVTdBQmRGaDlTSmJNWU1JOFFZWm5TR011T2pTT0xsQmRNNWFNRzVEYlYwS2lPTmZxb1BhX0k5b18yLVRVUEFfektETkxaSHhhS2VYM2dlQ1VWM0ZzbUN0TFNhTkdTLU5Sb0ZWZm9sMkZLTHV6TGw4Y0gtMEJ5MUVpMG1NNjNuSjVlRVVQTTh2QTdzN2lHdU4tZ2R3?oc=5
b9e1872da483c367853b866b65f49db6,2025-08-17,radarlamongan.jawapos.com,HNSI Lamongan Curhat ke Bupati : Nelayan Tak Melaut UMKM Ikut Terpukul - radarlamongan.jawapos.com,Perikanan,"A - Pertanian, Kehutanan, dan Perikanan",HNSI Lamongan Curhat ke Bupati : Nelayan Tak Melaut UMKM Ikut Terpukul radarlamongan.jawapos.com,https://news.google.com/rss/articles/CBMizgFBVV95cUxQODFKbTNoU1NRaE5UUVJmZVhBRU03S09QODduOG5yLUFKaGt0NC0zaXFUNUdUYjRucmlYb3RJQVo2SGxFOVhtSHhTcDhGY01PZ0RzM1RCT2s4NV9aVU1WeENJSkEybldCYWVsU0swVmoybGtfZ2pNaWVvdERleEwwbENJNTZVMkUzLWdGUE1KV2xEdC1UeTc2UWZhMG9HRWl2Z0hORG5nQkV3Sjc3Q1ZjdXJGcVh3M1hmZ3Yzb2g2Q3Y0OTJ5M04walBYOWlLd9IBzgFBVV95cUxQODFKbTNoU1NRaE5UUVJmZVhBRU03S09QODduOG5yLUFKaGt0NC0zaXFUNUdUYjRucmlYb3RJQVo2SGxFOVhtSHhTcDhGY01PZ0RzM1RCT2s4NV9aVU1WeENJSkEybldCYWVsU0swVmoybGtfZ2pNaWVvdERleEwwbENJNTZVMkUzLWdGUE1KV2xEdC1UeTc2UWZhMG9HRWl2Z0hORG5nQkV3Sjc3Q1ZjdXJGcVh3M1hmZ3Yzb2g2Q3Y0OTJ5M04walBYOWlLdw?oc=5
0ba8b524a3f204e860abd891f41fd9c5,2025-08-15,Antara News jatim,Bupati Lamongan dukung penuh program prioritas Presiden Prabowo - Antara News jatim,Ekonomi Umum,"O - Administrasi Pemerintahan, Pertahanan dan Jaminan Sosial Wajib",Bupati Lamongan dukung penuh program prioritas Presiden Prabowo Antara News jatim,https://news.google.com/rss/articles/CBMitwFBVV95cUxOSmVaejdITGhIM2JzUzJTM3JsbTQtZm9HSkQ5S0pKSzRwdHZWWjNpeUxkYmNBcVNCdnlJVGtNeFFxQjkxdHNTUnBKWHBUbkoyY0FnWkhaUGFJb0VQblh5Wk0tQVpxTTBlZm5sS3RQM25Oa0NMUUp4UWdPU1F4QjdlM21tRElRTWFSSGFTYjRTYm1JNTcyX2FoSXI0a0phT0RMMTdQMTh2c2Vxc0xDbFJIWlp4U3MyYnfSAa8BQVVfeXFMTVpMck9xemxwckUzQTdGOGpQSnlzVmhSMGRIRTZDX3Nia05NWHBZT1paeFVpcUtQbGEzeHdzQXJTS0FWeVdtVXVnV1RNMVVFUkdiRTFBczM0X1QtcklwYVhfSUJSMkgwd2M2aGswai0xSG1YUlBnX3F4clRjUndQbjVaOEIzanFQNGRoeXN0MmxSdGczc2ZxaGd5VlkwUGVkLV9QRzBrVkJiQkJkYlhMRQ?oc=5
011c2d165704d561c7acad71407f06e2,2025-08-13,detikcom,Bupati Yes Apresiasi Produk KKN Mahasiswa Unej di Lamongan - detikcom,Ekonomi Umum,"O - Administrasi Pemerintahan, Pertahanan dan Jaminan Sosial Wajib",Bupati Yes Apresiasi Produk KKN Mahasiswa Unej di Lamongan detikcom,https://news.google.com/rss/articles/CBMipgFBVV95cUxOU0JrdmdWMUR3a3hvMHF4SmdZbTJQcWVLZWNyMUhKVTRrVVU3MWN0dGlkQzBVbkwtU3N3X3poektDWmU0d240amFuU0xPRC1FTEVhMHBkVjNRUGJkSl9WYXExamxCeTJNWWFVR1RBTVl4RWpCbVdRUzBMaVRIZWZMX2hNM1NkZzFzV1E4U3VmNHhNNlVDTnpESnFpeUpVeHJXaXE1RVdR0gGrAUFVX3lxTFBwbmhqQnNXUDd1TUFuWE9YX0xWWGFjYWNFaEw2VDBwbW5DemxTMmtOd2ZFYWZMUUk0STl1VHFqT3R6aUlYRWZNdUt1OTZfaHhiME1lTHRuMnp0LVpkb01ZbkV4ZFpOcDN4R2xva2ZVQmRWQnpGX0ozM0xJV1JpQ18zeVZSLVFoQmFRMEVTZmxWZjYwYmZ2Y010bTVsTWJXUG5QclBXbzNuOG8tNA?oc=5
25eafb0b208dd84d636d31d12834790e,2025-07-15,Antara News jatim,Pemkab Lamongan-Morotai kerja sama perkuat kawasan transmigrasi - Antara News jatim,Ekonomi Umum,"O - Administrasi Pemerintahan, Pertahanan dan Jaminan Sosial Wajib",Pemkab Lamongan-Morotai kerja sama perkuat kawasan transmigrasi Antara News jatim,https://news.google.com/rss/articles/CBMiqgFBVV95cUxOUmhQM2JKcjliU0NfX1RXUjZMM0hkNWhfNnhNYzVETW0xTTJaUVBvNFBxbV9uTlRnZGpVejFXV09Od2w3UlJLcThiOWZsaGs3TzJPOXIwdUJqSTI5VzhtMHY3Ul9QQUNmNEpkMVdxcHVCeERvLUlFNXdpTHZWNjNwWG5Ya0VJdFVrTDlhOG9vbUJEUjVZR2djWERneGctOFNqakZmeGhYV3E3UdIBrwFBVV95cUxPdmhsdlQ0cllleWZsT0t4ZHF0U0IyTzM2c2h5M0c4NUUwcHcxWWlDU3JDOUhBRFRlY3o5VlZFQ2VXX2xzc1hyelpBZGFyRU5Hamh2ZXpVaVYya1EtMmh1dnNfMENsT2FJU0RUa2F5cGZFQ1U3OFlSc1prMmtmS3p3VWRQM3RTOHZGUmxnc0ZWUTVfMjhlZExUYW9oSUJoYjBrU3F3NDg1STg1NjZncjdz?oc=5
0ad343da0ff010ac76932720f2adaf48,2025-07-08,klikjatim.com,"Harga Gabah di Lamongan Lampaui HPP, Petani Nikmati Panen Raya Menguntungkan - klikjatim.com",Pertanian,"A - Pertanian, Kehutanan, dan Perikanan","Harga Gabah di Lamongan Lampaui HPP, Petani Nikmati Panen Raya Menguntungkan klikjatim.com",https://news.google.com/rss/articles/CBMirAFBVV95cUxOa3U4MWlGekxQZTJya0ozc01qdXotU2JMN1BtMW13Q1B4d1FkTVBqTlRFNjAwdW9wZmdkUHdDTjJNYWxkYzJtUFhIZUNIVTlMWUNJcDJTZUhGRlNfcTdObnc1U0NIcE1kRHd5b21IZjRVelBHSXhjTkJIbUVhNFBiTVd0cFpGZW5PTkFKZ2JGZko5WUVaZE9BYXdWRmdqM0U1a19tRm9LTjFPRGkz0gGyAUFVX3lxTE1JRzg2Z2NkbWszR1J3ekFyZHpIc0pFbHBpN0h1U1g4MWtaemZQSWVkZldxTk1sSW4tTXVwX0ZkbmJhQnduMGc0YnkxTGtJUUNuNVN5SEx1cDF0Nll1SWlmNXlSVkZ4dUo3YlJqWXdibHYtWXhCUTh3MGxzNGF1NTZUa1dTdmF2QWZJbU9SbVZHdHNoeG5GdWZSV0hQYjlhY21UbER4c25hWU02alZYTHMzYmc?oc=5
eaad863a3d540a0abd0689fc0200893c,2025-07-08,Radar Lamongan,Mewujudkan Hilirisasi Beras dan Ikan di Lamongan Berbasis Koperasi Desa Merah Putih untuk Kebangkitan Ekonomi Desa - Radar Lamongan,Perikanan,"A - Pertanian, Kehutanan, dan Perikanan",Mewujudkan Hilirisasi Beras dan Ikan di Lamongan Berbasis Koperasi Desa Merah Putih untuk Kebangkitan Ekonomi Desa Radar Lamongan,https://news.google.com/rss/articles/CBMi_AFBVV95cUxOTzJYVmphNFMyVkp6STVXUmlMYjVBb0lMMVJ5aEFndHdtOVZRZlRKUU85elBfZjdWVnFzRTJrUWJvU3NuLTdQY01RUHF4NTFvd1NTei1WQ3NBbHZZbzdienFtdzlMRktuSmVxYzJfMEt3Vk4xT2pYWVV2YmNpT20wLTFMLVNibmF3cF94aG5IemFxUVJwNHRaTmM3VXhXNWJtc0dHSnJtQWg5dHh6TFFKamdpUTMzdGJfWHVINlFKYVlkZmp1NlNoR2RFenkzdUk4aXhFT0RTUGZmdnkxWW9MbUh2QldWeVJaLTI0Um1ITWNBOV9nZ0xkd3BySkLSAYICQVVfeXFMT09zVEtsSUhmakdCV3h2UFhmZ0xaNlBPRFZoaGVoUkt1ck45NVlDMUhtY1A3YkU5Uk9hTUNjVlYwSm9mX3hsTndVRjVrY1VTbkl6am5BWGtFZFBvTm1iT0gwMWt3NUd1dUI4S1hJTXNkbHlyLU5PY2tSaFF6QmVWMzI5ZE1HMU9xZlF6UnNLRlF6UmN5ZmxEeEg4OXAwVk5uYy0wM2NTUHExdFhOLXUtTGlhUWhKNG1ESVNKTDVNajA3dUpKUFQ0UDQ0MGlwckx5VkMzWGhkTnd5Ri1TbHNhTW5RZmphQ0pjaG9jX0lpZFp0ME5MWkZzR1Fiei1LbXBOdDJ3?oc=5
75f09eb0214a85344a04680ba428b956,2025-07-08,detikNews,"Periksa 5 Pejabat Pemkab Lamongan, KPK Dalami Peran dalam Pembangunan Gedung - detikNews",Infrastruktur,F - Konstruksi,"Periksa 5 Pejabat Pemkab Lamongan, KPK Dalami Peran dalam Pembangunan Gedung detikNews",https://news.google.com/rss/articles/CBMitgFBVV95cUxQOXl2YWdFN2Q2anVlQ2FPYVpmX19uOHdMbUtRUDVySDFaSHNGLV9XNHBtczI5RWZJLTBZX1VJWS16UmdiWTZVVjNiWGlfTDJ4RzA0WnFBZkthZDUyQzF4ZGtKVkNOYkpzR0djVmlBakhXS2lleEVtZlc0aDBTSlJuU0xnVkFwSFNsRFBYQkc2Z01BRTMxSVBxaGRyYlJ2VDUxUTN5RXQxYUEtaHo3UXJ6WEp6VzJ5Z9IBuwFBVV95cUxOdzBldDlEZS1BLXdoNWNnQzRLUHdLUHBHaHBiamJqT0lKUm1zUWN4R1YtSG9Eb0QwX0NnbWtCRVJHNkdUSnJHS1k3UEpPeEFldFlsd05Fb3dLZzA2ZDFYWjIxNS1rUDA3b0toUlVrNjhJYmFVbDYyLTRfQ1NhemZzdmt6OERBdnY0bTEyWFllM29kbFRseVJ3c084SmpvXzhEczVfNzZhVmUxNUF3VVhpQm84TDZfYzZMZlZR?oc=5
952f3f049e9994980a1857b22bbcb17c,2025-07-08,radarlamongan.jawapos.com,Mewujudkan Hilirisasi Beras dan Ikan di Lamongan Berbasis Koperasi Desa Merah Putih untuk Kebangkitan Ekonomi Desa - radarlamongan.jawapos.com,Perikanan,"A - Pertanian, Kehutanan, dan Perikanan",Mewujudkan Hilirisasi Beras dan Ikan di Lamongan Berbasis Koperasi Desa Merah Putih untuk Kebangkitan Ekonomi Desa radarlamongan.jawapos.com,https://news.google.com/rss/articles/CBMi_AFBVV95cUxOTzJYVmphNFMyVkp6STVXUmlMYjVBb0lMMVJ5aEFndHdtOVZRZlRKUU85elBfZjdWVnFzRTJrUWJvU3NuLTdQY01RUHF4NTFvd1NTei1WQ3NBbHZZbzdienFtdzlMRktuSmVxYzJfMEt3Vk4xT2pYWVV2YmNpT20wLTFMLVNibmF3cF94aG5IemFxUVJwNHRaTmM3VXhXNWJtc0dHSnJtQWg5dHh6TFFKamdpUTMzdGJfWHVINlFKYVlkZmp1NlNoR2RFenkzdUk4aXhFT0RTUGZmdnkxWW9MbUh2QldWeVJaLTI0Um1ITWNBOV9nZ0xkd3BySkLSAYICQVVfeXFMT09zVEtsSUhmakdCV3h2UFhmZ0xaNlBPRFZoaGVoUkt1ck45NVlDMUhtY1A3YkU5Uk9hTUNjVlYwSm9mX3hsTndVRjVrY1VTbkl6am5BWGtFZFBvTm1iT0gwMWt3NUd1dUI4S1hJTXNkbHlyLU5PY2tSaFF6QmVWMzI5ZE1HMU9xZlF6UnNLRlF6UmN5ZmxEeEg4OXAwVk5uYy0wM2NTUHExdFhOLXUtTGlhUWhKNG1ESVNKTDVNajA3dUpKUFQ0UDQ0MGlwckx5VkMzWGhkTnd5Ri1TbHNhTW5RZmphQ0pjaG9jX0lpZFp0ME5MWkZzR1Fiei1LbXBOdDJ3?oc=5
d448ea3ed6e77fe5504f951d2dc9c3a6,2025-07-08,news.detik.com,"Periksa 5 Pejabat Pemkab Lamongan, KPK Dalami Peran dalam Pembangunan Gedung - news.detik.com",Infrastruktur,F - Konstruksi,"Periksa 5 Pejabat Pemkab Lamongan, KPK Dalami Peran dalam Pembangunan Gedung news.detik.com",https://news.google.com/rss/articles/CBMitgFBVV95cUxQOXl2YWdFN2Q2anVlQ2FPYVpmX19uOHdMbUtRUDVySDFaSHNGLV9XNHBtczI5RWZJLTBZX1VJWS16UmdiWTZVVjNiWGlfTDJ4RzA0WnFBZkthZDUyQzF4ZGtKVkNOYkpzR0djVmlBakhXS2lleEVtZlc0aDBTSlJuU0xnVkFwSFNsRFBYQkc2Z01BRTMxSVBxaGRyYlJ2VDUxUTN5RXQxYUEtaHo3UXJ6WEp6VzJ5Z9IBuwFBVV95cUxOdzBldDlEZS1BLXdoNWNnQzRLUHdLUHBHaHBiamJqT0lKUm1zUWN4R1YtSG9Eb0QwX0NnbWtCRVJHNkdUSnJHS1k3UEpPeEFldFlsd05Fb3dLZzA2ZDFYWjIxNS1rUDA3b0toUlVrNjhJYmFVbDYyLTRfQ1NhemZzdmt6OERBdnY0bTEyWFllM29kbFRseVJ3c084SmpvXzhEczVfNzZhVmUxNUF3VVhpQm84TDZfYzZMZlZR?oc=5
b7566ef57156f5a17ccf7d8987c55511,2025-06-29,Antara News jatim,Pemkab Lamongan upayakan perlindungan kerja pengemudi Mobil Sehat - Antara News jatim,Ekonomi Umum,"O - Administrasi Pemerintahan, Pertahanan dan Jaminan Sosial Wajib",Pemkab Lamongan upayakan perlindungan kerja pengemudi Mobil Sehat Antara News jatim,https://news.google.com/rss/articles/CBMiugFBVV95cUxNdFpVUnNQeGlIVmxLdlptN0RaTzR2N0M0RHVOSDJkOThfR0NySS05TGZaUEQtQjllTWJTVmpDaFdMNmg4SF9HUlg5cENERm1fbzBFeWQwMW5KOE5vTzNfcURXelc3T2Z4Y25uaW1uNkoyZFVtR0VvbzFjWTVHMWxzM3NjZl9PSnZIbDF6NW1NQk1BSUdEYm5lcVY2S21uZm5JbnBtR2ZTNEMwaUVMQ21Pa2hTRE9LTV9xWkHSAbIBQVVfeXFMT3Q4SDhHUGpGcUV1YWlzdGJvVE5aZGdTSi1WSVFvUzlMcnJiUEdSdU16SF84N2dwZWxRaFhBNFFmNFRYUVBJdTAxS0V6N1ZUbjJXbENYMk1xSjFIQ1d6a3JNUUNVS01DcDNOVDFZOGpMOEFYcTBweVVxMldEVUtHTXIzOHVfWk03cUhUQ0pzQUlTWEtpeTFETTAtU3VZRnpLbC1UempmUkt5T0w3OHNUSTNwQQ?oc=5
bc4c915764d9e61ff8813fecdc6b11c7,2025-06-16,Antara News jatim,Khofifah sebut pertanian terpadu Lamongan wujud ketahanan pangan - Antara News jatim,Pertanian,"A - Pertanian, Kehutanan, dan Perikanan",Khofifah sebut pertanian terpadu Lamongan wujud ketahanan pangan Antara News jatim,https://news.google.com/rss/articles/CBMiuAFBVV95cUxNZE1KZ0RVdDIzTlZHMVlTQzllY2FvTlRIQXMtWWRTR0JwRFU3RTJERWZTS1lxeFNycFJJamVBM3c0cmh2U0sxRXNmZGFGSnhOVkYzSllLVXJwTHNRTkhRSFRJSk5WM1dFTDFLUEUwRXhzcFJOUkx0c1VKSnRSRWZCLTZkelVGeHEzOHVkWTA4Q1YtZlg2UDRPU1hlVktGbENERTlKU0duZGMtbGNXak00LXJUenluc3JM0gGwAUFVX3lxTE0zZmpDSXoxT3hUaWZDTl9Na0ZSNkYtWG1ZN2hyRFZwMWY2TmdLR0Jja0lCUXBVa0JZeVFjdXJMaUlOSjdJQXROZWNIMHhCaGkwOUVHSU5hR2c0Y2dMRG1RcWlSbmlRaDF3NWl2ejBRZWt5X2QwVmtvVjFTOG5MMXZpNFBVVTg4RFRGb0pkakRPZmpQSmNvbmZaVFFoYy1QQW5FVjliUHdIemdUUUtQQnQ2?oc=5
d29a7f768bb4c55fb28f9a66099dc8ae,2025-06-10,Antara News jatim,"Pemkab Lamongan ajukan perubahan KUA-PPAS 2025 senilai Rp3,3 triliun - Antara News jatim",Ekonomi Umum,"O - Administrasi Pemerintahan, Pertahanan dan Jaminan Sosial Wajib","Pemkab Lamongan ajukan perubahan KUA-PPAS 2025 senilai Rp3,3 triliun Antara News jatim",https://news.google.com/rss/articles/CBMivAFBVV95cUxPaHlaeTJzNlZaMllHZ2tNeWZKbjlTZkdHOW54UEExOUtxRURhamhQbm8tb0RIb1QyRjFRUzRmaTgtTURuNTVQRHlmZVh4aHd3U3Y4b1FFUy1LT3MzVVp5U3p6dGN5WmtuQWZfSFRRak4zV1RMTGRSNUJxNUZER09ZN2tkQ1dxWUQxbktMVVgydUgxR1Ezd1R4RWxqaUN0VjIyYmY5M2ktbDFzSHhGUjRfdUdHVUVkLWxpeFNfdNIBtAFBVV95cUxNdjMxRHk1YldYdHpMNzlYUTdrZDlrel9zZkFBUEFqMjRvcXF3SXBidGozRjJvcVFodU4xNHVHS2pPWVg4SzBZR2FUSk15bGxNYTAtU3FpRGQzSUpXU2puRk8zUDJFU0xiTlNZOGU0c3paSGlhRHFTeEVkX1A4Qy02QmdnWFlyM2hwOGRBS0xMOGktOGpOUThhNW9zZF9JT2YxOWRoXzBMRFJmMWZibGw0dDViYlc?oc=5
e4a00bf8f708ef24ae85456b272b95e8,2025-06-05,Antara News jatim,Lamongan disiapkan jadi sentra industri pakan ternak Asia Tenggara - Antara News jatim,Industri,C - Industri Pengolahan,Lamongan disiapkan jadi sentra industri pakan ternak Asia Tenggara Antara News jatim,https://news.google.com/rss/articles/CBMiuwFBVV95cUxPTFlFNkJ0QUJzM08wV0NYbHNTNjlFX2dObTJnRlQ1dU5WWTlZU0VwU3pWUmNybnJ0UWVkSXVTRzcxb1Q2alkta0x4c2gyRWJuOFpoUm1lQ3hiV2dNQUw2b243UmRGQnVpOE9HMVNxNzdnd1BXeUl1NXFxaXh6NnlyUGpLM3lsMWlfam9DQS1xRWxlck1FdG1JZW5WbVlDQmV6RkFtX3h3NXRDN2pxVDRDZHNyTUNocTUxYVJj0gGzAUFVX3lxTE9FOUY0dXZWMUtxODh2Tm9paHllYmxUVTI4MnRsYUZXR3lYMkkyZGk2WEhBajFyUnVTem1PT3k4ZkREUjl4Y0U5LThLWkppMGJnVjdwbThlQ0JocFB4al9sMVdINUVJb3FQYXVVZ19vcUVHTmJQRjhlNzFrdWFFem1qRFlVcWFiMXBOZ2trWWo3YndGTVl3ZUlzWXZKOGtFcWVpRjZjblVBVU1XRUlSXzd6dFVV?oc=5
00fc56c5569c9efbee0241c3523f7414,2025-05-27,Radar Lamongan,"Rangkaian Hari Jadi Lamongan, Bupati Yes Komitmen Tuntaskan Program Prioritas Komitmen Mewujudkan Pembangunan Merata - Radar Lamongan",Infrastruktur,F - Konstruksi,"Rangkaian Hari Jadi Lamongan, Bupati Yes Komitmen Tuntaskan Program Prioritas Komitmen Mewujudkan Pembangunan Merata Radar Lamongan",https://news.google.com/rss/articles/CBMihwJBVV95cUxPUktoMXYtQ0ZSZkZEVVBoZmxiNFRvcWZCSXo3UlYyZmViQlVCb082akY1WEpmaFAxaW1IZnM0aDgwaENLT0V1cnRta2FVTl91ZzlGc2dnLW95YmJjMGFkMEFfa1ZOdFNqTmRmUTRHOWlwbi1uQTlQbTVkQU80alpYR2FuVFVBR3dGUHktU2JUZXVnUUpNMWMwOXF5YkljRUdtelVBLXhFeVZ0NHpncHVpckg1LWhRUU5ucS1YOUtDVWF1Q3pkRVNUY1lSRHB3NVFjdEVEVk9iNEY4eGh3US03YWpRdEJ2Nnh4cS0tMWZuVXRSZlpudDJ5c1MwNDFLeldkUU40ZGhUQdIBjAJBVV95cUxNZl9OZE9mRGdocmJYWDBHLVl5UGNlWTRFUS1FeGNZazM2UmpERWdaOHVacHgyLTRJR1k5TFNIa0tuSFprYWZLUU1JRXdTeTAxX0dwMDMzcXE1VE9PMmZZeldRQlIzNTNTX0JZeUJGaU9aMFFNajM1enRVRHdRRks4VGRQRkp2MW1fUzNGQ2tMdW0tRGZwWkN6YjBMRnVCVTNQOE91Rkp0M0ljQmNlV3VxUE9kV2JUN0tXSHNXWUFPSEl4X3JSM3RHSGpOMzhkcXhHTW1yX1NUQkswVDRvNXFadmh5a3FOOVkwNmEwSFdBYUl5ZVNIVElXQkRQUV80M012MVNyLTdneHotZTlL?oc=5
a07bda440960b152ed77b69a8fa0616b,2025-05-27,radarlamongan.jawapos.com,"Rangkaian Hari Jadi Lamongan, Bupati Yes Komitmen Tuntaskan Program Prioritas Komitmen Mewujudkan Pembangunan Merata - radarlamongan.jawapos.com",Infrastruktur,F - Konstruksi,"Rangkaian Hari Jadi Lamongan, Bupati Yes Komitmen Tuntaskan Program Prioritas Komitmen Mewujudkan Pembangunan Merata radarlamongan.jawapos.com",https://news.google.com/rss/articles/CBMihwJBVV95cUxPUktoMXYtQ0ZSZkZEVVBoZmxiNFRvcWZCSXo3UlYyZmViQlVCb082akY1WEpmaFAxaW1IZnM0aDgwaENLT0V1cnRta2FVTl91ZzlGc2dnLW95YmJjMGFkMEFfa1ZOdFNqTmRmUTRHOWlwbi1uQTlQbTVkQU80alpYR2FuVFVBR3dGUHktU2JUZXVnUUpNMWMwOXF5YkljRUdtelVBLXhFeVZ0NHpncHVpckg1LWhRUU5ucS1YOUtDVWF1Q3pkRVNUY1lSRHB3NVFjdEVEVk9iNEY4eGh3US03YWpRdEJ2Nnh4cS0tMWZuVXRSZlpudDJ5c1MwNDFLeldkUU40ZGhUQdIBjAJBVV95cUxNZl9OZE9mRGdocmJYWDBHLVl5UGNlWTRFUS1FeGNZazM2UmpERWdaOHVacHgyLTRJR1k5TFNIa0tuSFprYWZLUU1JRXdTeTAxX0dwMDMzcXE1VE9PMmZZeldRQlIzNTNTX0JZeUJGaU9aMFFNajM1enRVRHdRRks4VGRQRkp2MW1fUzNGQ2tMdW0tRGZwWkN6YjBMRnVCVTNQOE91Rkp0M0ljQmNlV3VxUE9kV2JUN0tXSHNXWUFPSEl4X3JSM3RHSGpOMzhkcXhHTW1yX1NUQkswVDRvNXFadmh5a3FOOVkwNmEwSFdBYUl5ZVNIVElXQkRQUV80M012MVNyLTdneHotZTlL?oc=5
328edcd31a39ad0d255b017be9397889,2025-05-06,klikjatim.com,"TMMD ke-124 Lamongan Resmi Dibuka di Sekaran, Fokus Pembangunan Fisik dan Non Fisik Desa - klikjatim.com",Infrastruktur,F - Konstruksi,"TMMD ke-124 Lamongan Resmi Dibuka di Sekaran, Fokus Pembangunan Fisik dan Non Fisik Desa klikjatim.com",https://news.google.com/rss/articles/CBMivAFBVV95cUxPRzBnRjJIWlBOeDVTaXBjWEw1WG1xZ25wNnlORlBhemtNZDV4b0MwVHY0aXp0VVloMVVPQzdpYm9sWS1ya1lITXhTSDBLcFVFOHo4UXBMVHYzSzdadVRlS1JKaHJkVDQ0VjFqNE55cmZaaW5hdnAwMXJuRmozUzctQmN1LXRNa3phQWZ1Q2x2NzJGc1dQZHFacnNfU2tMRXpYZUxfYjFYNGlabzlYc01zMjVyZ2t4VWlQRnZKUNIBwgFBVV95cUxNTXB0MmhqRGYtTy15RmhNcjNJQXJCbndFTTVtVlR4eWhVbHR2cTcwMEFIMGE2N05NbFJ2V0dGZVluWm1xRVBpWkxTNG0xdVhFckNmWnloQXdRVkFrUllEaFFybXlXMlJ6cUdkSVFVdmZtMlk2cTVuM0FKQ0NlSXp0Z1JnSzA3ZVpxdmIzb29xZFVzXzA1akNyRy0wZkFaeDlGdWpvZ25PM1lkQ1I3UkoycnMyOXhlSHVEWWNKWVk0SmtJQQ?oc=5
a4476aada4e97878b976144d62a8c56e,2025-04-04,Radar Lamongan,Kunjungan Wisata di Lamongan Selama Lebaran Diprediksi Meningkat 10 Persen - Radar Lamongan,Pariwisata,I - Penyediaan Akomodasi dan Makan Minum,Kunjungan Wisata di Lamongan Selama Lebaran Diprediksi Meningkat 10 Persen Radar Lamongan,https://news.google.com/rss/articles/CBMizwFBVV95cUxNdzluaDVPdzNfOGpMY2w1eC1HZWhVbFFJTWpEeG5tblVyQTNaNXEtRDRaYlREaThwS2t4THJUSGhsLU5GYzRCMFhjakpqc2FlR0hUd2V3NXE5ZV9SNlhfeVRFQmtPcGFIN2dsN2RXR0pLQmJzSUpMVmI3TEszX2xHdmYxS2x3VmZneDNKSWZ6TUNTVUNIdjVBQmxCM1VOaVMxWWtJeFhiV0Z6V0o4WUpTbWZEUmJadTBaNTRDX1VvX2hqczlkYVZYMkN3X2RaVE3SAdQBQVVfeXFMUHl4UUdZT0lJNURSWnkxZ0FHVmZNQXJrQzNzMnJzUWlab2o3MHl3bm9scmxDUEJyaTlEc3BSZUUzdWxmeVg5VmdseGZnZTA1blpfVEkwOW1BdkJ3Z00wcVk2YU93MTZodERtSlR6UEdWcE9kQlRTM19aMnFfZTg3M1VUc0hsYm5kRjVKT2FGYm9melo1OXJiNExCNzc0NGhBb1JqUF9FbHFzX3kzSU80QnkwNEg1eGxHTDF1dkFQcGI5Zlctd2s1X19qdmxwSDFYeFdhSFY?oc=5
3412affa040fa78f612a907888e09e70,2025-04-04,radarlamongan.jawapos.com,Kunjungan Wisata di Lamongan Selama Lebaran Diprediksi Meningkat 10 Persen - radarlamongan.jawapos.com,Pariwisata,I - Penyediaan Akomodasi dan Makan Minum,Kunjungan Wisata di Lamongan Selama Lebaran Diprediksi Meningkat 10 Persen radarlamongan.jawapos.com,https://news.google.com/rss/articles/CBMizwFBVV95cUxNdzluaDVPdzNfOGpMY2w1eC1HZWhVbFFJTWpEeG5tblVyQTNaNXEtRDRaYlREaThwS2t4THJUSGhsLU5GYzRCMFhjakpqc2FlR0hUd2V3NXE5ZV9SNlhfeVRFQmtPcGFIN2dsN2RXR0pLQmJzSUpMVmI3TEszX2xHdmYxS2x3VmZneDNKSWZ6TUNTVUNIdjVBQmxCM1VOaVMxWWtJeFhiV0Z6V0o4WUpTbWZEUmJadTBaNTRDX1VvX2hqczlkYVZYMkN3X2RaVE3SAdQBQVVfeXFMUHl4UUdZT0lJNURSWnkxZ0FHVmZNQXJrQzNzMnJzUWlab2o3MHl3bm9scmxDUEJyaTlEc3BSZUUzdWxmeVg5VmdseGZnZTA1blpfVEkwOW1BdkJ3Z00wcVk2YU93MTZodERtSlR6UEdWcE9kQlRTM19aMnFfZTg3M1VUc0hsYm5kRjVKT2FGYm9melo1OXJiNExCNzc0NGhBb1JqUF9FbHFzX3kzSU80QnkwNEg1eGxHTDF1dkFQcGI5Zlctd2s1X19qdmxwSDFYeFdhSFY?oc=5
be37c18bee8675379004957c97b71a64,2025-03-23,Radar Lamongan,"Forum Konsultasi Publik RPJMD 2025 - 2029 Utamakan Kepentingan Masyarakat, Akselerasi Kemantapan Infrastruktur Pendukung Ekonomi Jadi Isu Strategis - Radar Lamongan",Infrastruktur,F - Konstruksi,"Forum Konsultasi Publik RPJMD 2025 - 2029 Utamakan Kepentingan Masyarakat, Akselerasi Kemantapan Infrastruktur Pendukung Ekonomi Jadi Isu Strategis Radar Lamongan",https://news.google.com/rss/articles/CBMirgJBVV95cUxNcXEtNU5IU2FXS0VoVWk0RWlLYnE3UXc4S1JaQzFDMnRGblVJN1V3SlFvNEwtY2hHaVZsWFRHeHZ3X2RiLTNyMmJCS3ZFSENJdnB4c0xiYU1QdDE3TURhN1J1STN2QU4tV1FsQlBIb09hSFpOZ3FTZzJEVWZVenV5UkdBV3J3VHNqcE8xa0xNZVYxWFlxMUQ4VGpTbzJvbXU0VHBsMS1WWjZBNS0wMGhRbW1laFlVTW5NQzJib3UxQ2FoWW9CbUVjMWgtYnZXVk53OGJkVmxBNWZIU0t6V2VDdjVodF96QlBTSUxCZjZFZlFNSHR5NFlPcW8tS1Q0Yk56UjNEZ1FuS1QyV09PTmlRbTZ1N01VZnhoMjl1bVRTc2ZQVzlVRy0xR3N5U01Xd9IBswJBVV95cUxOWlQwOXdKSFEtdm8zS21VS0pSbXFucGhSVXVsSHlDcjNUMzVXX0lCTmtiNWV4R1RGZUxqX0RaVktvQzQ2ZWxwMVl0c2lSb1lmdERNenY2S2pmMkd6UXV0X3ZmUlJ2ellSNVQ1VmNvTlZBbGVUZ08wcEMzbjBxUkhMcnI4eGdLbWZYdVdPZTRPdU0zY0R1LWFGSlhKcThyMThCc0tzc3VzM19VOTZrZldVREZXaGl2dk8ydGRKOFc3aG5nNnAyZDZZaE5EMWdpa2d6b21GT3M4QzNuM0J0dnlQNElxOW9jUFFQaDdFNlVJVXJkMkx2Um1WU0Y1dzdpdS0ycnd3T1hBM1cwckh1MUxadHFvWHA4RU9ROFNyQnA2VHdZV3pRX0JCM0RmUEo1WXBQRkE0?oc=5
71dd1b04e4ff50d2e15e3ac1dede3652,2025-03-17,Radar Lamongan,Bank Jatim Cabang Lamongan Turut Meriahkan Festival RaMe Dukung Pelaku UMKM Lamongan - Radar Lamongan,UMKM,K - Jasa Keuangan dan Asuransi,Bank Jatim Cabang Lamongan Turut Meriahkan Festival RaMe Dukung Pelaku UMKM Lamongan Radar Lamongan,https://news.google.com/rss/articles/CBMi3gFBVV95cUxNeW9xdkVJVGRUdTdyLUstWlJwOTFBaTQ3Y0tMZC1mX0ZCQTU0OXowZGRBM0dwNTA5S1FSTnZjcWxKalA5UTIzTEF5eTg5UW1PUy03Qzk2YWIzcnNZTUQyUVVrdjR3RHB4c2JGWkpEa0cxYVM5RHJIRXZGN2lnTzVHcjhpZldXd1JCS2FCZUptcjl2bE9tZXF0TVEwNHpTV3hJSGFiZE5lRGJnbENfMEt2ZFhhekd2cmxGb0tEeVdFT2dtdklPZ1BjOHpIbl9uZEpZb1hPNWQ1RzZNQ2JzQWfSAeMBQVVfeXFMT2V0T2ZPZG9OWGNUVURISXV4NUpFNjBfR1BVTnlhT2ptV3EydGxjQTFOcjZ3N0lpLUs2Q2pNMWU0S05hY3d0dkp3VEtqUFY5RkR2Y1BNbldoT3VDNDQ4MkNacTRnSlVtQVdZMFpndmtjeU1nOE9tWFZKbFZrZDIwM3cwTnFuUTNIUE9xS3JseEFlZXR6cXR1UmtwRTNQM09LUE5IRUdsV0YzUEFkd2tRX2stNlFYZlNtM0FlV1JieWZXcnZDY0JKd0lPY0UzSFo0LVdXSWUtekZ0TmtIQlRfZXhYRVk?oc=5
e9a6b0ac4424c9556445d190ae21f5fd,2025-03-17,radarlamongan.jawapos.com,Bank Jatim Cabang Lamongan Turut Meriahkan Festival RaMe Dukung Pelaku UMKM Lamongan - radarlamongan.jawapos.com,UMKM,K - Jasa Keuangan dan Asuransi,Bank Jatim Cabang Lamongan Turut Meriahkan Festival RaMe Dukung Pelaku UMKM Lamongan radarlamongan.jawapos.com,https://news.google.com/rss/articles/CBMi3gFBVV95cUxNeW9xdkVJVGRUdTdyLUstWlJwOTFBaTQ3Y0tMZC1mX0ZCQTU0OXowZGRBM0dwNTA5S1FSTnZjcWxKalA5UTIzTEF5eTg5UW1PUy03Qzk2YWIzcnNZTUQyUVVrdjR3RHB4c2JGWkpEa0cxYVM5RHJIRXZGN2lnTzVHcjhpZldXd1JCS2FCZUptcjl2bE9tZXF0TVEwNHpTV3hJSGFiZE5lRGJnbENfMEt2ZFhhekd2cmxGb0tEeVdFT2dtdklPZ1BjOHpIbl9uZEpZb1hPNWQ1RzZNQ2JzQWfSAeMBQVVfeXFMT2V0T2ZPZG9OWGNUVURISXV4NUpFNjBfR1BVTnlhT2ptV3EydGxjQTFOcjZ3N0lpLUs2Q2pNMWU0S05hY3d0dkp3VEtqUFY5RkR2Y1BNbldoT3VDNDQ4MkNacTRnSlVtQVdZMFpndmtjeU1nOE9tWFZKbFZrZDIwM3cwTnFuUTNIUE9xS3JseEFlZXR6cXR1UmtwRTNQM09LUE5IRUdsV0YzUEFkd2tRX2stNlFYZlNtM0FlV1JieWZXcnZDY0JKd0lPY0UzSFo0LVdXSWUtekZ0TmtIQlRfZXhYRVk?oc=5
52947922a40831482324b88d05478cd8,2025-03-15,Antara News jatim,Pemkab Lamongan dukung penuh UMKM naik kelas - Antara News jatim,Harga dan Inflasi,"O - Administrasi Pemerintahan, Pertahanan dan Jaminan Sosial Wajib",Pemkab Lamongan dukung penuh UMKM naik kelas Antara News jatim,https://news.google.com/rss/articles/CBMikAFBVV95cUxObmJCQ3ZVU3h6azlveDlyTmx1Z2c2bzJtaXQyc3RPZ1FjQzlYUXNSRi1IbHNfZWVZdFlpYmJlUzJIYnFQTW15R0FrcTRZeVljU2tRT0M3dUtWdEVKM3BFZzduZlFldUxJT1ZmaDR5QURlbE1wcFd1NC04OFVOV3pFc0RuMmdad2JVN1VlUWlsSGPSAZYBQVVfeXFMTWZITXhLNW12dnhhUS1iLXpLcFE0ZlczQVFCcVN2eXZHeUl5cGtWVHJVdVFjSW94UUNWV09jZkVzLUlocUU1OWV6c0tkWDhrbTRIdGEtZ0p5YUJaWmJWLU16OEVLYzV3aXZaWkFuYjA5S3hyUGMxSVlqQkNZWWRzZm1ZZHVab0ItdkVfdndLSGFRbTM2LWdR?oc=5
a1331cb776c2468a3faecfa9120a2e5e,2025-03-04,Radar Lamongan,"Bupati Yes Fokus Seratus Hari Kerja, Ini Program Prioritasnya - Radar Lamongan",Ekonomi Umum,"O - Administrasi Pemerintahan, Pertahanan dan Jaminan Sosial Wajib","Bupati Yes Fokus Seratus Hari Kerja, Ini Program Prioritasnya Radar Lamongan",https://news.google.com/rss/articles/CBMivgFBVV95cUxQeGMwVVdhRGxXelVTX3UtZkphSzh0ZDAxRkhNT1dtS0YyMW1EbVl1dlBtZWNTZWhNUGlNdFA3aXZBVmcyR2VIS0hVQ3VEVlFPclFwdktKR1Y4WDhnOUhJRFNGU1ExV0ZKMnNJNEJ1eDJkZlNhVWhIaHNSLWtMbHphNlFDeWhxSmlWTTNyOWRSV1phVnJqRHp1M216X2pzd1pyeG9QZUxUUFo0SHkxUHNOb1hqLVlfdnk3OWpSejRn?oc=5
24d550f96ac18d9b8cdf0633e1d27854,2025-01-24,Radar Lamongan,Pemkab Lamongan Gandeng Mahasiswa untuk Percepat Pembangunan Desa - Radar Lamongan,Infrastruktur,F - Konstruksi,Pemkab Lamongan Gandeng Mahasiswa untuk Percepat Pembangunan Desa Radar Lamongan,https://news.google.com/rss/articles/CBMixAFBVV95cUxQN2JZWHkySkh4bjFaODhxZmExVXhYMW9HSVFBMXJkbEdQei1teHUxWWFXS1lTaS1Ud3Y3Z0tHX0tTUjdPMEotUzJMNnV4LUNsWmpESS1nS2l0c2hxWmpiQjFuaUlMRm9ZRUw1SGRkb29YUERJNWNxcnhRZUZkQjdlZklFR2hXcVhZUWZQZ21IZ28tbi1YWmZjSHA5akc1OWlDR0dsaDI4UmQ0eFFNcVYtOHR2WVZvLUU1elFheDR4RXQ0MzJQ0gHKAUFVX3lxTE9uajBST2ktXzdwVDBtR2tyUnEzY0dYYVltS0JTaXJwcXNqamhXelhvSnV1WVdMTVNWUWtPTFlVTzViZUhFUUN3a0NXYlhzekNhQW1JSnJGcmxjZWxyRlJMV0VINVdSbEFVUDJmUDAwdXhLTmttSjZBaDM1eURtaDd2bFhEZDZuN2JJU2IxR0JvUTlRNlNfWmxQWkwxMnRDcGNMNF82NEFvdG96dFNaVjg4dkk4b3dOdlUyYWV3SkJNV0VGM1poRHdFblE?oc=5
5cbf63d9fdcb7fbf5dfea8b618d1cac1,2025-01-24,radarlamongan.jawapos.com,Pemkab Lamongan Gandeng Mahasiswa untuk Percepat Pembangunan Desa - radarlamongan.jawapos.com,Infrastruktur,F - Konstruksi,Pemkab Lamongan Gandeng Mahasiswa untuk Percepat Pembangunan Desa radarlamongan.jawapos.com,https://news.google.com/rss/articles/CBMixAFBVV95cUxQN2JZWHkySkh4bjFaODhxZmExVXhYMW9HSVFBMXJkbEdQei1teHUxWWFXS1lTaS1Ud3Y3Z0tHX0tTUjdPMEotUzJMNnV4LUNsWmpESS1nS2l0c2hxWmpiQjFuaUlMRm9ZRUw1SGRkb29YUERJNWNxcnhRZUZkQjdlZklFR2hXcVhZUWZQZ21IZ28tbi1YWmZjSHA5akc1OWlDR0dsaDI4UmQ0eFFNcVYtOHR2WVZvLUU1elFheDR4RXQ0MzJQ0gHKAUFVX3lxTE9uajBST2ktXzdwVDBtR2tyUnEzY0dYYVltS0JTaXJwcXNqamhXelhvSnV1WVdMTVNWUWtPTFlVTzViZUhFUUN3a0NXYlhzekNhQW1JSnJGcmxjZWxyRlJMV0VINVdSbEFVUDJmUDAwdXhLTmttSjZBaDM1eURtaDd2bFhEZDZuN2JJU2IxR0JvUTlRNlNfWmxQWkwxMnRDcGNMNF82NEFvdG96dFNaVjg4dkk4b3dOdlUyYWV3SkJNV0VGM1poRHdFblE?oc=5
3cc0ff459fda82bce93746038e0cae6b,2024-12-28,detikFinance,"Didukung BRI, UMKM Wingko Babat di Lamongan Bertahan Lebih dari 3 Dekade - detikFinance",UMKM,Belum Teridentifikasi,"Didukung BRI, UMKM Wingko Babat di Lamongan Bertahan Lebih dari 3 Dekade detikFinance",https://news.google.com/rss/articles/CBMiyAFBVV95cUxQM1VpVnJPNEplTDNWc3ZNTVE5OGhRMHhaWDZIVUswd28ySnVUNFBpaHp2STctSlFsVllCYzhFU3RLOGJ4Vzl0bWZxUHphYk0ydnRJWndvdnN5SkduTjB2RDdjLXJ5VWtfNVh4NTVIaW5JTk4zVmM1ODFDem9CQk1iV0J6eUo1N2ZlLV8yZ3U1TjFXT04xSGxUZ1M3dW5nLXBSeHBhejlTQjNNYWpxRlYzQ19BRWozeUlVSHc1Wnl3clJoR0pmTE4tc9IBzgFBVV95cUxNdktYbDAxcUMxRVhOQkdJOEhaWmYwdmVreUNBUEl6TjNTUWo0RVJSNU8ySXQ1OGN5Tnc3YXIzbExBdEJuR1k0UG9BQ2JHNC1YZ2hEbVJzWU5HTDRhdkhiNlBHN2l2TFkyVU84OHZYMjFUaUk2b2g3OUU0d0tsYUdVMmtXTWg0STdpVXJTNHZGSjBlS0VEOTA5VlpSbmZGV2lZclNLNVFjcjczbUVzVktUbjIwVWlsVnhyZ05tNzBaN0NmRUJXcHNsZURramU4QQ?oc=5
95dc7cf933a438ae45636cd9f71ff1b8,2024-12-27,Radar Malang,UMKM Wingko Babat Lamongan Sukses Puluhan Tahun Berkat Dukungan BRI - Radar Malang,UMKM,Belum Teridentifikasi,UMKM Wingko Babat Lamongan Sukses Puluhan Tahun Berkat Dukungan BRI Radar Malang,https://news.google.com/rss/articles/CBMiwwFBVV95cUxNcGhQMVlJSzgyOEVKRDJUeUxzSlNoUUJTODcxRllxcEsyU0FGMjlBV1FDaUozcXY1UWVORm1MaVRMaWtTeUZvSWdaQUVCMmstZUdrd1RSU1ROS3BCZldXaTdsMHN4aW9ranJjUjUxOWtVYVFxZm5zNE5xOW8wSjd1Vm1ITHRhb0taZFNmWlA2Tm1KSHRFeHRWb2lBVXZkemd5MmRKemx1ekdWTi1RYkRzMHJZdnVaOFJVZThCWVdZQ0dkQVHSAcgBQVVfeXFMT0o0bEdsNnpVWU1PVk9iQk93UHY0eGJWSzRIU3haZFZsdC16WjNhcGx2UXg4SDF6OEdvV0xxZGNOREgyaDVOS2VwS2xFTk5rcmtNcHdJU0h0Tl9Da1FaUnlINHFLRVlrYnFYT1ZMWV9JMDVXZlppejIzaTQ5Q2tWc3VBaWtGcS1Wa1E5bV9MRHp1blFMTDc1TEQ3V29lSVJOWUt2c2lNSEU5YnlGUzF0TzN1OXh6THNBMHkzZEV1ODNzd1FIaW4wTmM?oc=5
737d1bdf8b93212d69ab35003fa75793,2024-12-27,radarmalang.jawapos.com,UMKM Wingko Babat Lamongan Sukses Puluhan Tahun Berkat Dukungan BRI - radarmalang.jawapos.com,UMKM,Belum Teridentifikasi,UMKM Wingko Babat Lamongan Sukses Puluhan Tahun Berkat Dukungan BRI radarmalang.jawapos.com,https://news.google.com/rss/articles/CBMiwwFBVV95cUxNcGhQMVlJSzgyOEVKRDJUeUxzSlNoUUJTODcxRllxcEsyU0FGMjlBV1FDaUozcXY1UWVORm1MaVRMaWtTeUZvSWdaQUVCMmstZUdrd1RSU1ROS3BCZldXaTdsMHN4aW9ranJjUjUxOWtVYVFxZm5zNE5xOW8wSjd1Vm1ITHRhb0taZFNmWlA2Tm1KSHRFeHRWb2lBVXZkemd5MmRKemx1ekdWTi1RYkRzMHJZdnVaOFJVZThCWVdZQ0dkQVHSAcgBQVVfeXFMT0o0bEdsNnpVWU1PVk9iQk93UHY0eGJWSzRIU3haZFZsdC16WjNhcGx2UXg4SDF6OEdvV0xxZGNOREgyaDVOS2VwS2xFTk5rcmtNcHdJU0h0Tl9Da1FaUnlINHFLRVlrYnFYT1ZMWV9JMDVXZlppejIzaTQ5Q2tWc3VBaWtGcS1Wa1E5bV9MRHp1blFMTDc1TEQ3V29lSVJOWUt2c2lNSEU5YnlGUzF0TzN1OXh6THNBMHkzZEV1ODNzd1FIaW4wTmM?oc=5
4fde0aa4152ba9413a17b70fdabbd4f8,2024-12-26,Kumparan.com,"Berkat Dukungan BRI, UMKM Wingko Babat Lamongan Ini Sukses Puluhan Tahun - kumparan.com - Kumparan.com",UMKM,Belum Teridentifikasi,"Berkat Dukungan BRI, UMKM Wingko Babat Lamongan Ini Sukses Puluhan Tahun - kumparan.com Kumparan.com",https://news.google.com/rss/articles/CBMiuwFBVV95cUxNSnlBcm9WX09jQTcwR3FRdFN1czhDVjg5N243VEJXZThzY1NqUHdqS3Yxd0VhRThyemlVRnZmWllIellYME93WDRhdnhUWEhSSHFyaWpiWVhPTGIxU0ZyQ0JXOWM3OGowYzJ2aUNFNW9IMDZYQllKbWU5Unpja0w4bFhXYkJhR3FrRExYLUNoMVkzYWJGREZzQlM5dTV4Tjg4VmY2WEJ2cF9UOFBMRTVZbV9Eam5rUzhWS29F0gHDAUFVX3lxTE5zSFkwNTItZmdYbFRfRGpLY2RQNldwa2RtdmJfbUlPaXlISFpGTGV6cWJZV2dCLXpHZmRpWU1ZSE43aThVcGJjaVp1MWtwU21oTzNLanMxeXN2VHRQYWFybTI4Y05ibmdBX2wzRFFwc3NCSkFKMG5yenhWY1FsTHNwNU56Q3ZpVVgyUy0zQVZNNGFfbmhRSTBUX2FpZmw5TWNzWUQ0cWJubmhsOUcyM0d6NXRBbm1WVlJ2eTdyVU5QSzRvMA?oc=5
5c1b5de43a55e8ce6e3d453e8b148471,2024-12-14,Radar Gresik,"Opini Ketua Karang Taruna Kabupaten Lamongan, Achmad Ilham Zubairi, Karang Taruna : Jantung Pemuda, Nafas Pembangunan - Radar Gresik",Infrastruktur,F - Konstruksi,"Opini Ketua Karang Taruna Kabupaten Lamongan, Achmad Ilham Zubairi, Karang Taruna : Jantung Pemuda, Nafas Pembangunan Radar Gresik",https://news.google.com/rss/articles/CBMi-AFBVV95cUxNQjFXN1R4QmdPMmdLb3NTMFU4a1lXZ0NaUENITlI4S2JRdzhHZmdsNnlSeWlLaFpUQkNEdnhzVGhmQW5wUkI1QTRhbXAxME5RNWxPaE5jLURadnlNa0hGWHFySXBWeWlxRGlfbXpRRkVPdDVWQnVSWG1UN3BrczJXczZUbi1MZVVWeVF3b010eU14NkJxUmtOR3R0d0JQeVpMVnF1U1BUOGtEU293QlhENzVVbU9OQ2VmVmNxYWZuNnRnVmt0UTNLOGFCaVNRVWpDVGJ6YzRYQ1FoTW9JSEVXNHpXTk16aVNaY1g0N09VQUllT3ZnbnFFRdIB_gFBVV95cUxOendBZHZVa1hubDJaLUdHOGJRUHFhSEtJQUdfZEpuLVlLbFI5aDlqdUJRcVlQVTlQRHF6azM3cmE1YVV3ci1lNzRhQmhnbUxpSmt6RmMwZjBoN1ZJSFMxMXJwcmlxU0ItclZ0T3Q3bVJHd1NMc0J6bzhBaE1kT3c5Sk8tbG04YVRSbkIzMUYyWE1oN0dib0VWd1RpQllXZ3pocmItTWtDYnhodUl6dWdiYlYzSm8zUUwzSDBhTWpMYVRFSUZPZEtfel9OTGV5Ukd0cDc0RTJCTDA5R01QajZhaEhvS0JEUGVDZFhCWlE0Z0pna1J5OGduMHM1TDdidw?oc=5
3d04ec14ff275a2731ee6bc1d081bae5,2024-12-13,Radar Lamongan,Bupati Yes Dukung Seratus Persen Desa Cantik - Radar Lamongan,Ekonomi Umum,"O - Administrasi Pemerintahan, Pertahanan dan Jaminan Sosial Wajib",Bupati Yes Dukung Seratus Persen Desa Cantik Radar Lamongan,https://news.google.com/rss/articles/CBMiqAFBVV95cUxPLXFlR0oxOWd3SWRoYUc2c3ZpM2dCQ1FoNXA4UmZhSkNTeDBfM092S0RZM1M2ekk0c3dGS0s2MS1XTWp1NlpGdktWOXpQWk5QNWpwVDE3WnRCWmtBN1JjQnlTbFFfdlEwNVR5MGhidzF4c1ltVk1FUGdFNjAxc2Nlb29ZdXJvZVZRclBaY3hrTUtSZjNoOUxWSVpMRTJGbXZSeU0zRVFTekbSAa4BQVVfeXFMTXR2NXo1MUJ1c2NJYUIwdlZzcjdnSWRTWl9fb19qM2NWblZRamh4bzdOUERtU0RjdnJrcVVOWDNKTTlWWjg4bG1YZUc1eU1DUW9HdDN0eDV5N1A0cVpNV1FobmYxMXRLVU85dXRHX0JuLVlFWFM4d1J0a1ZTZGFPdldqRk1qSnhQazlGeUlsTXhHMnB3dEhzenN3NkxfMkpaaXlfRUNLZ3U3TVJOMFNn?oc=5
5f4e46670aae378bc2a73460fd108d36,2024-12-06,Radar Lamongan,"Raih IGA, Pemkab Lamongan Berkomitmen Tingkatkan Inovasi - Radar Lamongan",Ekonomi Umum,"O - Administrasi Pemerintahan, Pertahanan dan Jaminan Sosial Wajib","Raih IGA, Pemkab Lamongan Berkomitmen Tingkatkan Inovasi Radar Lamongan",https://news.google.com/rss/articles/CBMitwFBVV95cUxQTGpMa25lb2lUZVI4WFF2N1FmeEgxdnloVHJxaTNtZEZlNmJsMmx4Y3VUMm1DemRPM0hHbmw3UjhPNXV5U29LcXluRjhtWUNOOGpDVFpSOG91cmEzM2o1eG1EV1pqMTd0dkJUcE10RVp6eUFfZERnVDRBV0p6YUU4V2xnUTN0cUQ1d056TGExWlU3cDdQVE56aUlDeTdiWE9VZ055c1dsdUlPeGxWQmUyaWx3dzFXNVXSAbwBQVVfeXFMT21majhNU2tWNGM5eEk3YThPZ0RtU3AwZVMzSklocVk0NE1WRXpNbC1GQXpHWFoydy00ZllnakFZQzRnaldRdDk4blVEcFRsUXViclpRdzc1bU45REF6OHNnWG5HZloxRjhNUlZxSG8tRVdnX2N2d29hMlBRQXhNZmFjOV9hY2V3OVBsYjBvN0lDQzlNclBWb243TmwyRmxyYS00OUhaQ0RSLUliVFY2RUNlS0xjZVVlNG9KVXk?oc=5
570e9fb86a64f2f8e47566e0503ff736,2024-12-06,Radar Lamongan,"Kembangkan Bank Perekonomian Rakyat Bank Daerah Lamongan, Bakal Angkat Tenaga Ahli yang Handal - Radar Lamongan",Keuangan,K - Jasa Keuangan dan Asuransi,"Kembangkan Bank Perekonomian Rakyat Bank Daerah Lamongan, Bakal Angkat Tenaga Ahli yang Handal Radar Lamongan",https://news.google.com/rss/articles/CBMi4AFBVV95cUxPdWVPTXk0d2d2RW1qQzIwaVNjNTdQRml4N0dmSWlodTAzazlJM1ltWTE0OVN0Z2xRVnFvUnJxcHdxTXpNakt5TllnY0piSzgwQVItc3hnazRUZGdzemlGLU1fV2pVZXNTVDZGcHZNQnlSWkhUUDNNY0R0QW1rSklnYVU0ZFNVclpZdE13TURVblZJRERocnhIRzF4RllwR0I0ZktMM2hMTHVGZlhpcG1JbVVQdmJNMWpNRnp2akFqUldkNkp6a3lBRlgyS2EzX01wWUtiSnlNYVI4UWFTYTRkVtIB5gFBVV95cUxNYUFSSXhhMzBhN2dxLUlDWkRxaXFMcW93dTZqZXRKX0xzQ2JmM05qVFZoemk3NnhPZ2tOR2ZvdzJEVVNERHZ1TmpRZGprWXRaeUtHZ0s2UFRkcGFmLXIwZUJGR2hrWE5mZXpKazY3SkdyUVNNMzhndW1IM3dBSWVqQndnTmwxejlGanlnNVExaThuRlpFcDVqQTdiVFdKSFU1TVBpaXF3X2V3M0hCam05aF9iV3pZQmdyN1ZjVmpHN09iSUhjMTNYbGV5Z3RYQk9KX3gwUjFJcGs4N1YzQTllZzhpaDkyZw?oc=5
8f21168bc1621a89967ddafddb1d42f0,2024-12-06,radarlamongan.jawapos.com,"Raih IGA, Pemkab Lamongan Berkomitmen Tingkatkan Inovasi - radarlamongan.jawapos.com",Ekonomi Umum,"O - Administrasi Pemerintahan, Pertahanan dan Jaminan Sosial Wajib","Raih IGA, Pemkab Lamongan Berkomitmen Tingkatkan Inovasi radarlamongan.jawapos.com",https://news.google.com/rss/articles/CBMitwFBVV95cUxQTGpMa25lb2lUZVI4WFF2N1FmeEgxdnloVHJxaTNtZEZlNmJsMmx4Y3VUMm1DemRPM0hHbmw3UjhPNXV5U29LcXluRjhtWUNOOGpDVFpSOG91cmEzM2o1eG1EV1pqMTd0dkJUcE10RVp6eUFfZERnVDRBV0p6YUU4V2xnUTN0cUQ1d056TGExWlU3cDdQVE56aUlDeTdiWE9VZ055c1dsdUlPeGxWQmUyaWx3dzFXNVXSAbwBQVVfeXFMT21majhNU2tWNGM5eEk3YThPZ0RtU3AwZVMzSklocVk0NE1WRXpNbC1GQXpHWFoydy00ZllnakFZQzRnaldRdDk4blVEcFRsUXViclpRdzc1bU45REF6OHNnWG5HZloxRjhNUlZxSG8tRVdnX2N2d29hMlBRQXhNZmFjOV9hY2V3OVBsYjBvN0lDQzlNclBWb243TmwyRmxyYS00OUhaQ0RSLUliVFY2RUNlS0xjZVVlNG9KVXk?oc=5
cfff78c34452ad2885c46f71eb1f0cdb,2024-12-06,radarlamongan.jawapos.com,"Kembangkan Bank Perekonomian Rakyat Bank Daerah Lamongan, Bakal Angkat Tenaga Ahli yang Handal - radarlamongan.jawapos.com",Keuangan,K - Jasa Keuangan dan Asuransi,"Kembangkan Bank Perekonomian Rakyat Bank Daerah Lamongan, Bakal Angkat Tenaga Ahli yang Handal radarlamongan.jawapos.com",https://news.google.com/rss/articles/CBMi4AFBVV95cUxPdWVPTXk0d2d2RW1qQzIwaVNjNTdQRml4N0dmSWlodTAzazlJM1ltWTE0OVN0Z2xRVnFvUnJxcHdxTXpNakt5TllnY0piSzgwQVItc3hnazRUZGdzemlGLU1fV2pVZXNTVDZGcHZNQnlSWkhUUDNNY0R0QW1rSklnYVU0ZFNVclpZdE13TURVblZJRERocnhIRzF4RllwR0I0ZktMM2hMTHVGZlhpcG1JbVVQdmJNMWpNRnp2akFqUldkNkp6a3lBRlgyS2EzX01wWUtiSnlNYVI4UWFTYTRkVtIB5gFBVV95cUxNYUFSSXhhMzBhN2dxLUlDWkRxaXFMcW93dTZqZXRKX0xzQ2JmM05qVFZoemk3NnhPZ2tOR2ZvdzJEVVNERHZ1TmpRZGprWXRaeUtHZ0s2UFRkcGFmLXIwZUJGR2hrWE5mZXpKazY3SkdyUVNNMzhndW1IM3dBSWVqQndnTmwxejlGanlnNVExaThuRlpFcDVqQTdiVFdKSFU1TVBpaXF3X2V3M0hCam05aF9iV3pZQmdyN1ZjVmpHN09iSUhjMTNYbGV5Z3RYQk9KX3gwUjFJcGs4N1YzQTllZzhpaDkyZw?oc=5
9a4f4f05818207abb70893c91683d060,2024-12-05,Radar Lamongan,"Kembangkan Bank Perekonomian Rakyat Bank Daerah Lamongan, Bakal Angkat Tenaga Ahli yang Handal - Radar Lamongan",Keuangan,K - Jasa Keuangan dan Asuransi,"Kembangkan Bank Perekonomian Rakyat Bank Daerah Lamongan, Bakal Angkat Tenaga Ahli yang Handal Radar Lamongan",https://news.google.com/rss/articles/CBMi4AFBVV95cUxNY2hudDdRaThYQVcyZktqbW95Y21YRGxudWVjczNnWmhaaGR6Rjg5bWg2eVdfcDQ0bjFWUnJETzV2SjlKRzIwMWJpVXNfUkpMNDBxcmhVS0RScWpJYlFkX0JmMzcxMGRIeHBGS2E1bzdiSFg5dWdKX0lXVU93LUZwMVQxMHItRy1DWFR0MThqZENXVlZsV1llMFBra09ONWpscm1HcHV4TEMwMm9JRUhTa0RhUU5VOEtwMnZvU0p0X053czk4Z3BQamZreWNibVdCa09YTFlDczh6RXRUOVozN9IB5gFBVV95cUxNYUFSSXhhMzBhN2dxLUlDWkRxaXFMcW93dTZqZXRKX0xzQ2JmM05qVFZoemk3NnhPZ2tOR2ZvdzJEVVNERHZ1TmpRZGprWXRaeUtHZ0s2UFRkcGFmLXIwZUJGR2hrWE5mZXpKazY3SkdyUVNNMzhndW1IM3dBSWVqQndnTmwxejlGanlnNVExaThuRlpFcDVqQTdiVFdKSFU1TVBpaXF3X2V3M0hCam05aF9iV3pZQmdyN1ZjVmpHN09iSUhjMTNYbGV5Z3RYQk9KX3gwUjFJcGs4N1YzQTllZzhpaDkyZw?oc=5
919f4cfccf8bb06a177b25e275c0c325,2024-12-05,Radar Lamongan,Indikator Sosial Ekonomi Kabupaten Lamongan Tumbuh - Radar Lamongan,Ekonomi Umum,"R,S,T,U - Jasa Lainnya",Indikator Sosial Ekonomi Kabupaten Lamongan Tumbuh Radar Lamongan,https://news.google.com/rss/articles/CBMisAFBVV95cUxPc1dyclJTaEJaTzVMMXRGeFQ3S19NVzJHUkZXVEtSLTNQa0dNM0VhaW9WZVE3b1ZpUDVsdVBpWE5XeURCSUpfTk4tTFpqMkFsSzVTaVEtQTNxUzZzbl9LZHE0enpCOXFYRkt1VTVnMDZBNFRjRnVzand1c1R4T2EzSUxqSkl5ZlZEeGlPdzE0S1dyWDRIVXJOMnl2WDV2SEFtQTRCZTdxQXlLX0huTEVtZNIBtgFBVV95cUxOV2ktcWFoSlFzeElCaFFxTHIwNUxIMktvakd0NTE0Z1FHbFV1YVMyWEJ3Wl83dlRtV2tGUmQxVk1lcW10R1FjazRHd1RPamZpUzBCaHFyQkJwMlB3djEwMnU5YndybFFTeERVQkowaFMxVnc5VDZoMzhtTGxScWlldHBRY05zdlZhNWZrUkM5VlFiN0xrMzZsS05KYXFhTlNkRmxIM2hsdDRGV3dFSHJjQWlwaERuUQ?oc=5
e4b61a394a9efcde759a480cfc0ae9ff,2024-12-05,radarlamongan.jawapos.com,"Kembangkan Bank Perekonomian Rakyat Bank Daerah Lamongan, Bakal Angkat Tenaga Ahli yang Handal - radarlamongan.jawapos.com",Keuangan,K - Jasa Keuangan dan Asuransi,"Kembangkan Bank Perekonomian Rakyat Bank Daerah Lamongan, Bakal Angkat Tenaga Ahli yang Handal radarlamongan.jawapos.com",https://news.google.com/rss/articles/CBMi4AFBVV95cUxNY2hudDdRaThYQVcyZktqbW95Y21YRGxudWVjczNnWmhaaGR6Rjg5bWg2eVdfcDQ0bjFWUnJETzV2SjlKRzIwMWJpVXNfUkpMNDBxcmhVS0RScWpJYlFkX0JmMzcxMGRIeHBGS2E1bzdiSFg5dWdKX0lXVU93LUZwMVQxMHItRy1DWFR0MThqZENXVlZsV1llMFBra09ONWpscm1HcHV4TEMwMm9JRUhTa0RhUU5VOEtwMnZvU0p0X053czk4Z3BQamZreWNibVdCa09YTFlDczh6RXRUOVozN9IB5gFBVV95cUxNYUFSSXhhMzBhN2dxLUlDWkRxaXFMcW93dTZqZXRKX0xzQ2JmM05qVFZoemk3NnhPZ2tOR2ZvdzJEVVNERHZ1TmpRZGprWXRaeUtHZ0s2UFRkcGFmLXIwZUJGR2hrWE5mZXpKazY3SkdyUVNNMzhndW1IM3dBSWVqQndnTmwxejlGanlnNVExaThuRlpFcDVqQTdiVFdKSFU1TVBpaXF3X2V3M0hCam05aF9iV3pZQmdyN1ZjVmpHN09iSUhjMTNYbGV5Z3RYQk9KX3gwUjFJcGs4N1YzQTllZzhpaDkyZw?oc=5
ee2bcce90029b627532cbc558872eee4,2024-12-05,radarlamongan.jawapos.com,Indikator Sosial Ekonomi Kabupaten Lamongan Tumbuh - radarlamongan.jawapos.com,Ekonomi Umum,"R,S,T,U - Jasa Lainnya",Indikator Sosial Ekonomi Kabupaten Lamongan Tumbuh radarlamongan.jawapos.com,https://news.google.com/rss/articles/CBMisAFBVV95cUxPc1dyclJTaEJaTzVMMXRGeFQ3S19NVzJHUkZXVEtSLTNQa0dNM0VhaW9WZVE3b1ZpUDVsdVBpWE5XeURCSUpfTk4tTFpqMkFsSzVTaVEtQTNxUzZzbl9LZHE0enpCOXFYRkt1VTVnMDZBNFRjRnVzand1c1R4T2EzSUxqSkl5ZlZEeGlPdzE0S1dyWDRIVXJOMnl2WDV2SEFtQTRCZTdxQXlLX0huTEVtZNIBtgFBVV95cUxOV2ktcWFoSlFzeElCaFFxTHIwNUxIMktvakd0NTE0Z1FHbFV1YVMyWEJ3Wl83dlRtV2tGUmQxVk1lcW10R1FjazRHd1RPamZpUzBCaHFyQkJwMlB3djEwMnU5YndybFFTeERVQkowaFMxVnc5VDZoMzhtTGxScWlldHBRY05zdlZhNWZrUkM5VlFiN0xrMzZsS05KYXFhTlNkRmxIM2hsdDRGV3dFSHJjQWlwaERuUQ?oc=5
4185284ae6cd447704650180be8a6b61,2024-11-25,detikcom,Pemkab Lamongan Ungkap Kebanggaan Raih detikJatim Award Keduanya - detikcom,Ekonomi Umum,"O - Administrasi Pemerintahan, Pertahanan dan Jaminan Sosial Wajib",Pemkab Lamongan Ungkap Kebanggaan Raih detikJatim Award Keduanya detikcom,https://news.google.com/rss/articles/CBMirgFBVV95cUxQM28zU183bXEydF9zODl3b04wQm1LV3FILVpjXzlEcnlOSGRmZVIwVnZnbHlDMklRNThCLTRYSG1wTVZUZzNFR19vUnFUY2sxYWd3eFNWRDFiZnRpNXRoeEluR0FQVmNXSVRhbDFyZDlOYWlJMVpLdlZVQThoN0ZnREVyQlQzNHNqUV9RWXJzTmRvU25vS0V5eEdQYkxuWHFER0tsd3RpNjNJVVdvR2fSAbMBQVVfeXFMUFFjdWZHaVpzZHFKRkNZZ19VYU0wV2tndHdOWXBmTVhHQ3l0aHRsS1VrUnZXUzBsNFBBVFhOaVRlYUNRWmk1ZkZDc3J3QWdmUnViams0S1RWUUpPTDJwNG0wZlBjNzBrLVMzRGlpSENXcVpDV3hZRkJFRHA3MVdmODctUzVuZzE1YWVMLV9UaFNGOTJGb05oZU9obDBiWlJVLVVRUnFQaG5YSlZLVUlHTmlTZlk?oc=5
7fbd432f127cac032d314bde7ea95304,2024-11-25,detikcom,Berhasil Tekan Angka Pengangguran Antar Pemkab Lamongan Raih Penghargaan - detikcom,Ketenagakerjaan,"O - Administrasi Pemerintahan, Pertahanan dan Jaminan Sosial Wajib",Berhasil Tekan Angka Pengangguran Antar Pemkab Lamongan Raih Penghargaan detikcom,https://news.google.com/rss/articles/CBMiuAFBVV95cUxONU5pREtFOFA1T2ZvWEUzTXJpRk8tRVdGOWdGZTJhWk5rbkRLVzdlUXJmVHVuUFZ6SGlQQU16Sm1jdU5KZ3dIR2VrZlE1cGxNajVjTE5lWXhBT1dRN2VoS2xic095TDZJRFdSZW5VcWFkejhSZmNMcll6LTZ0WlV0QXFWRFpiZjA1WElvcmtKdDBWM29Jb3RTanJTQkJPRmFaSmpaTDk3OF9NcVdWRWQ5WjRZVjJmSDNa0gG-AUFVX3lxTE9veW1VYWZGTVFWTTBoZWo4RDFjZW56U0t1MmNIZUNGa1l0cXYzTFZxLW8zRERfN0Q0bHp0TndDWmVQaHQ0dHV1eGpXd2ZWOEtaV0s4c2l1UzlFVTJMeW1lMlQ0MkJydUpNTHRoU0FGRnhHYnFNNzBNUUlWdEZVS0YtNkJYbk5FWDNzWXppMmM2YjlGV0wyU1NhZG5xS0pxLVg0NGlaWkxzZ3hwWjlaTEpVZDlaQVRxVk9CY3pQRmc?oc=5
d16f0bbea5cb06935129039f3bb4cb28,2024-11-10,Radar Lamongan,Ekonomi Lamongan Terbaik Jatim - Radar Lamongan,Ekonomi Daerah,Belum Teridentifikasi,Ekonomi Lamongan Terbaik Jatim Radar Lamongan,https://news.google.com/rss/articles/CBMijgFBVV95cUxNMzc3dG1PcHc4b2FscUoyeHh0eXJHR01hMnJTV21xd0xvNnUtU05PaVRkT25xZXV2R0RGTkpnMlBRLThHYzdzczVCSEM3ZGdpTDdub2pPaTdmNGxjTEh5anN2Q1p2Y0lhZ1lDM1lsRW1oZDVQSFROM1lYSFEtRWVKZFJnTnFReWdaVlZZVGNn0gGTAUFVX3lxTFAtSHBSQVE1MEpUTTR0aXljMEtrV0RKRXVOc0ExaWdCQVExdUZOR19WZ1hiNnpVYTJRX3Z6YV8wbXZldWI0Q0RCeFVlUjhmRFU4ajNsVGRHTWpXay03amFKYnNxQUVVN296ZWRqd1NuNFNLNUxOQm9xOUVKVWlDcFRJTXpWZ2ZFZ0phY2xmZzMzaXhWNA?oc=5
e25f67faee49c41aa589b97b1f8a502c,2024-11-10,radarlamongan.jawapos.com,Ekonomi Lamongan Terbaik Jatim - radarlamongan.jawapos.com,Ekonomi Daerah,Belum Teridentifikasi,Ekonomi Lamongan Terbaik Jatim radarlamongan.jawapos.com,https://news.google.com/rss/articles/CBMijgFBVV95cUxNMzc3dG1PcHc4b2FscUoyeHh0eXJHR01hMnJTV21xd0xvNnUtU05PaVRkT25xZXV2R0RGTkpnMlBRLThHYzdzczVCSEM3ZGdpTDdub2pPaTdmNGxjTEh5anN2Q1p2Y0lhZ1lDM1lsRW1oZDVQSFROM1lYSFEtRWVKZFJnTnFReWdaVlZZVGNn0gGTAUFVX3lxTFAtSHBSQVE1MEpUTTR0aXljMEtrV0RKRXVOc0ExaWdCQVExdUZOR19WZ1hiNnpVYTJRX3Z6YV8wbXZldWI0Q0RCeFVlUjhmRFU4ajNsVGRHTWpXay03amFKYnNxQUVVN296ZWRqd1NuNFNLNUxOQm9xOUVKVWlDcFRJTXpWZ2ZFZ0phY2xmZzMzaXhWNA?oc=5
bbcda7ca41a7f1c1a61f365a4946d1dc,2024-10-20,Antara News jatim,Pemkab Lamongan tingkatkan daya saing melalui Oktoberbatik 2024 - Antara News jatim,Ekonomi Umum,"O - Administrasi Pemerintahan, Pertahanan dan Jaminan Sosial Wajib",Pemkab Lamongan tingkatkan daya saing melalui Oktoberbatik 2024 Antara News jatim,https://news.google.com/rss/articles/CBMiqgFBVV95cUxQXzJNelB2Uzg1MWVSY2VMTDBQcno5NlBtRE9kOENKODIyVEl5YzR6MnhXc3c2YlVNTWx3Q0ZmTkh3a0QxTmtwRGgwNzdseE80VmZ2QUVNWUdnTmpob0x0Uk1sVm5IMFFfMVZjLWdqLTBRQzkzTWV4UTZ2TjJqNDlFb0pzakNWWjdpVzROVHFVd09IX1dKVGRubzJhdUxSUE5lQnVwRHRDckx2QdIBrwFBVV95cUxNMFJqQXhPYk9Gai1jWlBBdHIxMXpoUGNQNFZFR1BLd004RG5vZ3RKaGpPQkhQelNkT2dqbnN5aXVNQTVmRnM2ZUlmelhkN3VoM1ZHU05NaHktazhIeVNpZ3ViR1ZJeFRwTWxpV2ZpMUdCOWIzcVMyeTNTSHlNcF91N2M5ZExZbXNDNnJZY2tIUGFEaFlNS3ZYTHhOSVhGQ01RdFVXdk9LbWRvWWhEM3lB?oc=5
e58370b429ad00216321365f1b254f02,2024-10-15,Radar Lamongan,"Semarak PKU Akbar PT PNM Cabang Lamongan. UMKM Melek Online-an, Tambah Megilan Ekonomi Lamongan - Radar Lamongan",UMKM,J - Informasi dan Komunikasi,"Semarak PKU Akbar PT PNM Cabang Lamongan. UMKM Melek Online-an, Tambah Megilan Ekonomi Lamongan Radar Lamongan",https://news.google.com/rss/articles/CBMi5gFBVV95cUxPdnBBb05CeVhCZzNOVzBaRjg2Q185SWo1dVItekVQOXlHYlBjQmlTNnNJVVI1WXZTN1p2dS1RSXBjbFVUNTREZjZwemNDOURCYXZGS21KOFFxRFdyN0Jxa01HVHpOUzl5bVlXNzY3aWtHY3liVEZoMGJWTHMxb21yTkRmVjVvMEMxbVRyMThFNVhPc3ZjVk1uTmUtc0gxbTVWamNxTndaZXlSVjZ0MnMwbGxBelk4aFFtVnZJeTZBWmJncldNQXRKNXJNS19YM2k4TnBKYnA3U0J4UWZrdWtPNHdjRW14Z9IB6wFBVV95cUxOaGRrYVFJWTdJRXJNOE92MldLM2JOM2lhR2VCOFFMRDdmVkVmYXYtNmNkTS1OcWNnbEdmUndqRUE5SjNPRlY3QV9BUWZDcnlBZ0plbHA0YWt1bmJTa3lET0FWMExrckpBVVFXOHQyLXZZN3B3dE9mbWE3NGxWQ0x4MDd5YWQxSDZKczRKRHJmMklwSkJaWmllbkFrWVkxUE9GTXRLbV94RXFFZktJNW9pMXZETThFVzAteXJSVEVxMThYSnNYUXZfOVZSNVBRUmZLRFNLVGF3S1MxMTk1QWs1Vllrb0xtaks2ckpJ?oc=5
74c3ff9260d4cba437c07621024e13ac,2024-10-15,radarlamongan.jawapos.com,"Semarak PKU Akbar PT PNM Cabang Lamongan. UMKM Melek Online-an, Tambah Megilan Ekonomi Lamongan - radarlamongan.jawapos.com",UMKM,J - Informasi dan Komunikasi,"Semarak PKU Akbar PT PNM Cabang Lamongan. UMKM Melek Online-an, Tambah Megilan Ekonomi Lamongan radarlamongan.jawapos.com",https://news.google.com/rss/articles/CBMi5gFBVV95cUxPdnBBb05CeVhCZzNOVzBaRjg2Q185SWo1dVItekVQOXlHYlBjQmlTNnNJVVI1WXZTN1p2dS1RSXBjbFVUNTREZjZwemNDOURCYXZGS21KOFFxRFdyN0Jxa01HVHpOUzl5bVlXNzY3aWtHY3liVEZoMGJWTHMxb21yTkRmVjVvMEMxbVRyMThFNVhPc3ZjVk1uTmUtc0gxbTVWamNxTndaZXlSVjZ0MnMwbGxBelk4aFFtVnZJeTZBWmJncldNQXRKNXJNS19YM2k4TnBKYnA3U0J4UWZrdWtPNHdjRW14Z9IB6wFBVV95cUxOaGRrYVFJWTdJRXJNOE92MldLM2JOM2lhR2VCOFFMRDdmVkVmYXYtNmNkTS1OcWNnbEdmUndqRUE5SjNPRlY3QV9BUWZDcnlBZ0plbHA0YWt1bmJTa3lET0FWMExrckpBVVFXOHQyLXZZN3B3dE9mbWE3NGxWQ0x4MDd5YWQxSDZKczRKRHJmMklwSkJaWmllbkFrWVkxUE9GTXRLbV94RXFFZktJNW9pMXZETThFVzAteXJSVEVxMThYSnNYUXZfOVZSNVBRUmZLRFNLVGF3S1MxMTk1QWs1Vllrb0xtaks2ckpJ?oc=5
32e9aea8646e718a1480b40e895a482a,2024-09-24,Antara News jatim,Pembangunan Stadion Surajaya Lamongan capai 51 persen - Antara News jatim,Infrastruktur,F - Konstruksi,Pembangunan Stadion Surajaya Lamongan capai 51 persen Antara News jatim,https://news.google.com/rss/articles/CBMinAFBVV95cUxNd3NSYWJwcFBEa2pDMHhxMnJELUNiWFZVMXJBaHRCUDQ0LURscmNlR3lVYVBlVjhmeUw3X2t0Q1RZSDNJV3h6bG0waGZmMG5Xb3FEemRNNTlOanI0b3pxa1pRQzFpUkNWc1RNaHNXQk90eUp0SmhMUzBYLTlRbDQ5UXFsejNfaVZlYVc1bS1uZXNEcFZLdzNxNXQzT1_SAaIBQVVfeXFMUHVtLU5wekZEdEJUUHBDX3JMQnVJa25fTTdkeGNrMW9ONjZvdTRhUmN2SllmZjRjdUdac0NUeWJsczlFX090OGt0ajVSTk90dWQ0bWhpMTlLd0V6M2lkMkZ4bTlQVU5ZZ2dXekFUd2xFNlNWM2NnQnd4dnpMdUdQaE0tcjFXY19QWExxNXQ5QjhzakI4VmZRZDNNaVE1R2k1XzBn?oc=5
4a68f73c733104a71823ca45a87f9a8c,2024-08-25,Antara News jatim,"Pemkab Lamongan: Inovasi melon ""green house"" pacu ekonomi warga - Antara News jatim",Ekonomi Umum,"O - Administrasi Pemerintahan, Pertahanan dan Jaminan Sosial Wajib","Pemkab Lamongan: Inovasi melon ""green house"" pacu ekonomi warga Antara News jatim",https://news.google.com/rss/articles/CBMipgFBVV95cUxNVU5FREdPWEJYalZwSWE0Ymc2VU96UE9JdTdaQWdwODZjTkxtN0ljY3JTNjJnUkFPd3kzY1owOFo4M09VcHRsT2FjTnFZeUpKY3RBM0ZOOHBGemk5Y1dCOTJHVlhBUjVKeWdKX25xZV9kU09uR3Q2aWdfYW1ZWFJjVkFBOWRndGRXSVFGSEkxZnhnNkNOMWdyYWlsaXV1djFjRlNyQ2FB0gGrAUFVX3lxTE1VLWI0TmxrNzNJUWVETHdCMmZ0eWV3SnRGd2VCYzlfSm5qQ0JnVE0xbXRxR0RCX0o2RjlLam9zTWowOWJNQXgtRS1PSm5fZ3VhZVluRVFBNG9hbURXaFZ0VUlFcllNSzVGaFpZWDlJWGU1dEQ3akhEUHpYM2JBNmV3b3ZZZm5aUDMwUUV3MWlHOUZuOUdJXy1uRkZSWkQ0amxqVUpCTHpMSzJHUQ?oc=5
76838e739b3f2190254d68e0e77c829b,2024-07-25,beritajatim.com,"MOOLA, Siap Antar Produk UMKM Lamongan Naik Kelas - beritajatim.com",Harga dan Inflasi,Belum Teridentifikasi,"MOOLA, Siap Antar Produk UMKM Lamongan Naik Kelas beritajatim.com",https://news.google.com/rss/articles/CBMifEFVX3lxTE02RUJGaEFXS09IOWQxSnNQWE1fTThnSXZLOHNRUUJkNXpETmRDNHBJZ3lOZmkxd19jZmJXQXJLczd6RVNrZ3hvdTRRT2tpYlpla2pyeExsLXlYbFZlMVRpZ1FpN3ZOLVo2Q0lOQXhqdnM0dWtEYmVzSENzdWo?oc=5
9e4ad94a52a4538517c781408db9ab6f,2024-07-24,TIMES Indonesia,"Resmi Dibuka, MOOLA Wadah UMKM Lamongan - TIMES Indonesia",UMKM,Belum Teridentifikasi,"Resmi Dibuka, MOOLA Wadah UMKM Lamongan TIMES Indonesia",https://news.google.com/rss/articles/CBMiigFBVV95cUxPLVJ6ckZmVHVQTWozUURrWlRFRzZsWVIzZEJoU29IYjVudjdoTHVZWWN5akU4SGdoUWtFeXJHUHB4V3AzNUJGLVFHV1Z6WkxlZzNmWElmSTBGNFJOekx3ZzE2U1VpbktadjBGSTNfRHh1OHhodjRGZ0ZXaXdxWTJXck8yN2o5T0RWWmc?oc=5
fca7f2436fa124aeda8925bfa53b0a53,2024-07-17,Radar Gresik,"Bulan Depan, Bus Trans Jatim Joko Tingkir Rute Bunder Gresik – Lamongan Mengaspal, Berikut Rinciannya - Radar Gresik",Ekonomi Umum,H - Transportasi dan Pergudangan,"Bulan Depan, Bus Trans Jatim Joko Tingkir Rute Bunder Gresik – Lamongan Mengaspal, Berikut Rinciannya Radar Gresik",https://news.google.com/rss/articles/CBMi5wFBVV95cUxNMTJBSFZ5Qmd6MXBTdUdzdldwSEIxRjJ4YUh2eXdvQ3pPYUZJX2dpQUw5SElVUTlNVW83alp5QnlvWFJnN0FXOEVtVlliOFd1MjNUS2pzUDBDMDM1V2poNG1vcy1LTG1QWWJuamduMmdlWnFkMnoyRnIwdDhnRE53QmRvUldpWWY1TWo3WmJVYk80UGMzSHNjeC0zU1U3RFpqOFpxcnJJbHVEZ2x0bGd3YlRleEVOXzJZLVZqd3BOTTlmYjRNNmtsVTBhN2dYVWN4YUVUZ1luWTVEMUJfVFBORkJNMGoyQlnSAewBQVVfeXFMTmQ1Z0RGd3Q3RVU4dllBZ0JjMkdObHRmODI0dzBYa2Z4NWpiS3JVWVRLeWJDN3B4QzF0YmlfcE5LNF9BcDVPdWsxZFFuckU3V0RaSGxNOU9kcmU1N3pxSDJGTERjWl9RZDEyeHZ6eXpQM25FdHpiR1A4eHZzTk1IT2RCWENrQjZ1MHpkQ01MR0p3eXMzVmE1THZDWEpTTmlKNlllejFLNFJXaV81ZEVnMmRMYWhjY2hIMENybU5fdjlhRW5uTGZSbDJnRVR1MXhtS0xqOUt4SVRSNC1GaUEtY0UtckZ4MWF2b3duWGE?oc=5
e1418618e7809bc48369dcd1b3807815,2024-07-04,Radar Lamongan,"Belajar Kritis di Organisasi, Mahasiswi Jurusan Ekonomi Syariah ini Ikut Beberapa Organisasi - Radar Lamongan",Ekonomi Umum,"R,S,T,U - Jasa Lainnya","Belajar Kritis di Organisasi, Mahasiswi Jurusan Ekonomi Syariah ini Ikut Beberapa Organisasi Radar Lamongan",https://news.google.com/rss/articles/CBMi2wFBVV95cUxNSXJGTEMybFNZUHIwbjhqM3FseGEza1N0N3lzRE9WOC11alBBc3F2eWZLYmF0Z3FYVkQydFdrLVZMQkpaUU5iZ2lGZkZwTVRleEh5TkJfYk1xOUxCUGtKRVZsaHc0NnZMaG0xR2g3bUhyWGQ3RjFiMkFadEZXc0FzWXdnWVNVb1c2eWtyT2c5LW5Oa0dVSkVoU1htV0RGTjZOMURZSlpRcm4wSTRjRVdvMWpraDFGWmFFNUdETmUtYUNodVVMSXRId0tfQ1NWX2UyTWlOSE9maHRGZnfSAeABQVVfeXFMT2s2M0VpNXdaR1ZVZk5sSjRvTHVDRlZZb3VXeHdKbkpkM1JkT2FvTXh2b01nMTRSVDJiVG90a2hLZFVmbWhhbHNxUmtyYkZhT0p3SGhROEJmcnBScmhtaDktMVBGZDdHTGpRR01YZ0tnbklCRVJHSkJhMm5jWVNmYVQ1VGM1c1JvUWkzb0NRT20xQzREZGVIZnI1cG1wb0NRcGlvdkxINjQwcjB1N0x4VG5iRmEwZnpsRjhRRGc0UFhVdEpUVUlxNUxtaXYtOUV1TjdCQ0M0Y1llYnhGNHBBSTQ?oc=5
9d1e319bf3021415518eb410372ff86b,2024-07-03,jatim.tribunnews.com,"Update Pembangunan Stadion Surajaya Lamongan Baru 25 persen, Target Akhir Tahun Rampung - jatim.tribunnews.com",Infrastruktur,F - Konstruksi,"Update Pembangunan Stadion Surajaya Lamongan Baru 25 persen, Target Akhir Tahun Rampung jatim.tribunnews.com",https://news.google.com/rss/articles/CBMixAFBVV95cUxQY0tUeUE0NkRXSlpXU25jX3pDX2lsa1JGc0tLaFExWmNTUF93WWJxVEdDVmRZVVNIT01mWGN3Ym1Rckx2cm9pa3p1TVdldnN0TkZwbWRnZVo3SDktQjBVRzR6Wlo0cFFDWW10eDBGblBLUGdXRTgyalRYUW4tdmc1YjJsSGVDZkVwOVpaWTQ1ZVY4aUwzWjZNWlhTUXhhQ0NyVFVNYVRqZ25HRURES3dQaVlGQ3k1NC1KbDhMdzhZTksySnFw?oc=5
d979f2e13aa9d62e82bc63b29c34e2f1,2024-06-06,TIMES Indonesia,"Lamongan Exportiva, Peluang Emas Bagi Industri dan IKM Lamongan Melangkah Menuju Pasar Global - TIMES Indonesia",Perdagangan,C - Industri Pengolahan,"Lamongan Exportiva, Peluang Emas Bagi Industri dan IKM Lamongan Melangkah Menuju Pasar Global TIMES Indonesia",https://news.google.com/rss/articles/CBMi0gFBVV95cUxNS2JiQXVQcnZUNDVVTHNUOHFPa1FnN0QtX3dJUmwxMHhELTZGbUdwdEQ1bFB6enRSMkdyRHVSai13U0J4a2JCZzhVNjI5ZXAxUzBjR0pfNFppN0syV2NIRXNFcHBQZHBXdU9DUWtxS28zR0p2elBKcVVTTUp2THdvbWgyMDNWdWFqWl9JeENXRmFDTDYzRnNTV0UwX2VzNVFXRjdIT0ticlkxdDhJNWduOXFPdU9pQ25zQ3BrLXNhd1p3RnZETWh3b2ZzWURVdFZHZHc?oc=5
70cd40bfb05e764f3fb47bf3b2f7faa4,2024-06-05,TIMES Indonesia,Pedagang Kuliner Lamongan Diminta Gunakan Logo yang Telah Dipatenkan - TIMES Indonesia,Perdagangan,G - Perdagangan Besar dan Eceran; Reparasi Mobil dan Sepeda Motor,Pedagang Kuliner Lamongan Diminta Gunakan Logo yang Telah Dipatenkan TIMES Indonesia,https://news.google.com/rss/articles/CBMisgFBVV95cUxQMU9DQTRIb0kzNWF2cXJGVWpWaVRrdkZkT2Q3eUFGYUtUanFDM0xiM01sbEpIM2tacmwwckVhZms5R3BZS0d5MFJ6N0dxa01ib1hyZWlpS0hqMU5PZ2ppc1lhV245TklIakRURm9nNW14N08tME8yUFpEUndINU5ob2RZWDAtNFJTUEZTVnZwWjhLbHNQTkZoeFFkRGU2NE5BY2VVcnNnR2ZLcHlMakpfV0F3?oc=5
dc90605f2329f9b29e8cbf072bb16f8c,2024-06-04,TIMES Indonesia,Gebrakan Pemkab Lamongan Tingkatkan Ekspor dan Produk Lokal dengan Gelar Lamongan Exportiva - TIMES Indonesia,Ekonomi Umum,"O - Administrasi Pemerintahan, Pertahanan dan Jaminan Sosial Wajib",Gebrakan Pemkab Lamongan Tingkatkan Ekspor dan Produk Lokal dengan Gelar Lamongan Exportiva TIMES Indonesia,https://news.google.com/rss/articles/CBMi1wFBVV95cUxOWDNRQjlnUlBvLXZYdDVmamFJeXgtR3JoMHdhSGJpb3ZhZ2VHcnVQLW5zSVRlSzJtNzZGNlVCSVZXNk55SGwyMldaSmdPRzJVNjMwaGFDbmh5YXUxd3h6WjA3ZUtVTm1TRnp5NTNFU0xpTS13SVRxSVBlSUYtRXhRd1Bpb3k2b2ZVMC1mblhrYjByLTVJY3ZZR0VIR1l4YmVtLWFkejFXWVUxTkQzdkxUSE1SY19XSWNWU2tKWjBXWURTZTlXeENkd2p0NkI5RG1maGl3MFVUQQ?oc=5
022368db4fe7fc88afb8eedb9dc9005d,2024-06-02,Radar Lamongan,"Rangkap Pekerjaan, Prinsip Ketua PC IGRA Ini Kerjakan dengan Enjoy Nanti Terasa Nikmat - Radar Lamongan",Ketenagakerjaan,Belum Teridentifikasi,"Rangkap Pekerjaan, Prinsip Ketua PC IGRA Ini Kerjakan dengan Enjoy Nanti Terasa Nikmat Radar Lamongan",https://news.google.com/rss/articles/CBMi2AFBVV95cUxQZkN6bjE2eTJoTi1SUDBkTXFkMTJuaDdxcC0tUkdrM2tzRFRQVEFBcU4tVm1kVnNVNklGamFyZlBfcENlU1ZNMUE2R0FCQ1plMUlmc2FIS01hd1dkQTk1RkdlSzVpRW9PR3JtMl84bWhIQkVQODRpT0wtUmFlQkhSYl9uVFlJTWY1OEw5WjI5UzlfZXc2SDg1UEY1SHFnakcxSkl2SXoxaGY2ZU56ajdvM0VSYlQ0SFRmQzV2LTd2WnE3eDJ2VFFMZFRycTZpc3hXR3VWYXYzcE3SAd4BQVVfeXFMT3lqMEJlV1BZMG16bmJrUkVlMjQ5bmUzUTM0YklXbVlHNWhzWHBrQ2I3WDJyMGtaY3hoRWNablItTXpycVd3MnkzMUtBREVXb09WaTJZV1pLVU5IbHBKRS00dDZKNTdEaVJYQk1vTHlXRkp4Zm5URzlxTTNzREtEdmtpZTJXeWtLdENpeTMxelg3amlWVC02VEZ4dHpPWXlqdVI4c0k4M2N4Q2NBQ3BRVGU0OGxrVzluRmw1QmtVQ0ZrMjR1UG1kTmt3bFJiUWF5THZQTmM2Qi0xQ2N3eS13?oc=5
aa319bb820dbddf7fc9948219725e7ce,2024-05-31,beritajatim.com,7 Fraksi DPRD Lamongan Sampaikan Pandangan Atas Pertanggungjawaban APBD 2023 - beritajatim.com,Ekonomi Umum,"O - Administrasi Pemerintahan, Pertahanan dan Jaminan Sosial Wajib",7 Fraksi DPRD Lamongan Sampaikan Pandangan Atas Pertanggungjawaban APBD 2023 beritajatim.com,https://news.google.com/rss/articles/CBMiogFBVV95cUxPQXN1RUxEX3FGYzhVZVJ4SGpVLXRoc3F0c2xGNVRWYURZS2kzTVdsdGFfcVBBVlU3OGZKc25FeHYzZE0zdi1nWDF6SjhKWl9DVzQ3ZE5LQTAtQVVsQ243Z1MxNmJTdkhoX3JVLXpIS2FhMEdlTXUwOUgyWmdnQXdFSUNKbFRTcVFxeFBmYTJsNlZYQTJoX2FRaHR4VGFaUHkxSVE?oc=5
42bd6b1dd4123f2c76f4055e7026ebfd,2024-05-29,TIMES Indonesia,DPRD Lamongan Dorong Peningkatan Kinerja APBD untuk Transparansi dan Akuntabilitas Keuangan Daerah - TIMES Indonesia,Keuangan,K - Jasa Keuangan dan Asuransi,DPRD Lamongan Dorong Peningkatan Kinerja APBD untuk Transparansi dan Akuntabilitas Keuangan Daerah TIMES Indonesia,https://news.google.com/rss/articles/CBMi4AFBVV95cUxQakhrX1dEMF9BQkxDNE9mNWFjbnhKMHlKTEE3elk1TWZpUmZhM0M1aFhUU3lSRnBNN1JjTzhCRXlLaGxiZHRVVDVBTHRkN0JoaVZaMDg1Y294UzhIZVowem1BR2hkNi1kaDR0NVZBdkl2Ul9IOUJ0Yi1DbmQyVnc3TVZ6VTRTd2ZhRkZBVDd6VU9CZWc3YzBPUU1MNTRYLWYtTkNSekhoRDJkU0ZvRXctWU5sOVJCejNlOXdsdVJ1c0JqUENXdXVndkVxd1VRYXhoMnNMUWxJSnJXY0NUalBlUA?oc=5
b423d4feb98fb273fd8a385101dd89ca,2024-05-05,kupang.tribunnews.com,Berita Viral Info Progres Pembangunan Stadion Surajaya di Kabupaten Lamongan Provinsi Jawa Timur - kupang.tribunnews.com,Infrastruktur,F - Konstruksi,Berita Viral Info Progres Pembangunan Stadion Surajaya di Kabupaten Lamongan Provinsi Jawa Timur kupang.tribunnews.com,https://news.google.com/rss/articles/CBMi0wFBVV95cUxPUG1oa2F5b3J3enZnUFRHQ1NuYmEtMDZ2LTlWZ2pIS2lmSG00Ymo4SWdoYXgtY0Y2WVNBYWdTWWgtaHVoa0ZkdWl3eTdCNGhKWVFkMkJ4MkMxVmxOV0FfN0NqVGpucUV2d01qekJ2bTNOYXRnZk5fVHhYUEdxOTgxdEFkT0ZOQ2JPSFUwcm1hcWJpdE91Vy1yb1BTcy1PNXItSFpXRVBOSkJjM1BKcUFLZDQ5TWNwVXdUN04wT1lSNEZuLWQzVllmclo2UF8wNThZb1VJ?oc=5
b66b5bf6a1472d0e1728c386cda61bd7,2024-05-05,Pos-kupang.com,Berita Viral Info Progres Pembangunan Stadion Surajaya di Kabupaten Lamongan Provinsi Jawa Timur - Pos-kupang.com,Infrastruktur,F - Konstruksi,Berita Viral Info Progres Pembangunan Stadion Surajaya di Kabupaten Lamongan Provinsi Jawa Timur Pos-kupang.com,https://news.google.com/rss/articles/CBMi0wFBVV95cUxPUG1oa2F5b3J3enZnUFRHQ1NuYmEtMDZ2LTlWZ2pIS2lmSG00Ymo4SWdoYXgtY0Y2WVNBYWdTWWgtaHVoa0ZkdWl3eTdCNGhKWVFkMkJ4MkMxVmxOV0FfN0NqVGpucUV2d01qekJ2bTNOYXRnZk5fVHhYUEdxOTgxdEFkT0ZOQ2JPSFUwcm1hcWJpdE91Vy1yb1BTcy1PNXItSFpXRVBOSkJjM1BKcUFLZDQ5TWNwVXdUN04wT1lSNEZuLWQzVllmclo2UF8wNThZb1VJ?oc=5
38b4946045a1b2c83d6fea6d6dd09813,2024-05-04,Radar Lamongan,Organisasi Perempuan Lamongan Berperan Penting dalam Membangun Keluarga - Radar Lamongan,Ekonomi Umum,"R,S,T,U - Jasa Lainnya",Organisasi Perempuan Lamongan Berperan Penting dalam Membangun Keluarga Radar Lamongan,https://news.google.com/rss/articles/CBMixAFBVV95cUxNaGlUYmpwZ3ZqS0ZOa3huWkdoZDdOWWhLZ0hoUW1tQk5iWklGY3ZsN1N2RHZ3ZVplQ29xRnM5YWRKSlJLZjREVWp3b1gySGMyNVk1Y3pIa0ZMOEFqT0Rwdm1KTWFDQUZvMVNhTWlGeU9ocWVrdWwxbmR0MFNGX1R4ZWZmUDIzSVhocEFrOUdWN0lPVWhiQzFjeGpQWWVSc3dkNXhueGVtb19TODhmSVVSRE9SSzlFd1duVXFCS2ttVmR5VjJp0gHKAUFVX3lxTFBHd3h0UFZ1bHJfQk9IRFdITTJxaHd0Xy11TFdmLXdJOUEwMHNKUnNxTi1kYWtlVWlRM3Z4NVNWNm1oRGVScmZsZnQtX0xYbnpudHFMaFIwZEpwaHNVV09sa01VcmFKX2F4eHNmUFN6ZURMbHNacVpUaFl4Y3RYczg1WjhLdjRrV0w2WVZhVi1JQklyZEtEVFQ3NHcyUHB6YXJZRzI2UzR5ZDBJMlNHZUJFSzFCNmJTNmF1U1FOUmstNlFuQVZYNUJvNnc?oc=5
d8ed0f18aa6649c5bbff2d9413b54b77,2024-05-04,radarlamongan.jawapos.com,Organisasi Perempuan Lamongan Berperan Penting dalam Membangun Keluarga - radarlamongan.jawapos.com,Ekonomi Umum,"R,S,T,U - Jasa Lainnya",Organisasi Perempuan Lamongan Berperan Penting dalam Membangun Keluarga radarlamongan.jawapos.com,https://news.google.com/rss/articles/CBMixAFBVV95cUxNaGlUYmpwZ3ZqS0ZOa3huWkdoZDdOWWhLZ0hoUW1tQk5iWklGY3ZsN1N2RHZ3ZVplQ29xRnM5YWRKSlJLZjREVWp3b1gySGMyNVk1Y3pIa0ZMOEFqT0Rwdm1KTWFDQUZvMVNhTWlGeU9ocWVrdWwxbmR0MFNGX1R4ZWZmUDIzSVhocEFrOUdWN0lPVWhiQzFjeGpQWWVSc3dkNXhueGVtb19TODhmSVVSRE9SSzlFd1duVXFCS2ttVmR5VjJp0gHKAUFVX3lxTFBHd3h0UFZ1bHJfQk9IRFdITTJxaHd0Xy11TFdmLXdJOUEwMHNKUnNxTi1kYWtlVWlRM3Z4NVNWNm1oRGVScmZsZnQtX0xYbnpudHFMaFIwZEpwaHNVV09sa01VcmFKX2F4eHNmUFN6ZURMbHNacVpUaFl4Y3RYczg1WjhLdjRrV0w2WVZhVi1JQklyZEtEVFQ3NHcyUHB6YXJZRzI2UzR5ZDBJMlNHZUJFSzFCNmJTNmF1U1FOUmstNlFuQVZYNUJvNnc?oc=5
45542bfe8d2cfe53a0794cce9a4436b8,2024-04-29,beritajatim.com,"Bupati Lamongan Yuhronur Efendi Torehkan Banyak Prestasi, Punya 11 Program Prioritas - beritajatim.com",Ekonomi Umum,"O - Administrasi Pemerintahan, Pertahanan dan Jaminan Sosial Wajib","Bupati Lamongan Yuhronur Efendi Torehkan Banyak Prestasi, Punya 11 Program Prioritas beritajatim.com",https://news.google.com/rss/articles/CBMiqwFBVV95cUxPZjY4UU0zZGlqZS10ek5WWEw4Y2RLbXVoNktvSW9NaUJybGdHS1dHbFhaSml4akhFZUFndlMybHdpc3A1WGFhN1MzVVFDVElGNnU5S0dtZUlOdWJOOFJnb3JJNWpXUEdzUkVIbkdHN1NZNExuWGZtUzYzM2xjclFCNVNwUTg0N3hQZTBQZFdPamthSWNEMTVPTUlpSzdra21NR3o1aGNTbVVZdGM?oc=5
5336ce0f36b9cacb1ba69e3d84045374,2024-04-27,beritajatim.com,Bupati Lamongan bersama PT DMT Sosialisasikan Perizinan Guna Dukung Kebijakan Internet Positif - beritajatim.com,Ekonomi Umum,J - Informasi dan Komunikasi,Bupati Lamongan bersama PT DMT Sosialisasikan Perizinan Guna Dukung Kebijakan Internet Positif beritajatim.com,https://news.google.com/rss/articles/CBMiugFBVV95cUxPWEdCTEdWNHRJOUI2eXRzZ1lGaWZDZFd1cjFzWlBraWFDTzRobjBjZDBqYUd6ckJpNTJuanpQUzdEMUJpRUtsWGlrdHl3d0tlUXM0ejJfT2dMc1Z5NGxIclZPTHR6Mm5uTGVfSXhTY29zTllhTEplekhVdnp1NG8yM1FldmtNSzd6X0ZsSFAtN2F1Y1dHdmV3WlhNOFJfWXJka3pSczV3NlhWNEFHVzZtNlg5bG9TVHBpYXc?oc=5
f332ab34761ea549eccb2f3d9d3e5bea,2024-04-23,Kompas.com,"Tumbuhkan Perekonomian Lamongan, Pemkab Lamongan Optimalkan Reforma Agraria - Kompas.com",Ekonomi Daerah,"O - Administrasi Pemerintahan, Pertahanan dan Jaminan Sosial Wajib","Tumbuhkan Perekonomian Lamongan, Pemkab Lamongan Optimalkan Reforma Agraria Kompas.com",https://news.google.com/rss/articles/CBMi0wFBVV95cUxQUXg2T200Q2h0NklQY0w2ckJWWTQ4bEdLMDV4eU1fSmlJN29FUnd5aGF1bTNEOFh4XzROMWFaNGZxU1ZzbldyMUxOTFdVZk1FMEdob0JacjBRdkt2ZXhocmQ1NkNYbkVvNTd6d0JKSkpCSHk5ek8zalRuVXNXb1QxNF9rMGtaQkFmbGE4RmJnN3I2U3BtMVNyMmx4TzA5ZFF1NVFXYm4yZHZZVk4yeFU2RDhSUHoxQ2ZPZFFzREY2WmNmY085WFZ5WTFEWE5ieWREWHgw?oc=5
474567c81369cd24d67200b47e81aab3,2024-04-23,regional.kompas.com,"Tumbuhkan Perekonomian Lamongan, Pemkab Lamongan Optimalkan Reforma Agraria - regional.kompas.com",Ekonomi Daerah,"O - Administrasi Pemerintahan, Pertahanan dan Jaminan Sosial Wajib","Tumbuhkan Perekonomian Lamongan, Pemkab Lamongan Optimalkan Reforma Agraria regional.kompas.com",https://news.google.com/rss/articles/CBMi0wFBVV95cUxQUXg2T200Q2h0NklQY0w2ckJWWTQ4bEdLMDV4eU1fSmlJN29FUnd5aGF1bTNEOFh4XzROMWFaNGZxU1ZzbldyMUxOTFdVZk1FMEdob0JacjBRdkt2ZXhocmQ1NkNYbkVvNTd6d0JKSkpCSHk5ek8zalRuVXNXb1QxNF9rMGtaQkFmbGE4RmJnN3I2U3BtMVNyMmx4TzA5ZFF1NVFXYm4yZHZZVk4yeFU2RDhSUHoxQ2ZPZFFzREY2WmNmY085WFZ5WTFEWE5ieWREWHgw?oc=5
e46ab9b53a0cd37cbe9dbad25f1fcf0f,2024-04-18,Radar Lamongan,"Festival Kupatan, Bupati Yes Ajak Masyarakat Merawat Tradisi - Radar Lamongan",Ekonomi Umum,"O - Administrasi Pemerintahan, Pertahanan dan Jaminan Sosial Wajib","Festival Kupatan, Bupati Yes Ajak Masyarakat Merawat Tradisi Radar Lamongan",https://news.google.com/rss/articles/CBMiuAFBVV95cUxPZkVZWm1PS1AwakpYenh4NC0yeVpOaFIxazBiQUFmTlYwMFlJX3VFS19uZG5OR1VRNlp1MXRRUFV2U05uaEtLWTVTY0o4YS1PZ19WYVNaLW9VckV0MGlzb2xTWG1sd0tGV0ZPTEgwSmVzS0o1SWI4NF82MEcySWo2WUxZU3FKdmRfMkNlZTBibTNJanZtQmYyc3hxcW9FcnFYeVFmMDJTWDZwVzE2WDh0OGkyaEZlUUVP0gG-AUFVX3lxTE93emM1eXBDMUE4YS1XVnY4cTVEaEtMQTlDUXVTbTUzTksxWmFBTlRCNjZYVEUzTmlXWmctM3NFWGdwdXpIazY5Rl82SnhSWG1MY2pPTVV4RkhIUkdFYVN4bl92VTVRNXl4X1g4MzdNaWhUX1JRaEZwS1hXUEFqOXA2em9RVjhjVDJTdmZxeHRjR2dSbVJadFdTQnNDaWJZTEJzNDVpd1UtM1F6Umt5MlFJSkJVaUtlWUt4TlpJZGc?oc=5
f806d05641c9314dbb88d6f4965cc593,2024-04-03,beritajatim.com,"Masuk 5 Besar Ibangga Award 2024, Pemkab Lamongan Galakkan Pembangunan SDM - beritajatim.com",Infrastruktur,F - Konstruksi,"Masuk 5 Besar Ibangga Award 2024, Pemkab Lamongan Galakkan Pembangunan SDM beritajatim.com",https://news.google.com/rss/articles/CBMingFBVV95cUxPcHlaTHZjQXQ3cWs3VU93ekhHR1NWRmxaMDZNUmFSVmJjbEhWSGNmX2YyNHEtM25Ud0dJTXFOeGZOV1Rod1djdXBVOFp6cEEzdEJLM3phVVJ3dGI1VEtXc1pPbDBKTGRrT0lDZ2czNWQyeFZIRWIwMUd6c3JUQ3pPQmNYRG1VTk5TQ1VRcmZxMjFXVnpjWkFmTUd3azlhUQ?oc=5
62fe92806172c6ffea6b203e10368ef6,2024-03-30,Radar Lamongan,"LAFFEST, Lamongan Food Festival and Ramadan Fashion Parade Sajikan Ragam Kuliner UMKM - Radar Lamongan",UMKM,I - Penyediaan Akomodasi dan Makan Minum,"LAFFEST, Lamongan Food Festival and Ramadan Fashion Parade Sajikan Ragam Kuliner UMKM Radar Lamongan",https://news.google.com/rss/articles/CBMi1AFBVV95cUxPSzdJa19GMzlaVUdEMGJYellNSzZUdER0NTE1U2Qya0VlMXh6ck14WnpZV3BxR3pnNFRQWkltcVhpckZ6WVJvVnMxSHdQMF95TGdydG5CU2pJQTU4U2w3RVY5TWVTSmxfbkFlQzBJWHlJdG82U0VXeHZHcUhNNS1DSmU5ZzlfN2FuZE5ZMkVRMXdoSzJ5cThTbzMxeEJ2ckdTUGtybjZuYkxmdTFxbkVPclFiWkhlMEZJcnJvOXpNVTJ1ZFphX2xOak9xQTFHczkxa3hTbtIB2gFBVV95cUxNUlJCSVJVVWpLeG5mWGRwSmpnMDEyYXRpall3QmRSREg0ako5UW5jQURKRG53cWNtWWNNLWdGMWJELWJaT3V2SjJ2X3A1LWNvZ0lvQTF4aHFBVUt2a1J5M1VfcHFJNTdBOC1PcHAtZXNPSE9jcFJ1T2F6ODBQUFFwV2VqSWpXWlhfQUVrU2FnMnF4T3FUQm1OX1FENDR6X3ZqTi1URXg1YURCQTM2Q3QtaTRRQzZQMGdHY3ljYURETUNEVUs2eHQzOG1pYWN3MmoyandsekZIV2d1Zw?oc=5
c482193d339d4d7b8bf301a18d8ef91a,2024-03-30,radarlamongan.jawapos.com,"LAFFEST, Lamongan Food Festival and Ramadan Fashion Parade Sajikan Ragam Kuliner UMKM - radarlamongan.jawapos.com",UMKM,I - Penyediaan Akomodasi dan Makan Minum,"LAFFEST, Lamongan Food Festival and Ramadan Fashion Parade Sajikan Ragam Kuliner UMKM radarlamongan.jawapos.com",https://news.google.com/rss/articles/CBMi1AFBVV95cUxPSzdJa19GMzlaVUdEMGJYellNSzZUdER0NTE1U2Qya0VlMXh6ck14WnpZV3BxR3pnNFRQWkltcVhpckZ6WVJvVnMxSHdQMF95TGdydG5CU2pJQTU4U2w3RVY5TWVTSmxfbkFlQzBJWHlJdG82U0VXeHZHcUhNNS1DSmU5ZzlfN2FuZE5ZMkVRMXdoSzJ5cThTbzMxeEJ2ckdTUGtybjZuYkxmdTFxbkVPclFiWkhlMEZJcnJvOXpNVTJ1ZFphX2xOak9xQTFHczkxa3hTbtIB2gFBVV95cUxNUlJCSVJVVWpLeG5mWGRwSmpnMDEyYXRpall3QmRSREg0ako5UW5jQURKRG53cWNtWWNNLWdGMWJELWJaT3V2SjJ2X3A1LWNvZ0lvQTF4aHFBVUt2a1J5M1VfcHFJNTdBOC1PcHAtZXNPSE9jcFJ1T2F6ODBQUFFwV2VqSWpXWlhfQUVrU2FnMnF4T3FUQm1OX1FENDR6X3ZqTi1URXg1YURCQTM2Q3QtaTRRQzZQMGdHY3ljYURETUNEVUs2eHQzOG1pYWN3MmoyandsekZIV2d1Zw?oc=5
4d939a0ccd5064ad8b63c0ec07861abb,2024-03-25,Radar Lamongan,"Alokasi Pupuk Bersubsidi di Lamongan Turun Signifikan, Ini Penyebabnya... - Radar Lamongan",Harga dan Inflasi,"A - Pertanian, Kehutanan, dan Perikanan","Alokasi Pupuk Bersubsidi di Lamongan Turun Signifikan, Ini Penyebabnya... Radar Lamongan",https://news.google.com/rss/articles/CBMiwAFBVV95cUxOaVRNcjFTb3A1N2piNnU3NnMxVFZHaTRhRm5kYXVDeDlBblVuS2pvUk85aWtpamptYklPYUFQVHdSUElScFpKMGRwQzllRnZXdXpPSUtkRmhoM1BjbXRSUzZVenNSSklmMmJ6d2FlOXFKSjBVUWJ4S3dycTVGRW9sZjROem9RMHpJTWw5QUVkTHZYcEVIdXJWWDUyTjFOODVnYlpoazNVRVJLcTEtblAxSTJtUXZHUm9IbnhOSlk3UjbSAcYBQVVfeXFMT0VNYS1VY2FXWnlZaldsaGhjcjRlV3hINUtIN1RqaEM1bEM4XzRJZjRRbl8tMzVQcnZiRGE5ek1UWW5zVVYwamRWbW93RC1GQjhvNm1VRURDVkJIT3BqZ3VkVTBIekpuWWkzalFwSS1ITmxoWmtjNE1jSWM2MVM5MVdRUFl2d2xyTURZLUpKVkszMTVTM1FYa0o4c2NNZ281Nm1YVUhSM3RxMG1ES0hjU2NjV3hleEt5bnplNGpseE5kWjNGVjFR?oc=5
f5e513f16e21046509abdecf165d6820,2024-03-25,radarlamongan.jawapos.com,"Alokasi Pupuk Bersubsidi di Lamongan Turun Signifikan, Ini Penyebabnya... - radarlamongan.jawapos.com",Harga dan Inflasi,"A - Pertanian, Kehutanan, dan Perikanan","Alokasi Pupuk Bersubsidi di Lamongan Turun Signifikan, Ini Penyebabnya... radarlamongan.jawapos.com",https://news.google.com/rss/articles/CBMiwAFBVV95cUxOaVRNcjFTb3A1N2piNnU3NnMxVFZHaTRhRm5kYXVDeDlBblVuS2pvUk85aWtpamptYklPYUFQVHdSUElScFpKMGRwQzllRnZXdXpPSUtkRmhoM1BjbXRSUzZVenNSSklmMmJ6d2FlOXFKSjBVUWJ4S3dycTVGRW9sZjROem9RMHpJTWw5QUVkTHZYcEVIdXJWWDUyTjFOODVnYlpoazNVRVJLcTEtblAxSTJtUXZHUm9IbnhOSlk3UjbSAcYBQVVfeXFMT0VNYS1VY2FXWnlZaldsaGhjcjRlV3hINUtIN1RqaEM1bEM4XzRJZjRRbl8tMzVQcnZiRGE5ek1UWW5zVVYwamRWbW93RC1GQjhvNm1VRURDVkJIT3BqZ3VkVTBIekpuWWkzalFwSS1ITmxoWmtjNE1jSWM2MVM5MVdRUFl2d2xyTURZLUpKVkszMTVTM1FYa0o4c2NNZ281Nm1YVUhSM3RxMG1ES0hjU2NjV3hleEt5bnplNGpseE5kWjNGVjFR?oc=5
735719dedc8670ed809bd76f41149418,2024-03-08,TIMES Indonesia,Puluhan Caleg Wajah Baru Akan Berkiprah di Gedung DPRD Lamongan - TIMES Indonesia,Ekonomi Umum,F - Konstruksi,Puluhan Caleg Wajah Baru Akan Berkiprah di Gedung DPRD Lamongan TIMES Indonesia,https://news.google.com/rss/articles/CBMiqwFBVV95cUxNYzFVSkdJaTU1eThRSUJyR0xrN1RTNmVZWFIzanROM2piLW9xU2JtR3hsc0tGVEJSbUwzT1ZRX2JMUXRKNG5MdUNJNjNMMDRDNUphRGNtX01SMEFLNVZFcnd4WlVHR001RGFjMUE0aFBGYkx2ZTRJSHBSZzZWendnSl9HT2IyaVhaMUZkLU9iSUpOSjYwMzh6dUFxLVVWdUZsX29sVFlLcl8wOUk?oc=5
61863c2017326a876a37a1134847e5b5,2024-03-05,Radar Lamongan,"Panen Padi Meluas, Harga Gabah di Lamongan Jadi Segini - Radar Lamongan",Pertanian,"A - Pertanian, Kehutanan, dan Perikanan","Panen Padi Meluas, Harga Gabah di Lamongan Jadi Segini Radar Lamongan",https://news.google.com/rss/articles/CBMirAFBVV95cUxQajhRT09YR0hvYlZXV2lFaS0zV09NRlJYOFZLd01YQzZ1MGswMnNJaTQ2MEtqRXRwU1NSMlhyMHZodnBCQ2xCTnNkOU50QnZTcVBXM21aak9iVHFlMS1TTmNWeDVkZVhEclJSMHdHWnAwYllCQ25fNnk0NVMtb0NJZzdnd053MWxDaVZCQnFOcGhWSklXdkhSUTVxNnJpSElkeXJEZFFISm5KWGNq0gGyAUFVX3lxTFBFaVJfOEJaeFZzTDl2SDRoRC1UMkRjMzRwLXJCdnNUekc0QzhEbU5jT2JUM2RWU1VnSG1yX0F2YWJkaVZYU1E2MzVvb0V2bEVDNWx2ZEZETF9tOEhOeDVBV2phdmRrOTh6blJWaDNLZ080WWd3dUtSNmNLYUwySHp1eExjS2ZQU2xVc3pRdm9YM0gwWWFTbTB1VnVBWnJDQmZmcXNuX1kxUlVSdWJMek95ZGc?oc=5
73f65b15cb0b42aab9358224a298b916,2024-03-05,radarlamongan.jawapos.com,"Panen Padi Meluas, Harga Gabah di Lamongan Jadi Segini - radarlamongan.jawapos.com",Pertanian,"A - Pertanian, Kehutanan, dan Perikanan","Panen Padi Meluas, Harga Gabah di Lamongan Jadi Segini radarlamongan.jawapos.com",https://news.google.com/rss/articles/CBMirAFBVV95cUxQajhRT09YR0hvYlZXV2lFaS0zV09NRlJYOFZLd01YQzZ1MGswMnNJaTQ2MEtqRXRwU1NSMlhyMHZodnBCQ2xCTnNkOU50QnZTcVBXM21aak9iVHFlMS1TTmNWeDVkZVhEclJSMHdHWnAwYllCQ25fNnk0NVMtb0NJZzdnd053MWxDaVZCQnFOcGhWSklXdkhSUTVxNnJpSElkeXJEZFFISm5KWGNq0gGyAUFVX3lxTFBFaVJfOEJaeFZzTDl2SDRoRC1UMkRjMzRwLXJCdnNUekc0QzhEbU5jT2JUM2RWU1VnSG1yX0F2YWJkaVZYU1E2MzVvb0V2bEVDNWx2ZEZETF9tOEhOeDVBV2phdmRrOTh6blJWaDNLZ080WWd3dUtSNmNLYUwySHp1eExjS2ZQU2xVc3pRdm9YM0gwWWFTbTB1VnVBWnJDQmZmcXNuX1kxUlVSdWJMek95ZGc?oc=5
65bbca3a2479deed165544855a5ba011,2024-03-01,Radar Lamongan,"Jejak Langkah 3 Tahun Yes-Bro, Semangat Kolaborasi Demi Pembangunan Lamongan yang Lebih Megilan - Radar Lamongan",Infrastruktur,F - Konstruksi,"Jejak Langkah 3 Tahun Yes-Bro, Semangat Kolaborasi Demi Pembangunan Lamongan yang Lebih Megilan Radar Lamongan",https://news.google.com/rss/articles/CBMi6wFBVV95cUxPamR2d2prUDVYOWFFZXVLOTdxR05PYzY4eS0tTTdxYmE0TlF4VjhuNmdzTDhxdVdhcElEUlBMNFMtMVdUXzNBVWtJN3EwMEdLUnR4dV80UE5MeThkdWtTdWRkanV4MTFmS3ZhTEUyMU9mRGdwUzJhNml2cEhYR1hobE5rY01hR2NRVzA5N19QU0xuR2o3VmN1S2J3VE1UMjE1eHZOQkFSRlJzZlZ5OHYyQVdyZExrOWlNT3hCYlBhXzJERXlWaFM4MXhOYng4TFh0X0luNzIzNS1TdVZWZG1hOGxObzRUaVpOOU1r0gHwAUFVX3lxTE5MTEdNRWZ5MTRqVlpYdHFWdzlUN2UyeUkzSDBPajZFMzNLZ3BpbmVtTHAwMFhEV3B5WFJFTjFmZnJ2NTFLZTlFbDhyMkxsWDlUek0yMW1aSnN5Z3FCeW1sMlY0N1ZNc3VEc1VYTUlMa1Y1YnJhLU5hbDdrLXNUMFNHNlJtVzBQbng0SUZ4SVZzTk1NMmZ2czE3QzRMX3FxYmdkZXhaZ2JRcjFTcjVTaDgzQU03SkhaUFN6akRvVThYU29Wb0ZZbHVmX3B0R0VjeWc2YkVoUmlPTGE3bGJNTkdySnFRazluRHNpSHgyaGxfbw?oc=5
5534a63f0f83ee66649cec9b32d5261c,2024-03-01,radarlamongan.jawapos.com,"Jejak Langkah 3 Tahun Yes-Bro, Semangat Kolaborasi Demi Pembangunan Lamongan yang Lebih Megilan - radarlamongan.jawapos.com",Infrastruktur,F - Konstruksi,"Jejak Langkah 3 Tahun Yes-Bro, Semangat Kolaborasi Demi Pembangunan Lamongan yang Lebih Megilan radarlamongan.jawapos.com",https://news.google.com/rss/articles/CBMi6wFBVV95cUxPamR2d2prUDVYOWFFZXVLOTdxR05PYzY4eS0tTTdxYmE0TlF4VjhuNmdzTDhxdVdhcElEUlBMNFMtMVdUXzNBVWtJN3EwMEdLUnR4dV80UE5MeThkdWtTdWRkanV4MTFmS3ZhTEUyMU9mRGdwUzJhNml2cEhYR1hobE5rY01hR2NRVzA5N19QU0xuR2o3VmN1S2J3VE1UMjE1eHZOQkFSRlJzZlZ5OHYyQVdyZExrOWlNT3hCYlBhXzJERXlWaFM4MXhOYng4TFh0X0luNzIzNS1TdVZWZG1hOGxObzRUaVpOOU1r0gHwAUFVX3lxTE5MTEdNRWZ5MTRqVlpYdHFWdzlUN2UyeUkzSDBPajZFMzNLZ3BpbmVtTHAwMFhEV3B5WFJFTjFmZnJ2NTFLZTlFbDhyMkxsWDlUek0yMW1aSnN5Z3FCeW1sMlY0N1ZNc3VEc1VYTUlMa1Y1YnJhLU5hbDdrLXNUMFNHNlJtVzBQbng0SUZ4SVZzTk1NMmZ2czE3QzRMX3FxYmdkZXhaZ2JRcjFTcjVTaDgzQU03SkhaUFN6akRvVThYU29Wb0ZZbHVmX3B0R0VjeWc2YkVoUmlPTGE3bGJNTkdySnFRazluRHNpSHgyaGxfbw?oc=5
6121f1ea299db7045c21e27e74a214eb,2024-02-28,Radar Lamongan,"3 Tahun Kepemimpinan Yes-Bro, Maksimal Jalankan Program, Ekonomi Lamongan Tumbuh - Radar Lamongan",Ekonomi Daerah,Belum Teridentifikasi,"3 Tahun Kepemimpinan Yes-Bro, Maksimal Jalankan Program, Ekonomi Lamongan Tumbuh Radar Lamongan",https://news.google.com/rss/articles/CBMi1gFBVV95cUxNeWtfaW14Rm5MQWRwT09wc1JiUEpXSlo4WndMNUlqU3hDdFNlTF9oeHRHU2tySGJPUUR3a2JfZUZWSkwtNmNzYWxuOWMyajJRLVk5RTh4X0lYYWNSVnFrWTFFLW93QmtlTWNrUHhlcVluNFJpU3dDRV9VVmd0Q0IyY1Vhck4wa1N4Wm1nd2ZBempsUTRzRlAzREYyeE5rWDAzZ1VlSE8zNkp0VGMyR19XQzI5Rno2NFNEOGN1OW05VWRMd3lqek1TNXF1VHpEVGMxRXRZZEVR0gHbAUFVX3lxTFBkeDZSNXJQNHpvSVFWSzdEaDRFNElOMWdjckNPUmk2Si0zcmJMQTY0ZjQtc2x3VGdkM1gzVnRxemwtQ0czLVUwMUJZN0pfcDV2eF96Z0Y0SzRnak41MWU4SWtCU2RjXzJvZS1fdjJNVnBwUVJ1eEZNcjRyOWdOQkVpcWx6SzYydkIxTEFTYVNkemh6bEcxSnZoZ0xuS1BCRHNGWXRlc1F3TmEtendyZmMzLTNMM1ZJcWJYYWhUMGkxbUFkakt3ME5BYWVDNlRJcmpxMENqRmNZbE1vRQ?oc=5
15ebaaaa3d3966fc6d2975027472554d,2024-02-28,radarlamongan.jawapos.com,"3 Tahun Kepemimpinan Yes-Bro, Maksimal Jalankan Program, Ekonomi Lamongan Tumbuh - radarlamongan.jawapos.com",Ekonomi Daerah,Belum Teridentifikasi,"3 Tahun Kepemimpinan Yes-Bro, Maksimal Jalankan Program, Ekonomi Lamongan Tumbuh radarlamongan.jawapos.com",https://news.google.com/rss/articles/CBMi1gFBVV95cUxNeWtfaW14Rm5MQWRwT09wc1JiUEpXSlo4WndMNUlqU3hDdFNlTF9oeHRHU2tySGJPUUR3a2JfZUZWSkwtNmNzYWxuOWMyajJRLVk5RTh4X0lYYWNSVnFrWTFFLW93QmtlTWNrUHhlcVluNFJpU3dDRV9VVmd0Q0IyY1Vhck4wa1N4Wm1nd2ZBempsUTRzRlAzREYyeE5rWDAzZ1VlSE8zNkp0VGMyR19XQzI5Rno2NFNEOGN1OW05VWRMd3lqek1TNXF1VHpEVGMxRXRZZEVR0gHbAUFVX3lxTFBkeDZSNXJQNHpvSVFWSzdEaDRFNElOMWdjckNPUmk2Si0zcmJMQTY0ZjQtc2x3VGdkM1gzVnRxemwtQ0czLVUwMUJZN0pfcDV2eF96Z0Y0SzRnak41MWU4SWtCU2RjXzJvZS1fdjJNVnBwUVJ1eEZNcjRyOWdOQkVpcWx6SzYydkIxTEFTYVNkemh6bEcxSnZoZ0xuS1BCRHNGWXRlc1F3TmEtendyZmMzLTNMM1ZJcWJYYWhUMGkxbUFkakt3ME5BYWVDNlRJcmpxMENqRmNZbE1vRQ?oc=5
0c8b2027805bd1f4c1ce702efcc00ad8,2024-02-06,Radar Lamongan,Kenaikan Pajak Hiburan di Lamongan Tunggu Arahan Pusat - Radar Lamongan,Keuangan,K - Jasa Keuangan dan Asuransi,Kenaikan Pajak Hiburan di Lamongan Tunggu Arahan Pusat Radar Lamongan,https://news.google.com/rss/articles/CBMirgFBVV95cUxNR2MtdXVMZVlValNVd3FablB3dEQza3hMeWxmZ21xcDNQdGt6dVJIOS1UVUtkRGdfblRpQXU3MXQ0eV81OE8zY3BQcmhKNFJWUnZjRXNVLVRVY2NVS3VIRGpsTDlnbVA5OXY4ZVU3MXRhZnRpMm5LbWJ0MkhMcHlpVnJ4d3lnME1FNXNtWDU2Uld4VmNwX2tJX3l3b2FQWjkxUXlLcVNJQWR1bVhrSEHSAbMBQVVfeXFMT1pySXpBSmN3NGxUcHhiLUw4dG9YMFpUZldrd2JEWjlkS0V0eHVXMHkyRUpxVlRnb0VhTXhIRi1kRmxoZGthaEFaZ2phMWxCRjJOSEtva2x5dlllSktFMjhqdkFqWHNaOXV2TzFRaTdwdUVReGlTUWtnX2RHYWhJd01mTGpDN0JrX0dWTUNxZmgtZDZJSU80QlJJUUxFZWQ1cnJ3RGdTNDN1dXhJYTJNMzV2VDA?oc=5
de7e11678e6c04ed0218a169d4f6d7c6,2024-02-06,radarlamongan.jawapos.com,Kenaikan Pajak Hiburan di Lamongan Tunggu Arahan Pusat - radarlamongan.jawapos.com,Keuangan,K - Jasa Keuangan dan Asuransi,Kenaikan Pajak Hiburan di Lamongan Tunggu Arahan Pusat radarlamongan.jawapos.com,https://news.google.com/rss/articles/CBMirgFBVV95cUxNR2MtdXVMZVlValNVd3FablB3dEQza3hMeWxmZ21xcDNQdGt6dVJIOS1UVUtkRGdfblRpQXU3MXQ0eV81OE8zY3BQcmhKNFJWUnZjRXNVLVRVY2NVS3VIRGpsTDlnbVA5OXY4ZVU3MXRhZnRpMm5LbWJ0MkhMcHlpVnJ4d3lnME1FNXNtWDU2Uld4VmNwX2tJX3l3b2FQWjkxUXlLcVNJQWR1bVhrSEHSAbMBQVVfeXFMT1pySXpBSmN3NGxUcHhiLUw4dG9YMFpUZldrd2JEWjlkS0V0eHVXMHkyRUpxVlRnb0VhTXhIRi1kRmxoZGthaEFaZ2phMWxCRjJOSEtva2x5dlllSktFMjhqdkFqWHNaOXV2TzFRaTdwdUVReGlTUWtnX2RHYWhJd01mTGpDN0JrX0dWTUNxZmgtZDZJSU80QlJJUUxFZWQ1cnJ3RGdTNDN1dXhJYTJNMzV2VDA?oc=5
26a8b148baa41ddfbf46fe44fd548dd3,2024-02-02,detikcom,"Pengusaha Konveksi Lamongan Kebanjiran Pesanan saat Pemilu, Order Naik 70% - detikcom",Harga dan Inflasi,Belum Teridentifikasi,"Pengusaha Konveksi Lamongan Kebanjiran Pesanan saat Pemilu, Order Naik 70% detikcom",https://news.google.com/rss/articles/CBMiuAFBVV95cUxPMEJVbHFkUTBoM1N0MjJ1MGNpNnBiQ2N4Y01PdW14VV9QWERVaGlieHlCSVVyTlc0QnZhXzBKTVZpdVpyNXExX19GcHVzNUsySW53ajhwMzlJQjRBR0Y4b0RXVW9Eb1RYMFFKR0JYa01FMk9YZDVqQmNQamtYT2ctaVA1Vmw1Q0hFenMyVkZhNzNtOHVHRTB4bThrTldUc3BRYm5QcUJGeDZmQXlMYldmaGt6aXBaU0Z50gG-AUFVX3lxTE1XbWNOLXRWcF84M245Tk8tSlRvTVViWkp2Y3Rib1NzaEVpUWpRQ25tNEFBQ3REb1BYeG02ODJhc2FDRy1DeHlSNHNLcHN4OElGeHJ2Z2czbTQxdFZHQ1oxTnNuVlpTV1RVci1fdEROd2dUam9wQkEycmJSZUR5cktxbVlVTmdkMmRwQ3lyeFVjRG5PRFZXZU8xbFd4N0JhUXVVVll4UkZQM1NoOG9QYVZxdzQzRFZYc3dCMUFCaWc?oc=5
a21b0b9ac673a2b2caa706b310227b53,2024-01-29,beritajatim.com,Bupati Lamongan Dorong Transformasi Digital Bank Daerah - beritajatim.com,Keuangan,J - Informasi dan Komunikasi,Bupati Lamongan Dorong Transformasi Digital Bank Daerah beritajatim.com,https://news.google.com/rss/articles/CBMihgFBVV95cUxOb2ZrR3ZORk5aMzlrazA4ckxlLXB2M21qakJPVHVYQllsZnRiWktiN21IZElHbUNKaEEtcXpaaWJUVjYyQ3JySVpXUWE1c2FiMWFMc2ZYcjRtS09YYnU3YTR3QklyaU9UMEtVVWtRVHJpby1uVkZhbzNQdWRYQXhuUjhjQzBYdw?oc=5
9cfd650eb66ca640c719b3986873fbba,2024-01-09,Radar Lamongan,Pemkab Lamongan Jalin Kerjasama untuk PJU Berkualitas - Radar Lamongan,Ekonomi Umum,"O - Administrasi Pemerintahan, Pertahanan dan Jaminan Sosial Wajib",Pemkab Lamongan Jalin Kerjasama untuk PJU Berkualitas Radar Lamongan,https://news.google.com/rss/articles/CBMitAFBVV95cUxPUmxNakxpSFhXaGFjclBnaU9Kdm1Rd0FZdkpUODVGVTdJcEdUbGxZN09RZS1jYkphUlRhZVRmdXVFbzZ5TmhnS3RFVExaX1E1OFNwZFNlQXFSeUFOVUI1NzVlRGhmZ2hNSUJpNmdRSk53QndaN25LNGItMkFqLUNvdXFpZU9udUUyYVJWV1p1VFktekc1RGxidTdBbG4wNXNUaElQekZYMUlyT1RkMDVrUGNxNXnSAboBQVVfeXFMT2RKbmdmZU4wY2pOQXFUdDJzZDBQWkxISDZjcUR0Qmxob1NrbE5LSWNZS0RkckdIVTJfaEN6R2RkOGhkdUFFa0NFUWJGU1gtR0lWMll1VzFxRXBjNjYzeWxOTUV3MXBreVFkU1ZHQ0dzTkRQODZiQkkxNjBkbmx2a2hBVkM0RTlEMWE3bkdUMk1IeWJYckxRYVpxbjNDM2Q4M0pERGFaTDZMSkZzNG5PNTBXNEhsYzBjUERn?oc=5
e5256d638565ac3c06ce9f77ad60987a,2024-01-09,Antara News jatim,Layanan Bus Trans Jatim bakal diperluas ke Lamongan dan Bangkalan - Antara News jatim,Ekonomi Umum,H - Transportasi dan Pergudangan,Layanan Bus Trans Jatim bakal diperluas ke Lamongan dan Bangkalan Antara News jatim,https://news.google.com/rss/articles/CBMirAFBVV95cUxPYnNZQzUyWGpCaVRUaGM2MlRZTHNwQkpwZ29sZWtJQTRRQUJuUWhZTGdXSGtialBEZm1zUW0xQVRQekQyak9IMXNwVDFHdV9kZVhqX0JxT0t2M1lDc2NHemtyU3RXWVh6em8xYVFPTzd3TUFLb1NKNGl1UkNpSi1LdkFjRzFldWlBem9zdGo0bC0yNkRnV1hDUXFFN245ZDFFRVFtRFNkZlZDYm9Y0gGyAUFVX3lxTE12N2tucURmSm52UHJ5ZmdTeFJOUFhJNV9LUGhGTEFrVkxiZ2VaeVNpb0VIOTF5dVlTUHZ3QzJEZ0hKbG5TM0VvaW12eDdSQTlteGx4Y2tEUjJSZjlyeGdjbjZuMHlQdjZpeDNpSGFBT25jd01pSFdyZDVFMS1MMFNFdU5kZVlraUNhOC1ZeUFVSHMxN3Jyd0haaC1FNktrLTVac01zU1RJME9aTkYyUUxXaEE?oc=5
2456bc6ae1cc4141fdfae859e3f49c7f,2024-01-09,radarlamongan.jawapos.com,Pemkab Lamongan Jalin Kerjasama untuk PJU Berkualitas - radarlamongan.jawapos.com,Ekonomi Umum,"O - Administrasi Pemerintahan, Pertahanan dan Jaminan Sosial Wajib",Pemkab Lamongan Jalin Kerjasama untuk PJU Berkualitas radarlamongan.jawapos.com,https://news.google.com/rss/articles/CBMitAFBVV95cUxPUmxNakxpSFhXaGFjclBnaU9Kdm1Rd0FZdkpUODVGVTdJcEdUbGxZN09RZS1jYkphUlRhZVRmdXVFbzZ5TmhnS3RFVExaX1E1OFNwZFNlQXFSeUFOVUI1NzVlRGhmZ2hNSUJpNmdRSk53QndaN25LNGItMkFqLUNvdXFpZU9udUUyYVJWV1p1VFktekc1RGxidTdBbG4wNXNUaElQekZYMUlyT1RkMDVrUGNxNXnSAboBQVVfeXFMT2RKbmdmZU4wY2pOQXFUdDJzZDBQWkxISDZjcUR0Qmxob1NrbE5LSWNZS0RkckdIVTJfaEN6R2RkOGhkdUFFa0NFUWJGU1gtR0lWMll1VzFxRXBjNjYzeWxOTUV3MXBreVFkU1ZHQ0dzTkRQODZiQkkxNjBkbmx2a2hBVkM0RTlEMWE3bkdUMk1IeWJYckxRYVpxbjNDM2Q4M0pERGFaTDZMSkZzNG5PNTBXNEhsYzBjUERn?oc=5
a3abfda2195e49cd517774d3dc81bfc3,2024-01-02,radarlamongan.jawapos.com,Tahun Ini Pemkab Lamongan Berupaya Melanjutkan Program Prioritas - radarlamongan.jawapos.com,Ekonomi Umum,"O - Administrasi Pemerintahan, Pertahanan dan Jaminan Sosial Wajib",Tahun Ini Pemkab Lamongan Berupaya Melanjutkan Program Prioritas radarlamongan.jawapos.com,https://news.google.com/rss/articles/CBMiwwFBVV95cUxQM0hlRnFjT0o3cWNNaGZlYUFuNGVPcXpVVUdxZFpESC13a3FkX0FZM28yZzBxMEx5SzlRbXRuTWM4amRvRFdXZVdxYmJqdHJkSGRJQl9HSldiZWdPT242Rmd1VHZkb0szZzZlbjlCRXFKdW5RcHBFRDNILWFCNXl2bzVSS01QdHNwMUN5c0Y1NmEyWTU0TWpWUllQYnFSQWZGWFVoQ1MyYmFXb3B2ekd2MzdFbFk3SGl4cWxZdkYzUDA4bDDSAcgBQVVfeXFMTVgwOHpLeTRDdmp4SEJaRGFiSFJITkg0MDBwM19PNDhDRGlfODZkSkswN1l5QjFDQzNrWUI2WkRCWmM4dE9XZDNXMlFHaDE4azlINU9HUEFGcmVvWDVCQVZKTmtwN2VBODd1OUtoSHhhUnZyd1lnX3R3VzE2TTZUaVRWYUlvMnVLVkVNZ2d3YVY5S01WdVhiYm9IZVVrTnVlUmxkeDAwTTVzSjdjMFpaV05DNmpVdUIwLWtBZDBURDB2b2t0aFJJdFk?oc=5
b0563ca4bc352d0aa30649c7f152175f,2023-12-31,Radar Lamongan,"Sering Fasilitasi UMKM, Kinerja Bank Daerah Lamongan Menggembirakan, Segini Asetnya di Tutup Tahun 2023 - Radar Lamongan",UMKM,K - Jasa Keuangan dan Asuransi,"Sering Fasilitasi UMKM, Kinerja Bank Daerah Lamongan Menggembirakan, Segini Asetnya di Tutup Tahun 2023 Radar Lamongan",https://news.google.com/rss/articles/CBMi6wFBVV95cUxPMU1mMmFDNnk0TnUtSWc0RHhUV0R3NUxLUV95TDVvVVNVbXpxZWhTVGROeWNlbDZJbVhWVy01cmN4aF9pUGZRc0RjRWVyazNScWNZNnN0dklMemNKeG1ack16cVlBRUNqcmh1cDc1T3lwQWFVNVM4MFQ4ajRucDJBSW1zRGVzenBEbjhPWG10c25Sa0RVMTBkWGhVWHBpMUZwdUxuTW5BWFJVb2NXR2M3SFZ5R2lycG0wSmJXUXRCYWprT281WEppRy1oS1lUVFVDTlVObjlLQzJVbnlOWWhkYVphT1dpalN5VVpz0gHwAUFVX3lxTFBZTTR1dlZKTGVqTkFYRTRjZlUzV2hXaVEzcktiMzNNMk4zd0wwM3VMU1pBNHJSQ0MwUmpaWjdOYmhNQUtlQ2xJamFPejNDNWZ4SzZlUUJDQ2M0X2c3NzFIdEc0dDJwR29CZkNxWFE2cnZXRUhzNWVtZmJoclpXeG5GU0FnSXViWlpuU1BQd1A3YjNhZDFzWW9xdkNIdWFFSU9WaTQ0Q2JidkFrRnJ1eDl4a0EwcUJOalYtUFFVM1o0WlhTV21IY29qWXp6WWNZekVnZWcwRkRFTHpZZHBYY0xpTDB1NXczQTU4ZndiTVdyRA?oc=5
74ca4b67a11ba8e0e0a77eee62a2b5cd,2023-12-31,radarlamongan.jawapos.com,"Sering Fasilitasi UMKM, Kinerja Bank Daerah Lamongan Menggembirakan, Segini Asetnya di Tutup Tahun 2023 - radarlamongan.jawapos.com",UMKM,K - Jasa Keuangan dan Asuransi,"Sering Fasilitasi UMKM, Kinerja Bank Daerah Lamongan Menggembirakan, Segini Asetnya di Tutup Tahun 2023 radarlamongan.jawapos.com",https://news.google.com/rss/articles/CBMi6wFBVV95cUxPMU1mMmFDNnk0TnUtSWc0RHhUV0R3NUxLUV95TDVvVVNVbXpxZWhTVGROeWNlbDZJbVhWVy01cmN4aF9pUGZRc0RjRWVyazNScWNZNnN0dklMemNKeG1ack16cVlBRUNqcmh1cDc1T3lwQWFVNVM4MFQ4ajRucDJBSW1zRGVzenBEbjhPWG10c25Sa0RVMTBkWGhVWHBpMUZwdUxuTW5BWFJVb2NXR2M3SFZ5R2lycG0wSmJXUXRCYWprT281WEppRy1oS1lUVFVDTlVObjlLQzJVbnlOWWhkYVphT1dpalN5VVpz0gHwAUFVX3lxTFBZTTR1dlZKTGVqTkFYRTRjZlUzV2hXaVEzcktiMzNNMk4zd0wwM3VMU1pBNHJSQ0MwUmpaWjdOYmhNQUtlQ2xJamFPejNDNWZ4SzZlUUJDQ2M0X2c3NzFIdEc0dDJwR29CZkNxWFE2cnZXRUhzNWVtZmJoclpXeG5GU0FnSXViWlpuU1BQd1A3YjNhZDFzWW9xdkNIdWFFSU9WaTQ0Q2JidkFrRnJ1eDl4a0EwcUJOalYtUFFVM1o0WlhTV21IY29qWXp6WWNZekVnZWcwRkRFTHpZZHBYY0xpTDB1NXczQTU4ZndiTVdyRA?oc=5
5cf3ff05afda64594dcd643414a9d4da,2023-12-29,Kumparan.com,"Terima Keluhan Nelayan Lamongan, Anies Tawarkan Sejumlah Perubahan Kebijakan - kumparan.com - Kumparan.com",Perikanan,"A - Pertanian, Kehutanan, dan Perikanan","Terima Keluhan Nelayan Lamongan, Anies Tawarkan Sejumlah Perubahan Kebijakan - kumparan.com Kumparan.com",https://news.google.com/rss/articles/CBMivgFBVV95cUxOMEM2VHV0VS1QVl9NcVFPRmZHaVlVOXpqVmVTOUNhbHlHOEF2Rno2NnFNWGtYNGhyNUxYd0loQWRvejZqd2JPNDJFNTN6VTQ5SWg5dkExQXF5ZWhWQWZneDc5YVNaUHI0X0hkM09BWDF4d1puQ0pFTG5HN252X2Fkb2YzU25PMXg5dU9GcWdlbkE3Z0lBNlAxcnZLU0RoRmZQVEFYRk41N2xkcWxuclk3RUhqVVlNUFNvTkJYRTVR0gHGAUFVX3lxTE1ZcXJXTnQ3RjR2UUFvY2pXN21zMU9NWE96cGlGX2o0c1p3c3ozWDE0X2FvanpzdjhseVltV0RzQVlOaF9SU3BUdTI1Yko2dkhZRzJlckphQXJqbXpjbXprWG5fNlJ2QlhSSTVEZEVLMk55UVc0YUk3QVJCcUFfQ0JVSXl4cm5XRndIMHFFY3RGc2FqOGhaV2xNOHBmVVVvN1h0Umw1TVNSZEpnMXU3WWQ2LUpubEpRMFBiOVVEZmhZdGNPVnd4Zw?oc=5
a69d4be51999be01c7c8539f654767bd,2023-12-28,Radar Lamongan,"Jalan Mantap dan Alus Lamongan Berkelanjutan, 25 Jalan Ini Sudah Diperbaiki selama 2023 - Radar Lamongan",Infrastruktur,F - Konstruksi,"Jalan Mantap dan Alus Lamongan Berkelanjutan, 25 Jalan Ini Sudah Diperbaiki selama 2023 Radar Lamongan",https://news.google.com/rss/articles/CBMi3AFBVV95cUxOREZyd1BGOGZjT3lfWGNnX3lMM24wNWNqMzhwS0JFSk5LaGdKd2NfMHVvRXpxRDUtdEVpcF9jQmJvNml0V2J5YWEtTXZxQXZrb3lqVV93X2FvbkpsT3ZiNzR0QjBYUWFaek9nLTBKVWV4czlEbERGZnV6OE1DY0l1V2NUUEw2RGxZdjlIeERidFc5bHZWd2c1cVFYY2NpUks5WWpCWWdPZmxqMjRidWM5QmlxZS1IamRiNEFXM3lFVlZiNkdnRTZ3R21tY3VTSG9UNGoxX3MzVl9xRkh30gHiAUFVX3lxTFA2Z1ZZY3hPOEtRc01ZWUtQWXllNHlFU213ZFFEcVAwbHk2T1U0RmVXTGI5NTdDTHlDdG80MW5nYlBqaE1PRjN5NDRPUzUtZUI4TDJwNXVLT0ZLNkhyWlVOYTdnU21PZHliQWwxSGlkcHRnazRZNTF4YU81YWQ1Y1cyRjhZbENqckRyVk1fcG9zR2phaGludlhfLTRnaU11dnoyYXFPR1JOd05QVnRnTENrN0pLX0EyeTZveVBRanljOFhob0ZTNUZXSUNOUXBOY19EbV91R3lxMGx5VnVPN2t0bHc?oc=5
b4ef806eae5f6f159e351bfa2058f369,2023-12-28,radarlamongan.jawapos.com,"Jalan Mantap dan Alus Lamongan Berkelanjutan, 25 Jalan Ini Sudah Diperbaiki selama 2023 - radarlamongan.jawapos.com",Infrastruktur,F - Konstruksi,"Jalan Mantap dan Alus Lamongan Berkelanjutan, 25 Jalan Ini Sudah Diperbaiki selama 2023 radarlamongan.jawapos.com",https://news.google.com/rss/articles/CBMi3AFBVV95cUxOREZyd1BGOGZjT3lfWGNnX3lMM24wNWNqMzhwS0JFSk5LaGdKd2NfMHVvRXpxRDUtdEVpcF9jQmJvNml0V2J5YWEtTXZxQXZrb3lqVV93X2FvbkpsT3ZiNzR0QjBYUWFaek9nLTBKVWV4czlEbERGZnV6OE1DY0l1V2NUUEw2RGxZdjlIeERidFc5bHZWd2c1cVFYY2NpUks5WWpCWWdPZmxqMjRidWM5QmlxZS1IamRiNEFXM3lFVlZiNkdnRTZ3R21tY3VTSG9UNGoxX3MzVl9xRkh30gHiAUFVX3lxTFA2Z1ZZY3hPOEtRc01ZWUtQWXllNHlFU213ZFFEcVAwbHk2T1U0RmVXTGI5NTdDTHlDdG80MW5nYlBqaE1PRjN5NDRPUzUtZUI4TDJwNXVLT0ZLNkhyWlVOYTdnU21PZHliQWwxSGlkcHRnazRZNTF4YU81YWQ1Y1cyRjhZbENqckRyVk1fcG9zR2phaGludlhfLTRnaU11dnoyYXFPR1JOd05QVnRnTENrN0pLX0EyeTZveVBRanljOFhob0ZTNUZXSUNOUXBOY19EbV91R3lxMGx5VnVPN2t0bHc?oc=5
a7315fdb7036b41b887906a15d6f639e,2023-12-16,TIMES Indonesia,RSUD dr Soegiri Lamongan Sudah Antisipasi Pasien Covid-19 Varian Eris - TIMES Indonesia,Ekonomi Umum,Q - Jasa Kesehatan dan Kegiatan Sosial,RSUD dr Soegiri Lamongan Sudah Antisipasi Pasien Covid-19 Varian Eris TIMES Indonesia,https://news.google.com/rss/articles/CBMivgFBVV95cUxNeHc0Rl9aR3diR19HLXZsVEc3SUlEaVRoTS1nS0dmZzZfR1c5WVlwdEhKTC1TaDBKMXlYRjU2d2hBdTZWUG9DWEpHTzdBeExLZTZJcm9CU04yaDJFSmticmtTYTk1c2wxd1pINGNGVWc3S3pQNEwzOUJGWXBnUU84OExrLUY0dGRIMlViMHR1OFBocHpVVHZjVEdydENlUzR1UzBMT3JDNEVRQ1JmdjRQYmEtTzhaRl9scklCLXpn?oc=5
593edcdc2f10920728483b561585092f,2023-12-15,Radar Lamongan,Pembangunan Stadion Surajaya Lamongan Memerlukan Waktu 13 Bulan - Radar Lamongan,Infrastruktur,F - Konstruksi,Pembangunan Stadion Surajaya Lamongan Memerlukan Waktu 13 Bulan Radar Lamongan,https://news.google.com/rss/articles/CBMivgFBVV95cUxQaDhRb2V0UGpDaFFHMXdBbC1XZnNKS0ViTVpuY196RlZvaHREa05rTGRKMFliUG45ZTA2TzQ5OFVpOHVycmN2UEJwUGFBa0xWZ2hJRE5fdlcwNEV0aXV6am1vemxHTFdJLTVaWWIxRThRdWFZVHVNQjNhLTNidGRFVDRmUEI3RmdXUUhNNXVPRWJqa250d3hhdGU2Sm00V2paTDlicGxkb1NKNE9XSVhMOW43VG85UzdmbENXODBR0gHDAUFVX3lxTE5LWDBiWDliT0FSU3NtQWFjZVZVOFEwc2NkaXpsTUZ6ZXRVanFTSlNTTmVLRDJxOElpb2FaVHRKb2pZWkMyZzdCM0xob2ZtN1dHVVFCT1l6bllfMFBwZmM4N3o3YTdOMDdWWlo2dlNkVkFPQ1EyWEVLRDZVdnYyS05uUF90Qm5lUWxBREVyaHZXSkVhRDBQR3VmVWxWV3Z6Zi01US1lOVFfaWRmN2xnMjBJck5TTzJkT3hIc1hETVNvLUVDQQ?oc=5
deaba1fc6b8d30a95f8e636d17e1eca9,2023-12-15,radarlamongan.jawapos.com,Pembangunan Stadion Surajaya Lamongan Memerlukan Waktu 13 Bulan - radarlamongan.jawapos.com,Infrastruktur,F - Konstruksi,Pembangunan Stadion Surajaya Lamongan Memerlukan Waktu 13 Bulan radarlamongan.jawapos.com,https://news.google.com/rss/articles/CBMivgFBVV95cUxQaDhRb2V0UGpDaFFHMXdBbC1XZnNKS0ViTVpuY196RlZvaHREa05rTGRKMFliUG45ZTA2TzQ5OFVpOHVycmN2UEJwUGFBa0xWZ2hJRE5fdlcwNEV0aXV6am1vemxHTFdJLTVaWWIxRThRdWFZVHVNQjNhLTNidGRFVDRmUEI3RmdXUUhNNXVPRWJqa250d3hhdGU2Sm00V2paTDlicGxkb1NKNE9XSVhMOW43VG85UzdmbENXODBR0gHDAUFVX3lxTE5LWDBiWDliT0FSU3NtQWFjZVZVOFEwc2NkaXpsTUZ6ZXRVanFTSlNTTmVLRDJxOElpb2FaVHRKb2pZWkMyZzdCM0xob2ZtN1dHVVFCT1l6bllfMFBwZmM4N3o3YTdOMDdWWlo2dlNkVkFPQ1EyWEVLRDZVdnYyS05uUF90Qm5lUWxBREVyaHZXSkVhRDBQR3VmVWxWV3Z6Zi01US1lOVFfaWRmN2xnMjBJck5TTzJkT3hIc1hETVNvLUVDQQ?oc=5
713852656cc4274ed54e1875f14f251a,2023-11-09,jatim.tribunnews.com,"Dana BK Prov Tak Cair, Proyek Jalan & Jembatan Rp 60 M di PU Bina Marga Lamongan Batal Dilaksanakan - jatim.tribunnews.com",Infrastruktur,F - Konstruksi,"Dana BK Prov Tak Cair, Proyek Jalan & Jembatan Rp 60 M di PU Bina Marga Lamongan Batal Dilaksanakan jatim.tribunnews.com",https://news.google.com/rss/articles/CBMizwFBVV95cUxNUVJrVXg1RG1ZQkFqQkYwdzBLY1dCT2xzbGsybmJWTUMyNzJwcjBJRC12U3RFUS0yUVdRS2RQdThqTkd6ZVdxSUtxekZHdFZma2I2R1l0QlNQT1NscnFtdWFWNWNlTEFwYUlkMDh4VVh3VklWd3pOcERfaFJaTUVSbDFRRnEydWJZbnVZejE4bmdkR1lOdGxlemU4VVdTMEtneU95WjU4Sjh4RE5NWi1FcTFhaGRwa3BrM0dSazhEMzZwR1VXVzdIY18waDRCYzQ?oc=5
f4e5cd4b902e114930f0741957cfcace,2023-10-16,Radar Gresik,Puskesmas Mantup Lamongan Juara 2 Nasional Transformasi Mutu Layanan BPJS Kesehatan - Radar Gresik,Ekonomi Umum,Q - Jasa Kesehatan dan Kegiatan Sosial,Puskesmas Mantup Lamongan Juara 2 Nasional Transformasi Mutu Layanan BPJS Kesehatan Radar Gresik,https://news.google.com/rss/articles/CBMi0AFBVV95cUxNRm9YRjliUERDR1czdC1MWEN5RDNBVjlndnR5R0JDaENHTXV3ZUdWenJDQ0VlZGJSai1GNDhNWHBUa1pjVGo3Zm43RHFCakxPZ2NkeFpnQTB3R2VoM3RIWUZSMnM4NkZScnB5UE95VWhuVmRQX1cyT29qaDNUcUpJUDZXdEFCZjd6a0tCc25lSnliWWRjdTJOQWZWVUE0N3J5QzJ2SURSakZlVUFGOTFxOW8yZUVISEIxTUtxUTdLOGIteFEtZFRGRTJsZWpndkRm0gHWAUFVX3lxTFA5Z2hFU2VkQ3BaU2pnWnl5OUd6aGpFekdyTGlBXzNhT09EbkowcEdvaFZpWHhGMW4wY1R0WjVONVd1N0JnMlZZaWVSRjRKal9sNnZHMHNwWXlreDdsMmk4OTJuTURHbjJNbHI3WWpqck5HeVVtZ1FXdTJkZURfTFkyUnh3V0toMmxhMEtwSkpOZjd5M2ZLLVJTVzU2Y0JuMWNONVlhazliMVM3TTRmV3Rzci01WEhuWTg3dFlHRmR0ZngySWtLUmtJUi05RU4wZ0xWRGlWalE?oc=5
0a810a04e57d8ef7da33b910b6273be7,2023-09-22,Kumparan.com,Tempat Pelelangan Ikan Sebagai Sentra Perikanan di Brondong - kumparan.com - Kumparan.com,Perikanan,"A - Pertanian, Kehutanan, dan Perikanan",Tempat Pelelangan Ikan Sebagai Sentra Perikanan di Brondong - kumparan.com Kumparan.com,https://news.google.com/rss/articles/CBMiqgFBVV95cUxPUE1NTDR2LVJTTHY1RXdSVmlSTTljY3JwWEpIWlk0VWJCekw3bDZsak1vVktCdmcyVDJoWjl0MTJ2U05sdnFSYVRidFYyODFBT1Y2c3ZMRFp3WGI5bVlkTHV5ZUViWEJIZG9nX01zWmw2UzJGeUFQek1Bdk45LThvY2VjOEg3RlB5dDNOdTVlYmtZT3VzOERodmJTejN5bUhHZ3hmSERsczg4d9IBsgFBVV95cUxOa25Ua0JPYkFqZ2hDWmlqaWNZNWw0V3gyQ18ybkotdW1vSTlLT2xTaFlnTFQ3T19pSmJ0WFFFdlRvdllpbTgwVHhMd0RqWDYyQlJETUxXbS1UdnFtdEZqblBlRDZ5YWxDTi1KOHNiYjFiMF9sT1ZPZnBnSzc5SUNOUWFLRW9QWFFtUmV5cy01R3NGNU8zWEl3Z2hFYXNBRmpNc0JBYklMOEFhc1ZQN0xDUGNR?oc=5
3ad03b772ac3cca9c9cb92e6ab7896bc,2023-09-02,beritajatim.com,"Berada di Sydney Australia, Mahasiswa Ini Ikuti Ujian Skripsi di Unisla Lamongan Lewat Daring - beritajatim.com",Ekonomi Umum,P - Jasa Pendidikan,"Berada di Sydney Australia, Mahasiswa Ini Ikuti Ujian Skripsi di Unisla Lamongan Lewat Daring beritajatim.com",https://news.google.com/rss/articles/CBMitwFBVV95cUxNWkFJSGc4Ykl3UnpkbXNfZWVPWmFjdmtBZmQyYlV4M2VyWWZWVFpndzJ1Q2hWbUg5Q1U0aHpkSXMwWVZvREI2WUQ3OXhQd1BoNU8zVnJTbEZ1MkNsWWxWTzlXa1RBdlZzb05JR3ItRFVjRDd6SmtDbGhqRjF1d0NiS2FYMi11NzNTZ1JNOG9YMzdMM2FMS3VpV01BeS1oQWZwNXFRWEVLWGFkWGZSWnNyVnVSREpVZzg?oc=5
046adfd11903f196d77605de0d5edae7,2023-08-10,Kompas.com,"Kodim 0812 Lamongan Olah Sampah Plastik Jadi ""Paving Block"" - Kompas.com",Ekonomi Umum,"E - Pengadaan Air, Pengelolaan Sampah, Limbah dan Daur Ulang","Kodim 0812 Lamongan Olah Sampah Plastik Jadi ""Paving Block"" Kompas.com",https://news.google.com/rss/articles/CBMiuwFBVV95cUxOeTV3b0NMNlN2R2xhTFEzcGlIVy13TUU4Zmd2cWNrY1MycllIMnBQZ1JvbTBHaEtWSzlSaFFXd2N6ZkhFUGhUSEJsRm1fNkRoUG9JTWVoZGNjZGdvN25IaUlTdktPOGpvVWRrOW1FQVp6bDUzVTNuaFlnb25oelVjdlBJNHNRdGltNEpISndES2hkZXFnQjAySXZkMWJmR0ZNUnJjWlp0alhycFNtb216Um9xS21Oekp5MXhv?oc=5
ec7c79980b1c3ca7a4ac7894cd71dd85,2023-08-01,beritajatim.com,100 Pelaku UMKM Lamongan Ikuti Sosialisasi Legalitas Usaha - beritajatim.com,UMKM,Belum Teridentifikasi,100 Pelaku UMKM Lamongan Ikuti Sosialisasi Legalitas Usaha beritajatim.com,https://news.google.com/rss/articles/CBMiigFBVV95cUxNdWdUdXRadGRNWUNpdVV6cHc2TTIzZDZNTDVsRFVsbmQ5N1Joci05OGJOa0Q0RHZ2d1FsclRZMlV3MkROYmlSdkZiQWpkZWlua0ZCLWRKMFVYQnEtb0VkNVZyTUdEMnVvS0cteGV2SGpUcG05ZHB4WnhZWXM4aWtmbUM1SmxXRmg1LXc?oc=5
cc9c7d071a3676ae1b6615e8ca741e0b,2023-07-13,Kumparan.com,Sistem Pemerintahan Pelayanan Publik Kabupaten Lamongan - kumparan.com - Kumparan.com,Ekonomi Umum,"O - Administrasi Pemerintahan, Pertahanan dan Jaminan Sosial Wajib",Sistem Pemerintahan Pelayanan Publik Kabupaten Lamongan - kumparan.com Kumparan.com,https://news.google.com/rss/articles/CBMisAFBVV95cUxNc3U1dHNHSE82Q2FNUUdLUXpiUE5MSGxSSWhTTXlpS0pocmxBejYyMVc3NGhjZEZyTmFCWGZ3Nlo0QV9ST3dTSTd1ajRPMUtDQkVrOHMya21OT19wVkQwdnp4YnFCQTFPN2phVGpEQk50am5naU5DV1RSMkF1NTk3bzZWdlpzSTFwSlFLaW0xQnh2NG1UOEo4U1lSMnhiWFQ0YmhzZ3pxOUVyeXBGS0hTU9IBuAFBVV95cUxQY2Z0LUtmbm1QU0I2eU1ib1l2VnI2R0hMblFZQ2FwVHV0bk9qWXMxNGtLSVZDUGppanFMaU9XZWNMbDMzTkc3WVprUHhuUVVYd3ZSQzZ0MlNMNEdEUnpDSmJuYmNZbWtPdE5DMXBVOHNBMnNSYm5XWlZYak1VbFU0bGlNRjBTTEhxM2ptMUFyMy1sYk01VmE4aTF2RnROeHpZSFNkbWZfRjZCVHFjMkd5eXFqaEwtUjYw?oc=5
060c9e421387eeab4e194fb4763e78de,2023-05-29,Antara News jatim,Bank Jatim bantu peningkatkan ekonomi pelaku usaha di Lamongan dan Lumajang - Antara News jatim,UMKM,K - Jasa Keuangan dan Asuransi,Bank Jatim bantu peningkatkan ekonomi pelaku usaha di Lamongan dan Lumajang Antara News jatim,https://news.google.com/rss/articles/CBMiugFBVV95cUxQRHBFM2ZHMHNjWHk5bzhvMWhfTmFtc2dKWEFoajBCR1B0UDd1TXhFSkFzbHU1aDkyVkh3eXVHRUFlMy1obHYzNXk0RkhQTlFmV0FXUWRwOHVTVnQ1RkpZRVdwZ29kS2ZOYVlxRnRpWk41djBoYXA5VkVjekFwX3lMNHlEVFAxYVlBNUhXb2dodWFwdkNKcHQzUmNKbUVuWTBfbGw5ek96dUN3Q3hvdlhZZVhsWTcxRlVEVXfSAb8BQVVfeXFMTVZGVDhBVkc3ZURuOERaZHViU2hUVlhRREhuWmViMzgyQVB6QzZEbDBpT0pqSTluWUdNNV93MjZreWYzS2d6T1p6V19WcUd0RzdlQVoyNHg0MDdUSk9ESmFNQ0dWbng2VTN2VV9TUjdiamNYb2Mxdkh6TG9jdkh1aUxxQ1BYNE5Pb1pxZWFSTXNJaGpsTGFYR01EbWlMUUthVGJpRVIzTzR5MFlhVkREbWpiVkthTkdOSTN1c2M4aW8?oc=5
d7185278c132d8ddf80ae46a8ce8bab8,2023-05-24,Surya.co.id,"Kiai Aziz Jadi Ketua Terlama MUI Lamongan, Kaji Yes Ajak Membangun Ekosistem Industri Halal - Surya.co.id",Industri,C - Industri Pengolahan,"Kiai Aziz Jadi Ketua Terlama MUI Lamongan, Kaji Yes Ajak Membangun Ekosistem Industri Halal Surya.co.id",https://news.google.com/rss/articles/CBMizgFBVV95cUxPNldGaDZKWUJCdVpiMlhBNE10d2lxR0ZZcjF1RU9JdFdzeGt0emFmckxDSkZQTFk1b1ZpSUcwOUJyRE1PS2xfS3JiUU5naUNieExNRXFRNU9ORmtFcWlOVjdNTWtOeEI1V093QnlrWFVlNzBIVW5WTVhMcUtOdjZ2THB4cERYYm9OeXQ5bFVIWWRMS2lfQmQ2bkhZa3FtU0dYYUhJV3l4dmoyU0R1MzB2YS1ZQklUZXZJeml2MmdtN1RWakZzWVVYZDh4TkdKUQ?oc=5
05654a39bacbf694a19c88060c1162f0,2023-05-24,surabaya.tribunnews.com,"Kiai Aziz Jadi Ketua Terlama MUI Lamongan, Kaji Yes Ajak Membangun Ekosistem Industri Halal - surabaya.tribunnews.com",Industri,C - Industri Pengolahan,"Kiai Aziz Jadi Ketua Terlama MUI Lamongan, Kaji Yes Ajak Membangun Ekosistem Industri Halal surabaya.tribunnews.com",https://news.google.com/rss/articles/CBMizgFBVV95cUxPNldGaDZKWUJCdVpiMlhBNE10d2lxR0ZZcjF1RU9JdFdzeGt0emFmckxDSkZQTFk1b1ZpSUcwOUJyRE1PS2xfS3JiUU5naUNieExNRXFRNU9ORmtFcWlOVjdNTWtOeEI1V093QnlrWFVlNzBIVW5WTVhMcUtOdjZ2THB4cERYYm9OeXQ5bFVIWWRMS2lfQmQ2bkhZa3FtU0dYYUhJV3l4dmoyU0R1MzB2YS1ZQklUZXZJeml2MmdtN1RWakZzWVVYZDh4TkdKUQ?oc=5
3b6be959989d304dc401e281dc7f223b,2023-03-22,beritajatim.com,Guru Ngaji Hingga Rohaniawan di Lamongan Terima Insentif - beritajatim.com,Ekonomi Umum,P - Jasa Pendidikan,Guru Ngaji Hingga Rohaniawan di Lamongan Terima Insentif beritajatim.com,https://news.google.com/rss/articles/CBMihwFBVV95cUxPWlV4WFRnV2Fua0Q5bEtuT3MwNXdyZ2NrcWd6Q3lBRmR4RlFOZjZ6VTBqNE53cVM0eEhFVGVlZTJqMllBVGJJX2VfSTRaQWM5QVdGVTd0YkxVNTEzTnhaaHo3aUhtaExEcmJFSDdEdWxibG1yeHBFOEg3cFRfQ3JrNTdhTUdKNWM?oc=5
fc7989660ffb9518d6afea5ca27abe8c,2023-02-10,detikcom,Melihat Kampung Jekikrek di Lamongan yang Eksis Produksi Mainan Tradisional - detikcom,Industri,C - Industri Pengolahan,Melihat Kampung Jekikrek di Lamongan yang Eksis Produksi Mainan Tradisional detikcom,https://news.google.com/rss/articles/CBMivAFBVV95cUxQUFJTVE8xUlI1eVdxMWNMZEFORnBGLVdveWIxb3NVTE8zem5sMmVuVXdYT1hEaS0wd0dTRHJoc2JCQzhEeTNzMzA0b0VXeGlfcDRiTUM2REdxakJXSzZoeWUycmM0V1ZsZlB0djBYUlBoUENVOUM2MVo4bDdQUmRPdXpoNG5iU2F3MnFfZjluZGtNTmM5ekVEazZ4S25RUkRTbDBSMXgxUlFzQk1YaUcxZXJ1ZTlrZm9scVpGQ9IBwgFBVV95cUxPeFpnV0d4eFQyMEM2aGlRcWVKQnBDNFV1NUhJNjJtVkY3cFRkOUJYNXYzMWZhVGtJWU5MLW55cjJKbHYydGFNeHZaeEhxNmRqVkZBZXY5UXV6M1FUaV9YMmRNMDVCSFFEMzNONEFYZU13Qk9wUnFMNnVZMGVKVE1HQ1I5U2Rlb2lhelk0QjlHdFlFa0RpRkFod2UwQnRzeEpjcDJfVll4YzZpblRKMUxudlVySnRrd2FJZEtBeDJZLWxkZw?oc=5
437c12f0a3d81a581c0cf5ffa7d7c91a,2023-02-04,beritajatim.com,"Monitor Harga dan Pasokan Bahan Pokok, Pemkab Lamongan Gelar Operasi Pasar - beritajatim.com",Harga dan Inflasi,G - Perdagangan Besar dan Eceran; Reparasi Mobil dan Sepeda Motor,"Monitor Harga dan Pasokan Bahan Pokok, Pemkab Lamongan Gelar Operasi Pasar beritajatim.com",https://news.google.com/rss/articles/CBMingFBVV95cUxOXzZHRmxBYjZaQnNHS0x2ZGVybFhxSU9VMkhJS0ZXU1FPTTZZdHk1T3NKYWZOVkMxYUlmNXVLS0dyb0RfODlZWHlwcFk0V1NOV2hiQVBrWnRERUEtd3RWQTgtWkxLOFRTQVhlLVJUYzl2YlVXeTEtb044WlJZSmJ4LUVlT1FwZXdzYjZOTmMwajY3ZEdyZV9zam1Fb0F1dw?oc=5
4b52478ba2c558140b1e5fde6bba0108,2023-01-26,Kompas.com,Lamongan Ekspor Perdana Produk UMKM dari Camilan hingga Alas Kaki pada 2023 - Kompas.com,UMKM,Belum Teridentifikasi,Lamongan Ekspor Perdana Produk UMKM dari Camilan hingga Alas Kaki pada 2023 Kompas.com,https://news.google.com/rss/articles/CBMi0AFBVV95cUxOUVZwMGI3Ymh3WmlnVHBWWDViNHJKcUd5YkMtVS1KVXpQRHZSNEdXRXNRNVNJQ0JHdlZRQ3NiWHRaUXc2S0c4V0pITTFTMElMSjRVc1E3Q2RXdDVxUUhXeWx0N19QSEdHR0FmTW9tZFltUTJQR3hUYUNyQkdnNWdFVkt0Y2JyNVZtRXlSbjhiMURIYWJYVnczQUktNVFjSTdpSllOZUwwa3NMeVdNSU9QMTQtandMNk1pd1RmRTBSeWdmUG9XWWdHbFcxRGJXUWtO?oc=5
893fec24ad1f077c859222bcb9d87bc0,2022-12-14,Surya.co.id,"Air Irigasi Hitam dan Busuk Akibat Rembesan TPA, Petani di Lamongan Terpaksa Bergantung Air Hujan - Surya.co.id",Pertanian,"A - Pertanian, Kehutanan, dan Perikanan","Air Irigasi Hitam dan Busuk Akibat Rembesan TPA, Petani di Lamongan Terpaksa Bergantung Air Hujan Surya.co.id",https://news.google.com/rss/articles/CBMi1gFBVV95cUxNaFRpR2lMX2RrUHFrc1g4Z1hYOUVZamZEQW1Na1B6YzhTeTNhVUFJb3JCOWF1d2xBUlQzVWRIQ0FHQnlMbmw3cmZrVzNtNUctOXFaV09lN0ppRldMRHpobnFuTHF5cDRwQzJYWTJNMzdhVkRlZWd1eklyUFh0OW55Nk9raUdtaEEzTkFxQ19TR3RlYnpSVkRvQ20yOVFXdWppblFyT1gxMmV4SFZGSjBCRE9xYjNHd0tEc1hEVlE5UEFJVmJSU05LSDhwSDQySktxRUJtNGd3?oc=5
cb5ddf11ab7977c5765a4ac2b6da0e2e,2022-12-14,surabaya.tribunnews.com,"Air Irigasi Hitam dan Busuk Akibat Rembesan TPA, Petani di Lamongan Terpaksa Bergantung Air Hujan - surabaya.tribunnews.com",Pertanian,"A - Pertanian, Kehutanan, dan Perikanan","Air Irigasi Hitam dan Busuk Akibat Rembesan TPA, Petani di Lamongan Terpaksa Bergantung Air Hujan surabaya.tribunnews.com",https://news.google.com/rss/articles/CBMi1gFBVV95cUxNaFRpR2lMX2RrUHFrc1g4Z1hYOUVZamZEQW1Na1B6YzhTeTNhVUFJb3JCOWF1d2xBUlQzVWRIQ0FHQnlMbmw3cmZrVzNtNUctOXFaV09lN0ppRldMRHpobnFuTHF5cDRwQzJYWTJNMzdhVkRlZWd1eklyUFh0OW55Nk9raUdtaEEzTkFxQ19TR3RlYnpSVkRvQ20yOVFXdWppblFyT1gxMmV4SFZGSjBCRE9xYjNHd0tEc1hEVlE5UEFJVmJSU05LSDhwSDQySktxRUJtNGd3?oc=5
3482720a5d86f00597e3926cce2ff083,2022-12-05,jatim.tribunnews.com,"Desa Plosowahyu Lamongan Kembangkan Wisata Melalui KM 48,8 Edukasi Peternakan Kambing Perah Unggul - jatim.tribunnews.com",Pariwisata,"A - Pertanian, Kehutanan, dan Perikanan","Desa Plosowahyu Lamongan Kembangkan Wisata Melalui KM 48,8 Edukasi Peternakan Kambing Perah Unggul jatim.tribunnews.com",https://news.google.com/rss/articles/CBMi0wFBVV95cUxOM05acm5JV1dRUjlhSkEtZlRNZHFjNWpnUUpUcnR2Z3ZhMExhVFI1UERXU3NSaFVfdnhnb2N1V0Fjdzh0MDZhUHdhZEV0b2lVZzhKVU1ac0syX01PZkpvbEtMeEdDSnpxNzFMQ19vbjkzclJ2amNCa0NjY0kxamlLSWd5d0QwWlNHOXhJSGRWM0NpTTliYzZHUEtfR3d4UzVvMnFhRng4NzJJSGpjMk9hTnpXRzBoZmFYc3RRT2c3VlpZcXkzZXpSMUlfZlJYdW5MeG5n?oc=5
65f6f078d271aa45bdbcf974688767a7,2022-11-23,beritajatim.com,Disparbud Lamongan Ajak Kaum Muda Jelajahi Museum dan Cagar Budaya - beritajatim.com,Ekonomi Umum,"R,S,T,U - Jasa Lainnya",Disparbud Lamongan Ajak Kaum Muda Jelajahi Museum dan Cagar Budaya beritajatim.com,https://news.google.com/rss/articles/CBMilAFBVV95cUxQTmNlUDAycXRDbVZaMnYzaUdaWGg3SExGaE9haE9TUllmbTlXanJ2VDFmRmwzUHhvV09Ncl9BeU9qX2hvT2JnX2pUS0hnQ2VtcjZ3bV8zYS1QWGJDdnRMRUJYS2ZNQkNSNmZhS0RwUlFUUmNiNy1qdUhoY0thdGhJMm1TbUR6WUFJRDRhd04xN25Ball5?oc=5
8296db56e3a8cc646d121dabbb9e2d20,2022-11-22,beritajatim.com,"Optimalkan Pengairan Bagi Pertanian, Komisi Irigasi Lamongan Dikukuhkan - beritajatim.com",Pertanian,"A - Pertanian, Kehutanan, dan Perikanan","Optimalkan Pengairan Bagi Pertanian, Komisi Irigasi Lamongan Dikukuhkan beritajatim.com",https://news.google.com/rss/articles/CBMimgFBVV95cUxOSF9EZkwyVjhPX2NrOEtqRERsRTJ1TEg4cVRGZXZRUTJ3X1hHUUtnSmtIUjRDeGR0Y201MDVIYm5HOTZqS1Blb042cWlWZzF0ajB4bjlDR1c2dWhmbkdGWW55YU1UcVRESVFlQjFyX2hUbDRyRDVMaVpCNUUzaDVGbmN0MXVfQWRTNFJIRU4tWnNyYmI3WGs2OUpR?oc=5
9e92015b71753917774936e278d76017,2022-10-18,Surya.co.id,"Berperan Meningkatkan Ekonomi Daerah, 200 Pelaku UMKM Lamongan Terima Permodalan Lewat KUR - Surya.co.id",UMKM,Belum Teridentifikasi,"Berperan Meningkatkan Ekonomi Daerah, 200 Pelaku UMKM Lamongan Terima Permodalan Lewat KUR Surya.co.id",https://news.google.com/rss/articles/CBMizAFBVV95cUxNTFhnaHNMRmlWcjJKU18ybmtsckVvdkV6YUFfeXFuNGR4NlpISXk4cDR0cVg5VDB2UUdqRFFjUHRtTWZjZEtHZVdLellxN1JKRm5PekcwUUtLRnZTU3BOdkNhZlZ1dUROdHNoN0JVMS1MdGtUbUZGd2dWbzRDaGVFOTgzSkptQXdQVFdCWUUzUlIzWnhNSDVTbE5LSUJZRnBLenFrTnlFRjNxYVhoTmV2eXRLQTE4cEVjYTdxRllYMmZSdXpNcGFvZ3hYbkw?oc=5
3278c35385dee87f9fab33dfe988eb10,2022-10-18,surabaya.tribunnews.com,"Berperan Meningkatkan Ekonomi Daerah, 200 Pelaku UMKM Lamongan Terima Permodalan Lewat KUR - surabaya.tribunnews.com",UMKM,Belum Teridentifikasi,"Berperan Meningkatkan Ekonomi Daerah, 200 Pelaku UMKM Lamongan Terima Permodalan Lewat KUR surabaya.tribunnews.com",https://news.google.com/rss/articles/CBMizAFBVV95cUxNTFhnaHNMRmlWcjJKU18ybmtsckVvdkV6YUFfeXFuNGR4NlpISXk4cDR0cVg5VDB2UUdqRFFjUHRtTWZjZEtHZVdLellxN1JKRm5PekcwUUtLRnZTU3BOdkNhZlZ1dUROdHNoN0JVMS1MdGtUbUZGd2dWbzRDaGVFOTgzSkptQXdQVFdCWUUzUlIzWnhNSDVTbE5LSUJZRnBLenFrTnlFRjNxYVhoTmV2eXRLQTE4cEVjYTdxRllYMmZSdXpNcGFvZ3hYbkw?oc=5
e1f811172f0439501cf8338bc4a82b78,2022-10-08,jatim.tribunnews.com,"Mulai Hari Minggu Besok Pasar Hewan Lamongan Dibuka, Diharapkan Dapat Tumbuhkan Perekonomian - jatim.tribunnews.com",Perdagangan,G - Perdagangan Besar dan Eceran; Reparasi Mobil dan Sepeda Motor,"Mulai Hari Minggu Besok Pasar Hewan Lamongan Dibuka, Diharapkan Dapat Tumbuhkan Perekonomian jatim.tribunnews.com",https://news.google.com/rss/articles/CBMiywFBVV95cUxORXVFYnhJTXk0SVdJcF9uenpwSExkeVExUFByZHRjQmVHUnljN2FHckRvdFd2X0ZuSVpES1dacTVUazBBVUw5bHp3WUlNQ2hiT3VDTW5RaWJoTXNMRllZLXM0ODVuZ2oxYzhhRWFQQ2N3UjJFTkRtM1ZmYms4bXlWMndCN1N2VHh5S0xIcm52b3Z6NFh4QnRWTGRULTJ0T2U2VS1LdV8zZzBieGJSeGhYTnFBTEhlcEpNdk5vc0tNdHlpeldZUE9VbnJscw?oc=5
453ff99fa493bd735bfd4cb35146f955,2022-08-31,klikjatim.com,Keragaman Budaya dan Sejarah Tersaji di Megilan Karnaval Lamongan - klikjatim.com,Ekonomi Umum,"R,S,T,U - Jasa Lainnya",Keragaman Budaya dan Sejarah Tersaji di Megilan Karnaval Lamongan klikjatim.com,https://news.google.com/rss/articles/CBMinwFBVV95cUxNMFR4ZmdYZ0xaVWYyN05XUFR6NHlmZ2h4X1YzSnotcjhXdy1BSS1fSHZKVEN1dFJtOXhNcTBtQkY2N3RQN282TGUzYXJKVExLUE0xbG93eXpTS0Z4bFotYll3WGRDVDRrN19QMUtoV3E3UzdWZUV4Q0tpaDZpQlV4cEF5cUhyMnZTcjhTR0M1ZGVkZk0yTXJqRXJHblBIMUHSAaQBQVVfeXFMT0YwYThCblMybFlqRFpEOVE0MHlSUUpONUZLT2p6TC0tUGl4elVyWDVrenZObVdxc1BDcTM0cWoyTGdSanNKSml4LXlWNEZfNzRfQ3U0NFBRY2UwVF9sb1lPNzkzamJTR25tSV9NeTBZZkt3MmJ5a2x3LVpxaWpoblM0dlNlWUJRTDdrUkVvQTNWNGZSZzBTSWZnSzFZZWp3Q2dVbXE?oc=5
74089d48b1092e302b1265bb29c6b823,2022-08-23,beritajatim.com,"Pakai PLTS, Petambak Lamongan Sukses Budidaya Udang Vanami Intensif - beritajatim.com",Perikanan,"A - Pertanian, Kehutanan, dan Perikanan","Pakai PLTS, Petambak Lamongan Sukses Budidaya Udang Vanami Intensif beritajatim.com",https://news.google.com/rss/articles/CBMilAFBVV95cUxPLWx0M3pfd2JvZWYtaWFKUXFtOThPQ0hMVjZSVjJFT0hDTkI4ZzBnWVI4djRHYVhNODVnWVFDNUc2WV9wUE5mamx6bmlsdzAzSlhwX0FTa1Fxb1BhM2NLVmpPYlNLU19MRThEX3A5Mkd4V1hmUU9kcFFKZnlVNzNrTlhuWkpNNVp3YWE2bHdIS29tVFBM?oc=5
01c771f63d0972285f3e902d77886e35,2022-08-21,klikjatim.com,Kemeriahan Lomba Gerak Jalan Semarakkan Agustusan di Lamongan - klikjatim.com,Infrastruktur,F - Konstruksi,Kemeriahan Lomba Gerak Jalan Semarakkan Agustusan di Lamongan klikjatim.com,https://news.google.com/rss/articles/CBMimgFBVV95cUxNRTdkZUQzUlAwNk5vRTlPOXZKRlcyV09lWHBzNkdGYUc1eEladmRGQ2hJU19RM29qanpMTndvUThlUFBoN21adzBrRXh4NlI0ZUNDNFF6ZWt1bFd5ajB2aWk2SjZwUHJpSWlySmdlYjNETkRtXzN5V3lPMGszRmtJR3NuTFowUmRDaVZjSVFlVk9XQXA5Y2dXWWx30gGfAUFVX3lxTE9oUFNUWjU2M0poQi12ejMtSXVnLThYV3NWNHRpMXdNVENOVktkNDZnaGVqanI3LU1MTFNMeUVvZ2ltaW5rQ3dMNklfcFU2MlJCVGtnVDVLblVrOEFMVDdqUjc4WkxZVVk2U1daeVdxdUNGU3dZVlc0R0V0MEhkWHZSQUU2TlBRRWQtVzhQTXNwZzFFdldaU1NwV1ZhWDh2UQ?oc=5
865b2fee32f725c2c921abef0cc5c070,2022-07-28,beritajatim.com,"Jumlah Koperasi Aktif di Lamongan Meningkat, Bupati Yuhronur Raih Penghargaan - beritajatim.com",Ekonomi Umum,"O - Administrasi Pemerintahan, Pertahanan dan Jaminan Sosial Wajib","Jumlah Koperasi Aktif di Lamongan Meningkat, Bupati Yuhronur Raih Penghargaan beritajatim.com",https://news.google.com/rss/articles/CBMiogFBVV95cUxNRFZhVWFRc0VaNlRta053NXRVVC00OVI0RW1IN05qRzVrNnNWZWFNckJfbW42WlVlRWdWUWlFN0FuTHk5ckZJMGY2eTFOMTBkaUFPVDNQRktwdFI1WkpqTXRtUGtyS2xtcTBYNUJPSjdaVzEyN2lkN0ZYNUJuZml5S285T0E5Vk5jWkZESFctaEZ2bnBRZ296dGw4Q09lZ3Q3VGc?oc=5
7c95fe4bca0d06335d465c345b3b9840,2022-07-23,jatim.tribunnews.com,"Detik-detik Tabrakan Karambol 3 Truk di Lamongan, Seorang Sopir Tergencet Kabin, Diduga Rem Blong - jatim.tribunnews.com",Ekonomi Umum,H - Transportasi dan Pergudangan,"Detik-detik Tabrakan Karambol 3 Truk di Lamongan, Seorang Sopir Tergencet Kabin, Diduga Rem Blong jatim.tribunnews.com",https://news.google.com/rss/articles/CBMizwFBVV95cUxQeGhzSEdjVjJTSFBCRzNwMldMeUg3NUVLeThPRlRIV3BXNkRMOEUxUzhwczJmWDRkYmhhZnZXSGptYlBVeUJRaHpmLVZweWRDMThDN0Y4ekxzZG1KZ1lpbVBXY0NXWGY5b1VKX203RWFFOWZab2NvOGZJQ2lsUXROR2ViM25CaFpMbGRkRkpVN0pzSXphZFdXbUN5dXYtal9sUFNocTlNcm16ZkhWMHkyMUdKdnF5WkoyTExJMVpnNnFYelFVN3praXBzUzdfVW8?oc=5
768755eb0c2a5137466bc77340195371,2022-07-22,beritajatim.com,"Peran Ibu-Ibu Nelayan, Penyangga Utama Perekonomian Masyarakat Pesisir Lamongan - beritajatim.com",Perikanan,"A - Pertanian, Kehutanan, dan Perikanan","Peran Ibu-Ibu Nelayan, Penyangga Utama Perekonomian Masyarakat Pesisir Lamongan beritajatim.com",https://news.google.com/rss/articles/CBMipAFBVV95cUxPOWFFTVhIOUR2YVROblphbVdyc1VtanF3OFFGXzdPdHg2UV9FQXhWM2MxNTZtTTBudVFHZGswekNhaS04MFNsNm5mT0pxUFpsTXNIanMtWTBvVkhJUXBhd29SM2dLZ09ONWhlUjhSWVRKQkpmamFnckx0bWVSUVZBTXo5cVpTMDEteG0zOFhOQTFTY1NISUhBUGE3eU9uXzVNUVJGNA?oc=5
028ef5688c703a99cf022f6ae5bbbb0a,2022-07-14,Tribun Travel,Jadwal Kereta Api di Stasiun Babat Tujuan Pasar Senen Periode 25 Juli 2022 - Tribun Travel,Perdagangan,G - Perdagangan Besar dan Eceran; Reparasi Mobil dan Sepeda Motor,Jadwal Kereta Api di Stasiun Babat Tujuan Pasar Senen Periode 25 Juli 2022 Tribun Travel,https://news.google.com/rss/articles/CBMitgFBVV95cUxNWGt0NUJJaHUxOVVWSWZMd1RnVlJYLUUzQ0pKU0QwUi1XenF2U3BPLVJCWlZvbHI0UnRXLUdjbTV5QUpyMDRtdzI4MGpCMVFVekVsVDBRb3lzUkJXdHBXZDFvRUJmaFZ2bFdnM2tCejFHWHl2S3NTY1FQbG95bXBCNUFQMWZYWGgtNUdUMlRWWmJWMEJRVlY5aDdBblhrZUZJdVNqdkhndjZ2a0FQd1JCU3AxSWtWdw?oc=5
530b3c47e4de4ae0968fa69c2d95a286,2022-07-11,Kompas.com,Jadwal dan Harga Tiket KA Lokal Surabaya-Lamongan PP - Kompas.com,Harga dan Inflasi,G - Perdagangan Besar dan Eceran; Reparasi Mobil dan Sepeda Motor,Jadwal dan Harga Tiket KA Lokal Surabaya-Lamongan PP Kompas.com,https://news.google.com/rss/articles/CBMiqgFBVV95cUxNTElVWGZTcWdadmNsaFpiakdRRk1LMTMwVmpmUHFWbDNKQ1JLaEl6RzFZNG9VZ0VqYmVLSUg1bXdVaUg2dEJsOFcxMWtNWm1yV1VfNE9YZm9oNFUta3ZNZTVvdzBJT2RaQXJfT2VnMkpkd2d0dEwzdENoZkZRYnNRbFhSNl9IRE9OMXNrOWlvU3o0NWlvNmdBckpwRzNMQ1AxYzBDN0NzM2V6UQ?oc=5
8f53fb46f06cc779ec416e790b960ebe,2022-07-11,regional.kompas.com,Jadwal dan Harga Tiket KA Lokal Surabaya-Lamongan PP - regional.kompas.com,Harga dan Inflasi,G - Perdagangan Besar dan Eceran; Reparasi Mobil dan Sepeda Motor,Jadwal dan Harga Tiket KA Lokal Surabaya-Lamongan PP regional.kompas.com,https://news.google.com/rss/articles/CBMiqgFBVV95cUxNTElVWGZTcWdadmNsaFpiakdRRk1LMTMwVmpmUHFWbDNKQ1JLaEl6RzFZNG9VZ0VqYmVLSUg1bXdVaUg2dEJsOFcxMWtNWm1yV1VfNE9YZm9oNFUta3ZNZTVvdzBJT2RaQXJfT2VnMkpkd2d0dEwzdENoZkZRYnNRbFhSNl9IRE9OMXNrOWlvU3o0NWlvNmdBckpwRzNMQ1AxYzBDN0NzM2V6UQ?oc=5
c4db9b6bd99cc29f59eaa769cb19f09c,2022-06-19,beritajatim.com,"Bisnis Rajungan Lamongan Kolaps, Efek Anjloknya Harga dan Lesunya Pasar Internasional - beritajatim.com",Harga dan Inflasi,G - Perdagangan Besar dan Eceran; Reparasi Mobil dan Sepeda Motor,"Bisnis Rajungan Lamongan Kolaps, Efek Anjloknya Harga dan Lesunya Pasar Internasional beritajatim.com",https://news.google.com/rss/articles/CBMirAFBVV95cUxQZEdpWVUyWi1ZdG9Kb1d4a19EY2N3NzBvTkQ5MWFfdkltbUZfUmlwS3R2Q3B4Y1JQdjVkQ2VRQnVmMVcyck9IMGZOd3hEcFA3bTNaSFZXMjUycE5nZ1hzZnRLc1djeExIbWtaM3pzQ3JzV3pyeWM5TjFZREVQTGRMeDkzT3VlcjJxQ1JHeE9yM2Q1MGtQakJjSnFWcWZRR3RlNkVET0VYZFA0VGhL?oc=5
07ee5654bdd96a302fdfafe4475a427f,2022-06-08,beritajatim.com,"Lomba Masak Serba Ikan Lamongan, 82 Peserta Adu Kemampuan - beritajatim.com",Perikanan,"A - Pertanian, Kehutanan, dan Perikanan","Lomba Masak Serba Ikan Lamongan, 82 Peserta Adu Kemampuan beritajatim.com",https://news.google.com/rss/articles/CBMihwFBVV95cUxQQUJtMEhrSlJiRDV1cHMwVVZqZjRBQ0hDcTBTZ3hHRUNMUGdwa0pfaHJIeDZtdlpuWmQ5VUVpZ3VNalBlbExORWRzcjBkS1c1RGRpRUQ2Tk5mY3VseEk3R1VvZVFaVHZGNGJrTnlrZ3pVWG9jTHAtWDNZc0dDYkdJaU56cU1nZzQ?oc=5
915fd8256419ff5b5eabc45bcba6df89,2022-06-05,detikcom,Wagub Emil Sebut Lamongan Berpotensi Jadi Kawasan Industri Baru Jatim - detikcom,Industri,C - Industri Pengolahan,Wagub Emil Sebut Lamongan Berpotensi Jadi Kawasan Industri Baru Jatim detikcom,https://news.google.com/rss/articles/CBMitAFBVV95cUxPN3otcEpKWGQ4X1dncHJieEUzOXFKT0d2RzlXRERTUjFPSGlGV0o3LXAxNjV5WlJta18yRFVoZnB2MVJ6YWcwakxkQk5wQkdvc2UtdnpQWVFzMGFubW9kUXdvcTMtcmY0NmhkUWtGNUI1Y0VPTzJBR0FBSWVfZFhpaF8xQzE1bWExYkhsbkQtaTlvRVM1TEFLbzJwNmRFQjFXZHVuMjkzZTNudmdLa0d0SzctY0XSAboBQVVfeXFMUEc0TWRwMzdUZVZkVHdLRndOUFJXbUpkcm9nckc0WHI4YXRHcm1EVmxNYkR3Ukpmd3dQWUpIc3c5MFNSdGhpUjZ0UVE5ODRmb2NmSThBYVRSYWlUSG1JeWEwTEhxTTFaLURUTm1rU3hvVUVGUVAzdEdqTnN4NmVIMUNjamdTUnllMWZvMHZPa0hjZlpGQU1XR21wUG54ZDZCSDVLYUlZN3lkOWhLYzVCZ2VrTkk1dkREQ2tn?oc=5
960e321abf424ceb9cb22d138ea08ef5,2022-06-03,detikcom,"Nelayan Lamongan Resah, Harga Rajungan Terjun Bebas Rp 35 Ribu Per Kg - detikcom",Harga dan Inflasi,"A - Pertanian, Kehutanan, dan Perikanan","Nelayan Lamongan Resah, Harga Rajungan Terjun Bebas Rp 35 Ribu Per Kg detikcom",https://news.google.com/rss/articles/CBMiswFBVV95cUxQSlhGemszTTlJS1ExS0Nka0pNUU9YYzI3V184SzRNWFROZ1BKRXJQbVpaRnNoVlp0aHRMLXMtalhKMUNiek5Qb0pobWJMREV6SWVYUjhjYUhYYzVDaFZMMnhpd3FoYzBRUVUtU0t1WFVXSElEaUhyUHo3cUdyS01iSmZtNHFQU1RTd2hCbHE0OU55TFdvM3ZlMHNNSWJkWGZqUWxWR3FkVVdqRTE2SXd4OFBFUdIBuAFBVV95cUxNaUpEOWVGLVBGNzBfeURPaElsWXRaUWJxckJlc1dhcXR4dExDV1ZxWG1IZlNsWmE1YTBvTkpReVBMS25ZQnRPX01zVHhGaGRmeC0tWENQcERXTVRfOTZxS0dyVkd0VEVTcUU1czB6Q3BNV0pfd21pemJvYmVnNDg4ajBWWmxZZTlqZTlCWVZ1TjBNTl93UnlYVExKMkRaOFNlVTNqVm9jaThWTnFnVUo1WGpzZ2d3cWxa?oc=5
e23bb1369d34b1aa7d98d40ffcf191f3,2022-05-22,detikcom,"Jalur Lingkar Utara Masuk Tahap DED, Pemkab Lamongan Siapkan Rp 50 Miliar - detikcom",Ekonomi Umum,"O - Administrasi Pemerintahan, Pertahanan dan Jaminan Sosial Wajib","Jalur Lingkar Utara Masuk Tahap DED, Pemkab Lamongan Siapkan Rp 50 Miliar detikcom",https://news.google.com/rss/articles/CBMiuAFBVV95cUxPY1VjTElpd08xcS1xSUQ4S3RHdW4wWUhTelhMekJ1UnpxeUlVdFpfbl9ydUdfWEw2SHBVMXc0YUpIV3NGS2NCLUk4M1g4YVhYRnhfeWU1N25JQWtpVTRwbk1jUTdzVUtlRmkzYkk2UEt4TzhWZ3Z4M3F1ZnZFUDVJZWJxa1VKQnpXNEdEUjJ1N2FoN001c01lOS1SZ2trWVYwdTVjT2NXVFRVcGdkcmxhdEJaZF9hVTAy0gG-AUFVX3lxTE1IeWdCRmJxT1F2Q2NSMXA2V0p1cGhYVzFwSnF4OXhPeVgyaFk4ZDJMOFNnS0tHVHk1UGNmWjdwSzdwTmFUcXVwc2VOdVlRcDJ1WlZ4cTUtTEJvM0FCblhOTklZS24wZGROV2dIRl8xZnIwTVItYUpjRU96R3NmRndCS052OVkyb2t6X21XZWs2N1NwN1VjRzBwWVNSLXdKTFliTEhHRm9kS3ZnTDVOZndOeDVTRkg0RXhxanVCZVE?oc=5
74c2fd13c8a0839d9fc0d51a73153322,2022-05-21,beritajatim.com,"Anggarkan Rp 50 Miliar, Jalan Lingkar Utara Lamongan Bakal Direalisasikan Tahun Ini - beritajatim.com",Infrastruktur,F - Konstruksi,"Anggarkan Rp 50 Miliar, Jalan Lingkar Utara Lamongan Bakal Direalisasikan Tahun Ini beritajatim.com",https://news.google.com/rss/articles/CBMiqgFBVV95cUxOSHFoOFRMS3EycW9oYXhKLVJYc2puYWZIODE3Tmp5TjdOZHJsN0RpaTNJS0lnaXJnMHBhd1o4NEVNeHVSLVBvb1p2SE5GNnBxazk3UlFXMVViV0FqdTRVWG04VHV2NWFtX1lkeGphTFE4V25aWlVIQ01LSFlrb29sTi12QjZZdVpyWnhhZC1XemMxalhld1ZRVlRiZ1o2eEhQeEhqOEFhNy0xdw?oc=5
ff403e14092da6a24e3b707c51ff4b2d,2022-05-19,TIMES Indonesia,"Harga Rajungan Terjun Bebas, Nelayan Lamongan Hanya Bisa Pegang Jidat - TIMES Indonesia",Harga dan Inflasi,"A - Pertanian, Kehutanan, dan Perikanan","Harga Rajungan Terjun Bebas, Nelayan Lamongan Hanya Bisa Pegang Jidat TIMES Indonesia",https://news.google.com/rss/articles/CBMisgFBVV95cUxOay1raHVuUmFOY3V2Rmt6Y2Q0QmNPU2dnaHF1VmJydzJLVi1ZMG5VQnlQTG9aVGZGc2QwY09wUlZDRHBBbTROTkRXak5tNXd3NUtZZHZER0h6Q0EzMGFveVZFN2h4RVF1Mk1NTE9rbG05MmNYSFhkTlotdUpuZV8xYVRZa0pMOXJJbEd2S2VDelc0ZGNfTU8wQnh4dFAyS2drbURxWF9mS1BQMGNrTE5uU2R3?oc=5
87b803dea533b4c9e552526b7c6e7486,2022-04-15,klikjatim.com,Seperti Inilah Makna Ramadan Bagi Bupati Lamongan - klikjatim.com,Ekonomi Umum,"O - Administrasi Pemerintahan, Pertahanan dan Jaminan Sosial Wajib",Seperti Inilah Makna Ramadan Bagi Bupati Lamongan klikjatim.com,https://news.google.com/rss/articles/CBMiigFBVV95cUxNNUktakk2Zms1ZjZDYzlLaWQtcUVFOEh4S243eVNETWFkamVyWDRHbk9kSjdFT016eVBoRk56VUZuRlZSMEZBbEpTeV8xOFZKUjFrdHhBZG5OZkZZdDJGbU0xUUlTOUxPNS0zNXJ6b3VlT0JhZkhuV0txRFhiWm9sN2Ztb013dS12Y0HSAY8BQVVfeXFMTnlTM3pKMFQycXpST3pvVzRzQjhTbmk5WDNpZHY5ZHhLNjNRYXA3dXhHT29sNHM5azFIVllueW5RQ0l4UFcwQjB6SENhY0hoSlhJTXQ1c09rdFJpMlNDeXZCdTFITnhmb2VlZHdKMHNNblhNdm5fR0ZMUFhqNTE1dFVfQnhhUGVxRzZGMDlZcDQ?oc=5
170ea1f8a8279c0eb6c8c026d1f7e6fd,2022-04-03,klikjatim.com,Yuk Ngabuburit di Atas Alun-alun Lamongan Naik Wahana Bianglala - klikjatim.com,Harga dan Inflasi,Belum Teridentifikasi,Yuk Ngabuburit di Atas Alun-alun Lamongan Naik Wahana Bianglala klikjatim.com,https://news.google.com/rss/articles/CBMinAFBVV95cUxNOG9UcmhqU2dPY0ZvX1M5by1MTjFVc09iYzR0LXg4LVJoVVV3ZlBkUWVzWGxMWTZRYVUyM2V1OGxMTmlLUUhpWXFsclZQQjhhaHIzVHhxSDJ1UmQ1cHl5M2tfVGowYWM3amJJLXloSGYtY3FMUG9NQnc3OXNtM0ZzRjBrQVlzdGswc0tMMFl2M1lHNGRILTNtQVl3ZkjSAaIBQVVfeXFMTnJRMVlzLV9wWVJJOWdUZlROTERLU3Fyd1pJRE0xdS1OdVRPMmlZdUZyVUFqTW1EZ1JuNW9BWGtNUk05cWhFMklMU09JV0ZKQms3SG1xeUNCUGJwQnRLT0tJbU9hV3VhX1VpUnNudWJTRzNPRkNPZXZDRnB0dGJmSU1WWmxCMW91OVhabVRid0NzWGdWQVd2bGNQYXJWQkZNZUh3?oc=5
bad7d205435284e463a26a05964ed590,2022-03-23,Kumparan.com,Tim Keuangan dan BMN Kanwil Kumham Jatim Lakukan Monev di Lapas Lamongan - kumparan.com - Kumparan.com,Keuangan,K - Jasa Keuangan dan Asuransi,Tim Keuangan dan BMN Kanwil Kumham Jatim Lakukan Monev di Lapas Lamongan - kumparan.com Kumparan.com,https://news.google.com/rss/articles/CBMivAFBVV95cUxOdWVEb09DYlJKRG5pY19XSlgwNmVpdWVnMHF4MEZBbWlLYzk0MmdrRDI1VXVwWV8wM0NKT1lLMC1qY3lLQllMMGd3a2xDbHI0NHhBVmVCQ1BRM3V5WXR2QnBSaVFDSzB0ZTUwNGJBWXk0SmdfeWxsaXVZRDFnWHIteEpxVGRkb1YzcXo5YnVITGRpQTNBaHRhaUpKY2t5QTNzblZuYzlkVTBGdmVVM0dQZFZtMFpGT2JFWFEyOdIBxAFBVV95cUxPT1RBXzhwaXlLdjZiZ3M4WkZzTlUtTFVGMTJIYnI2cnVvNTZBYXN1YlhUUjJqOHgzNW1LRVZJOGJDQjNyTk0yUzFyOGkwMG03MFNLdVRvR0lzanNNMlBHQnN5V1BwdklfbWgyMkRoMEdjTFVYSm5HWGlZWW8zODEtVnlJX0hHMUExS1JCRXdmdmVfcUtwWkFNNmFuV3pCUzh3Q2poWXR1TW5tX0pVeEphUHZnQ053T2FUak9ZbkM0c19XcXYt?oc=5
19a8752069fcf1fc1e352dea134e35f5,2022-03-09,Antara News jatim,Kecelakaan kereta api di Lamongan seret truk - Antara News jatim,Ekonomi Umum,H - Transportasi dan Pergudangan,Kecelakaan kereta api di Lamongan seret truk Antara News jatim,https://news.google.com/rss/articles/CBMikAFBVV95cUxNWE5UZlZ1OXk1QWxfRk9EX0Y3czdJOTFoNTRpNmZpblRaU2xpODc1cks5ZGRpWm9yQVNsRTZGNkMzUEhFS1lrR0tkS1ZIZEdLX1lReXk3ZlV3bjUwYmtzOExJbHdfemVzQTZHaUttall0SkNOVTVjemRIRlI2eGRIVWdVbVBNV2JrRnhrM1plc0HSAZYBQVVfeXFMTmVPa2tCNUlOYWpackExMTFleHhvdGJvYnk5QThBazJqeEpBaFV5bWcxRWRza0lHaWpnVExOMGJPZUJ2a004WXM2R3oyUmxJeHowT25oX2pfQ1ctNi1BMUpuMHRLYXJwQXhlREl6SEthZUtTcHhkemxUeWlvSU5oeHR3RUhjRFlyQ0dDNkl5SFcwaUZuU05R?oc=5
f746777d154ba5926192fc8000f49987,2022-03-09,detikcom,Tiga Orang Luka Akibat KA Ekonomi Tabrak 2 Truk di Lamongan - detikcom,Ekonomi Umum,H - Transportasi dan Pergudangan,Tiga Orang Luka Akibat KA Ekonomi Tabrak 2 Truk di Lamongan detikcom,https://news.google.com/rss/articles/CBMipwFBVV95cUxQdkFRVFp2aThYUEJpSngxQ2swcC03RmVfdlNFZkQ3bHhXeVgzT2VHbWo2czBiRXUzWmx5T3BOT25ZNi1TS084NFAzNld0emNqSXBXRUZCb3pUVUk4VkpramxMUVV1ZjAxbzFqbm5qZGVOd3VJcUkxdHFGczZ2RXlud0dqSlBZUnRHbzNxRnFMaXcxX3JHVktNRDBsajRBWVlISkNaQkVLMNIBrAFBVV95cUxOU1dRUmhhei15eG5UNVVrY3pYQkQxbU1RM19CMUNhaVdHNnhjcEZjZWFuRmNDS0NKZzRuQmliOEZ4SWhUZnFWLUd2VENVdWYwNzd3U044VnJpaVA2Qm51RHVPMUE1aFlwc3F2VEJFSHRHazdiSUItQU51cUVqbE1zbE1FMXJiLVRqNWxGbEV3MmxBZ21ubG1HV0dmcGFvRmUxLXF6UWk1RVREanNs?oc=5
bb0e68c9a391ee510e40f78760f2cc23,2022-03-09,detikcom,"2 Truk Tertabrak KA di Lamongan, Ada Dugaan Keterlambatan Tutup Palang Pintu - detikcom",Ekonomi Umum,H - Transportasi dan Pergudangan,"2 Truk Tertabrak KA di Lamongan, Ada Dugaan Keterlambatan Tutup Palang Pintu detikcom",https://news.google.com/rss/articles/CBMivAFBVV95cUxPd3lXN2xkSjllYnZDVTZLVDdseENDdE4yWnZGbEJGTkZRU29KZHhpQnBCTktvR1l1VUwxdEdzWElkZlVEengzVndBemtOMjdVUUwycENLSFh4UFdfb29WMkhrVEpsQ2dTWHQzcHMwMzZuMkhNY0ZvYXNGdEJKVE9ldzg1MlJMOGkxUm9CbWxPdHNGdGZyTURoZTRQdDZKREhrNkpCSlFoMndYelF2c3p6QWFEcVFsVldZNmRNdNIBwgFBVV95cUxPbG9vYmcwUlRtZldyWmpZbUpGU0J6LXpXbVVuS3lzSzh2WTExbUE1RFM4bGlDMS04OXhsX19SemJxNHoyVjliVWtpVDlYYnpoRDRudDRPUjB4RmgzRW9QQktQOGEzRUp1VXlMck5VTXlSaEhIN0tXcDhUMTlRNnhtZ2JYSDI2YUxXM1VxV21VRnpoQlc0c3FOTW5VU0tFeWszNUc0WThEUl9YdGtpc0Fhbm4zcVBHazRSSUZ0Y3ppaENCUQ?oc=5
78c59090eca17b16b823a794948aa267,2022-03-09,Tribunjogja.com,"Kronologi Kereta Api Tabrak Truk di Lamongan, Diduga Akibat Petugas Lalai Tutup Palang Perlintasan - Tribunjogja.com",Ekonomi Umum,H - Transportasi dan Pergudangan,"Kronologi Kereta Api Tabrak Truk di Lamongan, Diduga Akibat Petugas Lalai Tutup Palang Perlintasan Tribunjogja.com",https://news.google.com/rss/articles/CBMi3wFBVV95cUxOQmpQVi1FT0I1emt2S01tbzFRdVd4NTNLWUNTcUNmUG94QnlIM0lzb21ya2F6QXBDZDg2Z3ZYUDlkcnpxalJETVZEZi1DUEFIeGJ5ZjRPN2pLTy1HaE1ZNHhZM2wxZjFPR2hwTjhYdnZlMFhISFpPNGI4Yk03U05WaS1YcUFfUWdtZG5jN3drdk9vcERLcnlGV29fQ1k1QWRPM0pPWlN6UGp4bnYxYUwxSmJKQ0R0NGNIazc0eDB6Znowd2hFRGZEOXY3Qkg5Zy1YTXRvVTJScUpNRWpMRnBN?oc=5
7333582882ac55dbddac6f8344474fd4,2022-02-23,TIMES Indonesia,"Tak Punya Pilihan, Perajin Tempe di Lamongan Tetap Berproduksi Meski Kedelai Mahal - TIMES Indonesia",Harga dan Inflasi,Belum Teridentifikasi,"Tak Punya Pilihan, Perajin Tempe di Lamongan Tetap Berproduksi Meski Kedelai Mahal TIMES Indonesia",https://news.google.com/rss/articles/CBMiwwFBVV95cUxOX3VXSVRRVF84dnphQXpnTk9OU2k0SHlvbU9wZk05NllRMFBWcGM1MjZUTUVTRGlqdm1EdEloaXpIejg2b0FGMjBiTU1DX2Fydms3eDYyWi0xTlVMRlRleWhVZHZqazJZQVZHNlI2WkxEWWNLc3lQWFJkaldtaDVtQmlDbTRVS0QzbVZXOGk2TVJ1NkN4VHZTMEkyS0Z3aml3ZlM5RFhNYUFxR3R0SU5LUkhnT25DZnN4UnZsM1AzUHVnaUE?oc=5
1164be04bd8f5e8e6f5cac35ff26ba91,2022-02-15,TIMES Indonesia,Produksi Ikan di Lamongan Tahun 2021 Tak Meleset dari Target - TIMES Indonesia,Perikanan,"A - Pertanian, Kehutanan, dan Perikanan",Produksi Ikan di Lamongan Tahun 2021 Tak Meleset dari Target TIMES Indonesia,https://news.google.com/rss/articles/CBMipwFBVV95cUxQX0JfZXpOLVY5S0ZuNEdadkR5MVlsNzA5dU9yemdSanF2cGFqa0p6SmZEQThXNzE0N081SDdZZFEyVC1MWExWaU1FWC00bF9LYVhiRENLa2NPNXVJWEREUFNMRXZUeGVxbTBVNU0xRF9NUUFfRGxzeG41ZVJ6M29DdGhoZUlCNGZDN1liMEttR0hOdmVSNmxrYm90dWpZa29vRXM3TURsdw?oc=5
fa24c21a69e4bf70533437e37f8ce341,2022-02-02,TIMES Indonesia,"Ribuan Petani Tambak Lamongan Turun Jalan, Minta Tetap Dapat Alokasi Pupuk Bersubsidi - TIMES Indonesia",Pertanian,"A - Pertanian, Kehutanan, dan Perikanan","Ribuan Petani Tambak Lamongan Turun Jalan, Minta Tetap Dapat Alokasi Pupuk Bersubsidi TIMES Indonesia",https://news.google.com/rss/articles/CBMixwFBVV95cUxOZVA1ZU90VzBtZWxfeVFXb1FJdmN5M1F2WEhCWHBwR0ZzbWNqeVBENVNVZVdzY1RGVi1BYVkzd1BmaVlGNWlBNVJiVHhadDV3N282OEpMV0t4VWdzM2RHeDcwOXlQY29wTmYwWEN0OEtYblpUMzQ5Si02RTVZbVJySHNlYUVicER2aXJTM1hwVWRzQ0NTbFFvSnlkaEZRZUd1OW1XZ0FPcWFZVWdiSW9Zcm5keDQ0Q3FJN3Zld1EweG1teUFlZldj?oc=5
929bea0303ce2f90a44a87beb290426d,2022-01-21,TIMES Indonesia,Pedagang Pasar Tradisional Lamongan Resah Akibat Harga Minyak Goreng Turun Rp14 Ribu - TIMES Indonesia,Harga dan Inflasi,G - Perdagangan Besar dan Eceran; Reparasi Mobil dan Sepeda Motor,Pedagang Pasar Tradisional Lamongan Resah Akibat Harga Minyak Goreng Turun Rp14 Ribu TIMES Indonesia,https://news.google.com/rss/articles/CBMixwFBVV95cUxOOVhqeXVaTmlZTjB0TUxWX2FkV2FpMG9KTXhLYS11T0VPcHhVTURycUFLTVFmYXlpeHVXRV9KS2szclRsVWs3VHNzNE1ScGdPUDVRdGY4djU4YW9jaWY2TVFNY1gyYmx4Ukp3ZFJrQ1lPN1IxdkdYcXhhSVpwaGJHVElPX3NhN2tFMTFHVjJsc0JCck5tRExKczJDUHZkSE1Hc1NuZ1hpZC1pSjlOaGUxME9sU2QzbWtmSVZHZDNXdDZiRlRQWExn?oc=5
191c8740492b9ea7946c8ba29fbf9daf,2022-01-17,detikcom,Kuliner Ndeso di Pinggir Bengawan Solo Bangkitkan Ekonomi Warga Lamongan - detikcom,Pariwisata,I - Penyediaan Akomodasi dan Makan Minum,Kuliner Ndeso di Pinggir Bengawan Solo Bangkitkan Ekonomi Warga Lamongan detikcom,https://news.google.com/rss/articles/CBMiugFBVV95cUxQdV9ONEt3N3pYQjAyNlJxWmVJdVBhMld4UXdmbURJRWU0WXU2d2t5SGd6YXZjQUphTU9mY20ybHpoVGdENE03X3BGRmRGZXZLUUwyY2xpakxlWHgwbEt5NjdNNzFhYmItZnJJRV96NXMzUFpIZEJpUVh4OU13eFJRaDF1WlZzQXhTY2V0MVNCM3c1MHBuVHZuaHR4a2F1dEp1cmY4eFBBV3FINzNCSWJSRFNubTdXV2lUeVHSAb8BQVVfeXFMTmtXRTZUZW9abEJwWmVwV210TGg2WlBpdkRiUmQxb2JNOGpUSUcxU1RScUhMVWZRallwWUlkVmJ4QXFKT2Fub21Lbm1OZzJBQUF4VDBKanRQaTlFendfUnlJWk5weExzTEF0bUpNVHIzbHRZaXZDWlAxYl9XTkFJSlVDX3hRZUNUUmVCOFM2WDBmNDRQWk9EN0prS2hjektOZ1BIaFg0dXJSbUowTUVBQkVobUxSREZZcjhreGxBQlE?oc=5
a9ae3c2b253228175ddad6befa988421,2022-01-15,detikNews,Polisi Lamongan Turun ke Sawah Berbagi Nasi-Masker ke Petani - detikNews,Harga dan Inflasi,"A - Pertanian, Kehutanan, dan Perikanan",Polisi Lamongan Turun ke Sawah Berbagi Nasi-Masker ke Petani detikNews,https://news.google.com/rss/articles/CBMisAFBVV95cUxNMTBiblo5WEtXVFdxYzZIRGhXb0xWQXc2VlpWV0tDRzNhRHZ3c3p5R2lSbzdfczdoMktORXVYRUxPR1daUXBsYUZHT2lsbmpiVU5JT3hIQ2R3QnVBYzVBMTdBb0tUZGhIeFJMVUR4QjkzUktTeGl1eW1rSWZ2WkcyTEwtdW42ZW96X1BoNHJFd05USDQxNG5ZTWZqVVFVOGRCeVlaMVp5MFNhN055QzE5TNIBtgFBVV95cUxQemp5V3NsdVNRekN1MmRQWkNoRDI3MXVzY3FaWmtTS0xPb3RUdk51OEpMWlNvQjhHeFhzTVpZOUVZN0NVLUVhRkNpeE5fUGMxZ2d4ak9oenRxUENXTjhaY0N1VHNfTHdYTFlGWGZ6cm84dkNndzN1d3BsdWFTN19SRkM1UWJ3WklsVDR1dFlxN3ctejROakJYaTRhYW5PTmZjNUhON2NEMGdxUkRNY2RZMlpjTE83QQ?oc=5
57f5f06bd90432edc7d096341f23c93b,2022-01-15,news.detik.com,Polisi Lamongan Turun ke Sawah Berbagi Nasi-Masker ke Petani - news.detik.com,Harga dan Inflasi,"A - Pertanian, Kehutanan, dan Perikanan",Polisi Lamongan Turun ke Sawah Berbagi Nasi-Masker ke Petani news.detik.com,https://news.google.com/rss/articles/CBMisAFBVV95cUxNMTBiblo5WEtXVFdxYzZIRGhXb0xWQXc2VlpWV0tDRzNhRHZ3c3p5R2lSbzdfczdoMktORXVYRUxPR1daUXBsYUZHT2lsbmpiVU5JT3hIQ2R3QnVBYzVBMTdBb0tUZGhIeFJMVUR4QjkzUktTeGl1eW1rSWZ2WkcyTEwtdW42ZW96X1BoNHJFd05USDQxNG5ZTWZqVVFVOGRCeVlaMVp5MFNhN055QzE5TNIBtgFBVV95cUxQemp5V3NsdVNRekN1MmRQWkNoRDI3MXVzY3FaWmtTS0xPb3RUdk51OEpMWlNvQjhHeFhzTVpZOUVZN0NVLUVhRkNpeE5fUGMxZ2d4ak9oenRxUENXTjhaY0N1VHNfTHdYTFlGWGZ6cm84dkNndzN1d3BsdWFTN19SRkM1UWJ3WklsVDR1dFlxN3ctejROakJYaTRhYW5PTmZjNUhON2NEMGdxUkRNY2RZMlpjTE83QQ?oc=5
5bc55d20d882091b13fc6bd9ccb6c547,2022-01-11,TIMES Indonesia,Siswa dari Dua Sekolah Terima Apresisasi dari Kejari Lamongan - TIMES Indonesia,Ekonomi Umum,P - Jasa Pendidikan,Siswa dari Dua Sekolah Terima Apresisasi dari Kejari Lamongan TIMES Indonesia,https://news.google.com/rss/articles/CBMirAFBVV95cUxOQjZGeHFGaHFOSUZSQlRja1UwUVFJb1BTZWVnTkVRejU5NG9Odjdvdl9TeGFxY2hQT2VNbGc5b04ySXVScVc2ZnZyUXMyeV9VQ1NoRVV4c2txUk5id1FjZ0w4b1NjOGh0UTdseDhjZHZVRmtpX0VUbWJBTGZRZ2REX3Q1WHdvOEpJTklpUzVoZDhXd011NFRlRWJ5NjB4aFdfZ09yTnpSeDZlYzNf?oc=5
3aed594671191d37adeafb072957f2f5,2021-12-31,beritajatim.com,"Ganti Tahun, Lampu Seputar Alun-Alun Lamongan Dipadamkan dan Ruas Jalan Ditutup - beritajatim.com",Infrastruktur,F - Konstruksi,"Ganti Tahun, Lampu Seputar Alun-Alun Lamongan Dipadamkan dan Ruas Jalan Ditutup beritajatim.com",https://news.google.com/rss/articles/CBMipAFBVV95cUxPOVBKSW4zVTJNSm9GMXBNTjBPLWdfdHFBZlQ2MzRqY0ZSTWcxcG4ySEpXUFJpcnE4cUVkdFQxN2tET2pIZ2JSaWdqemh2MU1INERQZUR5X2JzWnc4eFVzNTlGa0dGSGlTempnX2cxalpCV1VmVjY4eXVJN3JpY2ZpWnQxdXlDTkUyaEFrMWRnMWJDYUlQNkJjOHlBOUcxNFhfVHd5Yg?oc=5
015097a8008aaccf586629bafea43b19,2021-12-28,beritajatim.com,"Selamatkan Dana Eks PNPM Rp 96 Miliar, Dinas PMD Lamongan Optimalkan Pembentukan BUMDesa Bersama - beritajatim.com",Ekonomi Umum,"O - Administrasi Pemerintahan, Pertahanan dan Jaminan Sosial Wajib","Selamatkan Dana Eks PNPM Rp 96 Miliar, Dinas PMD Lamongan Optimalkan Pembentukan BUMDesa Bersama beritajatim.com",https://news.google.com/rss/articles/CBMiuwFBVV95cUxNS1BFcmhGYXBPOVRUdk1ZaktPaE0tbC1pWmk2TzhodThvbTJYLTFVVDRscjNZbXRNSzFJc1ZEQUZhTHVRR2dCTFhEbTZINUhHcmE5c25nVHdaTlE2REFsbUY0MTlNa0w0M2pZQy1nWVR1bEhya3hZMlNmTGlSVUdXMnY0MmFVQ252akhKaDAyUmRKMlI3Wnl3TVZ1ZTlwaGdrOC1xdF9BZXZfa2VmaVUwcmp3OUZ6djRwY3Zn?oc=5
c12dd62187c41b947ad276470c25cdfe,2021-12-23,TIMES Indonesia,Bupati Lamongan Realisasikan Program Jamula - TIMES Indonesia,Ekonomi Umum,"O - Administrasi Pemerintahan, Pertahanan dan Jaminan Sosial Wajib",Bupati Lamongan Realisasikan Program Jamula TIMES Indonesia,https://news.google.com/rss/articles/CBMikAFBVV95cUxQQ2psWnRuZjc4aXotSy1PRlRTbWhmWW5jVHhKczk5LVRNdElnb0NMd0N2dGNYNGx6LXpDdG9Na3IxbGEzSUVuZ0tMWFZyNmFNby01cWtlVmZrWmdFWkNvdmFtQkRIWml4TTVBajFoTDB5ZHVsMm00Q1VWR1lZbkJNcnRlU2Z1WFd1R1pTS0Rkb1Y?oc=5
3d3a398fc21a72bca35bca29565041a0,2021-12-09,TIMES Indonesia,HKTI Lamongan Diharapkan Bisa Bersinergi dengan Pemkab - TIMES Indonesia,Ekonomi Umum,"O - Administrasi Pemerintahan, Pertahanan dan Jaminan Sosial Wajib",HKTI Lamongan Diharapkan Bisa Bersinergi dengan Pemkab TIMES Indonesia,https://news.google.com/rss/articles/CBMiqwFBVV95cUxPanJxNVJ1alR3Q1doMUp5Y3VvekpKYXV0dERrZGNDRUxpSnUydGU4MUMtZDJNTVA5a1Y0R1hBeDFIeEFzZ1lyUXhZbnU5VHg5Wl9HTjJfTGFIVDVtNDBGd2J6SnFGeUlseWkwUHhFMDViNmNralo3NVo5SDZHSURkLUd3RjFhdlNnX3lxc01uMndkT1hZMUtXUEVLaUE5NkZhUFpmQzl5RGJvTlk?oc=5
01e2b38cf25f5948a33ad8bc16549cc4,2021-11-24,TIMES Indonesia,"Dari Limbah Pohon Siwalan, Palmyra Fiber dari Lamongan Diminati Jepang - TIMES Indonesia",Ekonomi Umum,"E - Pengadaan Air, Pengelolaan Sampah, Limbah dan Daur Ulang","Dari Limbah Pohon Siwalan, Palmyra Fiber dari Lamongan Diminati Jepang TIMES Indonesia",https://news.google.com/rss/articles/CBMiswFBVV95cUxPT3NQcFpFT2ZTOXVQcTdWZF93TFNJdFh1N2VXaFBoQnlaVm5tZEwxTlhyTDc5N2hqenRVdERXTWZaSEFRSmxrenE3b1J1Y2d6VTZCd0tPd0F2dk5UM0JLbloxNkRFbng1Q1ZFRWpqLWJEX0VLSnZUb05YdFFNUWRLTmNqZEFUcE5hYlQ5ejZXRTc1bFBRNDY2bzVZdlUtcjNidVFEd0hIUFljQlgwWTlqRTBtTQ?oc=5
ed4d9a8dc4a91756b10eeec32973c843,2021-11-24,TIMES Indonesia,Limbah Serat Kelapa Lamongan Terbang ke China - TIMES Indonesia,Ekonomi Umum,"E - Pengadaan Air, Pengelolaan Sampah, Limbah dan Daur Ulang",Limbah Serat Kelapa Lamongan Terbang ke China TIMES Indonesia,https://news.google.com/rss/articles/CBMikwFBVV95cUxOUV81dGk3WGpFNlh3aVluUlVJQ2U5TWlIUTNlQy1odzVxRUtXcWt1RS1rR2xkc3AxUW1aU1ZoYUpfUUk3WlQ0ZXkxZlYxWG9RWUVzTFVobnU1ampfQW1zM09peFNoby1uMlByZXp5LUJKN0RaSklJSWY0eVVzZC16VHhibWRmTjFQT1FWa3lOUXFOUms?oc=5
cdda91ca9eede9097e19c338d8e699d0,2021-11-08,TIMES Indonesia,SMK Nusantara Lamongan Beri Perhatian pada Siswa Kurang Mampu - TIMES Indonesia,Ekonomi Umum,P - Jasa Pendidikan,SMK Nusantara Lamongan Beri Perhatian pada Siswa Kurang Mampu TIMES Indonesia,https://news.google.com/rss/articles/CBMitgFBVV95cUxOR1NIdl9vd3FaTnN4UmtQVFg3eXdJU3Nwc3JpSGhveHZ2Q1VYVGxBZmZmbTNpak9QTjE5Xzl0OTVTWWZPTElqTW41Y0R2UjBmc0cxcGh5SWpKZWJKYnZYSjdqZ3hjeWxzZHkwcWFpVFA3UXp5dHY1R0VKM19nYUc2QzQxSkpGOEVJQ2VYNGYxaWJ3QnNYWlNMVGVZcjZEOVpsdnlVMmpLSzdfLXB2RUYyYk5FNUhUZw?oc=5
13a3e3f4e4d3e3b58e61c9e8903dca73,2021-11-06,beritajatim.com,"Tingkatkan Layanan Penyeberangan, Pelabuhan Pengumpan Paciran Tambah Fasilitas - beritajatim.com",Ekonomi Umum,H - Transportasi dan Pergudangan,"Tingkatkan Layanan Penyeberangan, Pelabuhan Pengumpan Paciran Tambah Fasilitas beritajatim.com",https://news.google.com/rss/articles/CBMiowFBVV95cUxPeFU3SFZLZklzRGRyMEY5N1NiWmxjOTNJTXVtbHNXNk45VS1xQkNuaFUybHBsU0JOSWxDQWZDR2R2cDlzRHdPVVd6S1Z0QjJLVzNRcENCYXcyVER3eHZLNUx3blNiV1pIX1dWMGdUbzJHSWoyQVpoRTlZNXFFdnZIRGxWMllpVjlhTnZVcFBsQ2dURnNWRTg2d3FNME15T2w2Vm40?oc=5
75a769ae9433b0d2f907e1c14c85a292,2021-10-27,beritajatim.com,"Catat, 42 Ruas Jalan di Lamongan Ini Masuk Usulan Perbaikan Tahun 2022 - beritajatim.com",Infrastruktur,F - Konstruksi,"Catat, 42 Ruas Jalan di Lamongan Ini Masuk Usulan Perbaikan Tahun 2022 beritajatim.com",https://news.google.com/rss/articles/CBMimAFBVV95cUxNS243dHF0c2N5SHROaU5LOUVqQXhOaVFNUVJIZG1GWGoxcmpQMUdQUFR3QWZUUEROSFM3cGhDMnBuZEpYYVJNbWdWVnlFbHZvZDZJVTZkS1hzUklad0hfY3hsZkhtLThLdWdlamdmYjFzbTJKdFZ3LXprVmo0SXJ4YlQ1RmZqMm1nejZJa0VaaEhzLTFPU3Q3SA?oc=5
ebdf7e07318c9a69ca5193f8f75d6e37,2021-10-14,jatim.tribunnews.com,Gurihnya Keripik Kulit Ikan Patin Lamongan Bikin Anak Presiden hingga Wapres Tergoda - jatim.tribunnews.com,Perikanan,"A - Pertanian, Kehutanan, dan Perikanan",Gurihnya Keripik Kulit Ikan Patin Lamongan Bikin Anak Presiden hingga Wapres Tergoda jatim.tribunnews.com,https://news.google.com/rss/articles/CBMiwgFBVV95cUxOYVdTWkYzemh6a0dLS2FhYnp3WnNucjVEd0VlYjdZeC02TkY2c3FyN2Nhb3hJZExIbmZiN2R1Q0pjYjFSSlh4cFJvTTdTdHdnMFR5S1h0QzA2Z0JrYUYzMVVZYXlsazJSTlZUQjh1R2JUQUdnbUVQVVQyUHBRVjJsdHlON1RZbkNKeE1Pb0h3MWxzTXkyMk5vR2ZaQTROT0F4eTF4cjFBbUp3OWxtNVllY3doOVN6UE9WUVJaM3dJRXRtZw?oc=5
bb2ba260cc2d6141b43cbb14c9523dc4,2021-10-13,TIMES Indonesia,Keripik Kulit Ikan Patin Lamongan yang Disukai Kaesang Pangarep dan Wakil Presiden - TIMES Indonesia,Perikanan,"A - Pertanian, Kehutanan, dan Perikanan",Keripik Kulit Ikan Patin Lamongan yang Disukai Kaesang Pangarep dan Wakil Presiden TIMES Indonesia,https://news.google.com/rss/articles/CBMixAFBVV95cUxOem55XzhadDlIQ1Q3SDZhT0Y3Rzd5S3Z2VU9TWlczUkp6SFNvV21QdGdlcTZHWWVmc0tSZFRZNUhYWDF0Z2RtdWREWk90U3VfVlVfWWpZSjdXTFBnWWwyYTF5M29IeEhiOFBleUtrVE4xTlExOFpvcXpDT3hZUHlVM2Z5NEQtamQ3ODZNSXg3Rl9UdTFoTzdIcHdLaU5LRjVocHRPdU5vd2JZQ2Fsd01kU0NxOHB4UlhSVnFhUU1rUU8tQUdB?oc=5
e59d90852a2b1c9632d450ff9b05eee5,2021-10-06,beritajatim.com,"Hadapi Rumitnya Sampah, Pemkab Lamongan Munculkan Inovasi Samtaku - beritajatim.com",Ekonomi Umum,"E - Pengadaan Air, Pengelolaan Sampah, Limbah dan Daur Ulang","Hadapi Rumitnya Sampah, Pemkab Lamongan Munculkan Inovasi Samtaku beritajatim.com",https://news.google.com/rss/articles/CBMikgFBVV95cUxQQzhYb1RpRVROWkFWeFNpdHNEYkxCRjd6MW96eldfWDI3Tm9aa3A3SnQtTnlDa1R2RVdIcUthaXhaT2liSFpJMklXRERUcUhoaDlEeDdCN3hkWXVGbU50cF9HLVhQMGJFbkx5YVR0ZmtBU3d0UHVzSjB0MzBxaS1yYWxwTTQ5VE82aFgxa19TUWs3dw?oc=5
67056c52507efaa8eede8528918d0e37,2021-09-24,Kompas.com,Bupati Lamongan Terima 10 Sertifikat Aset Daerah dari BPN - Kompas.com,Ekonomi Umum,"O - Administrasi Pemerintahan, Pertahanan dan Jaminan Sosial Wajib",Bupati Lamongan Terima 10 Sertifikat Aset Daerah dari BPN Kompas.com,https://news.google.com/rss/articles/CBMi2wFBVV95cUxOMnZvX1hDNklreFN1RVF6a3dYZk52aEhRZFdmTlZqeWFYOGJDN2pQc3lLaEhPaEs4ZXpTRnlfLTMtRVR3SEJFRlQyempOTmFSbkRNTWNFdkdjTFRMMkFCM0F6VEdzaXlPZVhoZTZTTm1pUGxGQUYzY01JMEZSdkJ6MUsyX2Z6Qy1ZcGZzQU5XYllBaGRuN2xRY052NlFvYzNBdjFBSmN1Q2NLVVVJUkg2LU1pYXlKbEZMbThFWW5pXzd5TktmNVNZQW1OWnpLY1VzblV0ZUJqOElXMjA?oc=5
02fd5bb98f375222c0f73ec60c6f1a43,2021-09-17,beritajatim.com,Dinas Perikanan Lamongan Dinobatkan Sebagai Pemenang Publik Service East Java 2021 - beritajatim.com,Perikanan,"A - Pertanian, Kehutanan, dan Perikanan",Dinas Perikanan Lamongan Dinobatkan Sebagai Pemenang Publik Service East Java 2021 beritajatim.com,https://news.google.com/rss/articles/CBMiqgFBVV95cUxNbjgwT0xwdW9OTkNNa0xKNGdGZ3hOajV6X2Z4ZlM2T3VhTzY3Ukd1bWxUQ2ZmU3cxOTlLU3pxMjk0V3RkZDlxX0JNalB5ZEdFNVFEclVNaE9VODFYWEpsaS1aWXRPOFhWR3U2Q3dWTXNXbl9uc2w3ZjNoaFNmZjQtZVgyMFJVczcxWjJ3aDVNanVyX3JPcUJrb05Mc2t0WUtURDJaNDZFNHhjZw?oc=5
e04e90896f492e62bcd3052ff51394fe,2021-08-09,detikNews,"Kasus COVID-19 di Lamongan Turun Selama PPKM, BOR Tersisa 26% - detikNews",Harga dan Inflasi,Belum Teridentifikasi,"Kasus COVID-19 di Lamongan Turun Selama PPKM, BOR Tersisa 26% detikNews",https://news.google.com/rss/articles/CBMirwFBVV95cUxNanluWnlRa3dmaGd5YmZjaXlDVkJDZTFoS2N4RjZkOVpxMmZKejdiSDhSZk9HRkhtLXVLYlF1Vjk3c0JlY3Rpa0F4eXBJc1IyZGJCOHd4dVVycjl5N3pwZjlaYlVSYzQ1WDh0b3ZDSTJNa0RFeE5sdjZtR0JaLWtObi1BT1ZqaUs4TnRyc09CLWtXMS1Fc0pLTWN6V3JQRkhrdkRBWHpuNUNpeS1SNzNn0gG0AUFVX3lxTFBhYkNwal84S0V0WmdIb01TM1FFQ2R2Sm1YRDQ5X3pBck04NVRlQ2dLZUNQMmwtaXBRVGh5bnVKSldRSUxndVJNeEpkN3VWVmR6bGxXUnY3RXp6NmhWWWc0Q3RORmRiSTBrNU91clpWXzBuWWVfZWxxYzM0S1lKSXV5a3BmMjNJY3lBbXp1VVotZTJUOHV3aUczVE9XeURWdXFFbEtJVmRzX2NnMzQxQzZUUDlFeQ?oc=5
5b75066385072376f0f714440a68738a,2021-08-09,news.detik.com,"Kasus COVID-19 di Lamongan Turun Selama PPKM, BOR Tersisa 26% - news.detik.com",Harga dan Inflasi,Belum Teridentifikasi,"Kasus COVID-19 di Lamongan Turun Selama PPKM, BOR Tersisa 26% news.detik.com",https://news.google.com/rss/articles/CBMirwFBVV95cUxNanluWnlRa3dmaGd5YmZjaXlDVkJDZTFoS2N4RjZkOVpxMmZKejdiSDhSZk9HRkhtLXVLYlF1Vjk3c0JlY3Rpa0F4eXBJc1IyZGJCOHd4dVVycjl5N3pwZjlaYlVSYzQ1WDh0b3ZDSTJNa0RFeE5sdjZtR0JaLWtObi1BT1ZqaUs4TnRyc09CLWtXMS1Fc0pLTWN6V3JQRkhrdkRBWHpuNUNpeS1SNzNn0gG0AUFVX3lxTFBhYkNwal84S0V0WmdIb01TM1FFQ2R2Sm1YRDQ5X3pBck04NVRlQ2dLZUNQMmwtaXBRVGh5bnVKSldRSUxndVJNeEpkN3VWVmR6bGxXUnY3RXp6NmhWWWc0Q3RORmRiSTBrNU91clpWXzBuWWVfZWxxYzM0S1lKSXV5a3BmMjNJY3lBbXp1VVotZTJUOHV3aUczVE9XeURWdXFFbEtJVmRzX2NnMzQxQzZUUDlFeQ?oc=5
12aab6e00b2c2c12fceb17693457cf12,2021-07-22,TIMES Indonesia,Kejari Lamongan Dukung Kebijakan Pemkab dalam Penanganan Covid-19 - TIMES Indonesia,Ekonomi Umum,"O - Administrasi Pemerintahan, Pertahanan dan Jaminan Sosial Wajib",Kejari Lamongan Dukung Kebijakan Pemkab dalam Penanganan Covid-19 TIMES Indonesia,https://news.google.com/rss/articles/CBMiuAFBVV95cUxQUWdHVDBHTUgwZTJQX3N1dzY5cWNnQmFnWjdZM2xqNW4tTlB3ZVQ1cVFoRlY0bE85MDR0d1BKTzV6R2tNZFZfZUVtV2tzNmdnaWNaMmY0LXh1NnVzVnViZ19LSVFfalczUl9lNHlHUUJ5OHk5NU5MS25meExuQnUtWlNxTHhXaEFsQXRnSXNOM0lBOVFpcW5Md19FOUs0SFVPbDBDN1FLMmg2dUJWTExYeHRiYXotNVdl?oc=5
8ca3e5eae05e8974667d5b842c51e7a9,2021-07-05,TIMES Indonesia,"Wisata Bumi Ganjaran, Inovasi Kepala Desa Pajangan di Lamongan - TIMES Indonesia",Pariwisata,I - Penyediaan Akomodasi dan Makan Minum,"Wisata Bumi Ganjaran, Inovasi Kepala Desa Pajangan di Lamongan TIMES Indonesia",https://news.google.com/rss/articles/CBMipwFBVV95cUxPSlhBUFVpSzI4Q2R2dW5XY18zVU5ETWVSRzVTbWo2VVl3SFlRNzNpNzlrN2ZZdkZIeVNtb2x6ZWZlU1BGdXNqYkF6ajRuTXpJeWJvbGF4YWdWd3AtMk1xZWNwV3d3bHR6VFA0Z0kzSzNOLTB6dk5rYWE0MEhIdEljY0pmVjJnNnBQdTNwMERMNkVrcFIwamFhY3U2UG50VnFUMmJPSUhwNA?oc=5
2849488496b8690ac46c1ef920ec8b9c,2021-06-19,klikjatim.com,"Berharap Miliki Menu Baru Bernilai Ekonomi, Lomba Masak Serba Ikan Digelar di Lamongan - klikjatim.com",Perikanan,"A - Pertanian, Kehutanan, dan Perikanan","Berharap Miliki Menu Baru Bernilai Ekonomi, Lomba Masak Serba Ikan Digelar di Lamongan klikjatim.com",https://news.google.com/rss/articles/CBMiugFBVV95cUxQZm5NaU9xVlRsWG56amdKcU5aMTBvbVpMQmVYLVRMdXJOMVZBNU15NVEwN2tpaU43NVA0SVA2ck5VdjhCZnlhMFpZVTNzY0FNWUR6dGs4d2llampsSmhSMEp6V3ZhLWZINXhmdEN4MExYak15VUk4akMwOEI5M0pMUE5ZR0t6NVYyX0RjdS1FVEVzZVRKQ0w5UGdBR25BSk9yUHdHTnh6bFVCRklUclZLRy1KdXN2dnN1ZGfSAb8BQVVfeXFMTXE5WUVHSHVWY0N0T1hCOHUxMnlVV19yay1ic0hyWnM4WFVLOFVlVDdKSmdHTHVySWR0UThrZW45WG9lWFowUUlxeVBVR01vaTNSLWdEMG9QMF9aakJjNEFRRUtKTk55dGY0UW0wYTZnR2FXTno2T0xfRGZacG91S3dHNEp2eEZ0Y29KdUZDZ1JyUWZMMDY5aVdXU2I3NmJobDZOYXlXUi01OHN3Q09OVml5VWMyU3MzVzJrMmpwYmc?oc=5
878d76c87627251ba691bd32aa7289cc,2021-06-04,beritajatim.com,Inilah Tanggapan Bupati YES terhadap Pandangan Umum Fraksi di Rapat Paripurna DPRD Lamongan - beritajatim.com,Ekonomi Umum,"O - Administrasi Pemerintahan, Pertahanan dan Jaminan Sosial Wajib",Inilah Tanggapan Bupati YES terhadap Pandangan Umum Fraksi di Rapat Paripurna DPRD Lamongan beritajatim.com,https://news.google.com/rss/articles/CBMitgFBVV95cUxNODItX251UlRYYVZfenpDRDFqUTYwQjlMVXhYVjc2d1lGSGxWSkI4N0JHU2J3bHl6eVp2QV9WRThOdF9qRHlzUU9UVTNVckIxY2ZoQ1JBZDVOSDJDQnhMbG9yejZEMGU2WUdpRWl2dWpwdHQ2X3FNOS1vSDFjUzVjOXlXU3o4dC1SR3NVMDhILVBJZDlaTDk2YVdwcjR4am9kWE5xN1hNT3R3UzN5OS1HeU9ZQ1VtQQ?oc=5
52d27f16ee027a2db015e68449f8a758,2021-06-02,TIMES Indonesia,Lamongan Siap Jadi Tulang Punggung Industri Peternakan Jatim - TIMES Indonesia,Industri,"A - Pertanian, Kehutanan, dan Perikanan",Lamongan Siap Jadi Tulang Punggung Industri Peternakan Jatim TIMES Indonesia,https://news.google.com/rss/articles/CBMipwFBVV95cUxNWmxNY2FyZVE4aXVKTWt4bU5CQ1B1UmpmaWtydjZaYm5Ec1hheHltbUg0V0JBRDUtUERNalNvX2dzZnE4ZXhSM0J3N1ljeWhlN0JiUGpxUmlTYUZHRmJlRUtiZjU0LVJJZFJyTkRVOXJKSHJCcE5yQWdJYUJPUTBFblExbnVPMF9TaGZpaDNrVXdJWmJROHhMMWExSkotQUxQZm03NE5Fdw?oc=5
229702a5e783d737837ea8a0ee44da93,2021-05-30,TIMES Indonesia,Alumni Ponpes Sunan Drajat Diminta Berperan dalam Pembangunan di Lamongan - TIMES Indonesia,Infrastruktur,F - Konstruksi,Alumni Ponpes Sunan Drajat Diminta Berperan dalam Pembangunan di Lamongan TIMES Indonesia,https://news.google.com/rss/articles/CBMixAFBVV95cUxNd0xRWkhrck4xR1ZqWTRhWEhISTVfX0o5ZVNFQVhJWG00WHAzVFZnZG5NcHRBcUJaZ3Y3MHZMUWhPOGdYRHduZ3FrSVEwT01OM3BhSlNnMDBKT3NqWkVrWXBqbk1DNXZsaTlzNU5wQllRZmZJQUZPMnlmcU9RQjE4WU5SeWhuQmowVFdscmVqZEJhb3pqMjJxaHA1R1p6bG5Rb3c0ajRGVDBuYzBrQkxrR0VVRXZoMmU0dlpiTkNIekxoS2V2?oc=5
4050faa7177d3c31d8e6d7e5f27981ad,2021-05-27,TIMES Indonesia,"Harga Ikan Tak Bersahabat, Pengusaha Tambak Lamongan Tak Berkutik - TIMES Indonesia",Perikanan,"A - Pertanian, Kehutanan, dan Perikanan","Harga Ikan Tak Bersahabat, Pengusaha Tambak Lamongan Tak Berkutik TIMES Indonesia",https://news.google.com/rss/articles/CBMirAFBVV95cUxQVkZOSV81QjB1cUlmTnpWT3FOTnZlRHJBSEZQZEk0LXNDNi1xbXJ5RDM1emtpZnNUXzJtb2kxMmU0TFgtODYtaXVuYzFub0FoR21BSDVZT3pfcG1vQXRUTTlVbTJKRUgxeDBuZHhyWkhaTzQ2Q1NCN0JUbFJkWWJJWUVNWDRDbjNteG1NSWtpYXZLOEZCY2p6c01IUWFTek1zNDJ4MFJaT2ZVQWgz?oc=5
91dac3454ab52f4e4a6029d180eceefa,2021-05-24,TIMES Indonesia,Ladu Sing di Lamongan Bukan Tangkap Penjahat Tapi Menempati Outlet UMKM di Indomaret - TIMES Indonesia,UMKM,Belum Teridentifikasi,Ladu Sing di Lamongan Bukan Tangkap Penjahat Tapi Menempati Outlet UMKM di Indomaret TIMES Indonesia,https://news.google.com/rss/articles/CBMixwFBVV95cUxNcDY5WnNFSFpTV1VPbVFBeHB0cEJkRVRRQ3VQbEhiVXIxZjI2UU1fN05ILUs3TXZwekJLTzQtS1l1Y3R1OWhrMkJDcC1OOURmd1hNU0lXdHdwVWJQdkoxTFR2eEd0UHZvYnp5TlRYaFlYLS1RaFltZUVCQ2tBelk0NFFwbm5YRG5oMTRUcGFNNVYzUHF6MUlLd0I2ci1TcXVmT0FiaV93WEV2cnpncm1vQVpxTFZpR1ZNVlRxa2R0NGExRnFVT0w4?oc=5
0431e1a6c9af9675d5e61ff9610aba51,2021-05-20,Antara News jatim,Belasan produk UMKM Lamongan resmi masuk retail modern - Antara News jatim,UMKM,Belum Teridentifikasi,Belasan produk UMKM Lamongan resmi masuk retail modern Antara News jatim,https://news.google.com/rss/articles/CBMingFBVV95cUxQRWJYdUh6bjVWQ3RySUVXaDZKVEpQazU3czlEblBQNTlkQjVnQ1pWX1JnM0tWd0VsZUNoeWRLM1JQTlFKNHVTT3JpeHdiV3pRZWtyMC1RRHdRLUYxdkNncURIV2xUWlltQTg1SVF5bUlWSHdpQlo5VDN2RkVVX3lKUDltOG1qYl9lSmVZanA1TWgtSmJENVBPYjdKSk9jd9IBowFBVV95cUxON3kzUVNHczl6TUtRM3oyS1YwWXdCVy0zdm5Vak5mQjNYamlpM0dUUXZXT2h4X2JjTEEtaG9OUXhnMlRvWld5T2F5ZUV1ZVNrNTZMQW9BOC1nazZCalhkSXhlcTFxVk9LN2ljVkg5d0NQUG45WEJoT3lvNlNIUjUtSHE2aDJVRC1iR3BTSWlZTXhqdGF2Z1hxT1ZSOGlqOFFoWHln?oc=5
5290aefff23a51e85776fdf52c6ddee1,2021-05-20,TIMES Indonesia,Disperindag Lamongan Targetkan Lebih Banyak Produk UMKM Bisa Masuk Toko Modern - TIMES Indonesia,UMKM,G - Perdagangan Besar dan Eceran; Reparasi Mobil dan Sepeda Motor,Disperindag Lamongan Targetkan Lebih Banyak Produk UMKM Bisa Masuk Toko Modern TIMES Indonesia,https://news.google.com/rss/articles/CBMivwFBVV95cUxNMWpsQzdQZ3hlSUhrTU5hUkludXJUVm4tUng2WDBqMmxOYXFVTXkzUU1MREcydHJ3QW9ZUGZ0bzM4bkpBWXlRaFV2SU1DZjhvcEpHbDltb1VKZzFYNWk4d0R3NU1WS0ZBS1BRUkl3aWRkNUN4eVZWVXlnZ2tEZDhQd0NFcUd3QWdNcDR2VEtvT3NFRTVtOUFid2REUzY4SjEtckVJQVIzQThic0JhVTRaMGdXVDFsRENpVVFwRzJiUQ?oc=5
80990ab6e7c4380fad513bf0c13ac43c,2021-05-20,TIMES Indonesia,"Produk UMKM Lamongan Masuk Indomaret, Ini Pesan Bupati Lamongan - TIMES Indonesia",UMKM,"O - Administrasi Pemerintahan, Pertahanan dan Jaminan Sosial Wajib","Produk UMKM Lamongan Masuk Indomaret, Ini Pesan Bupati Lamongan TIMES Indonesia",https://news.google.com/rss/articles/CBMiqgFBVV95cUxQUkdoSlZ4dUdBNndhTjJSbXZlZ2lqeWV6VENneVFxTzlReHNYZTkzMmNDRXdCREFrYllieFEtMWxpOGJSWDdtcG9ETFFiUm1UaXV3c1o1WlNpU3dHSkVVXzlZSzdUeVFGdjhianQ1WkFOMFhEb25Ga3BIRXpyY2hIZDVVYUFTYklhclZsNzQ5aUI2bHFNRmxoal82bGRMeXJIWW9fUndlVWFXZw?oc=5
d25c78611b1dfda7906ad0c3e02d1fe9,2021-05-20,TIMES Indonesia,"Produk UMKM Lamongan Jadi Mitra Bisnis Indomaret, Ini Kriterianya - TIMES Indonesia",UMKM,Belum Teridentifikasi,"Produk UMKM Lamongan Jadi Mitra Bisnis Indomaret, Ini Kriterianya TIMES Indonesia",https://news.google.com/rss/articles/CBMirAFBVV95cUxPMXpNdXI4R2VWUnBsQ01hV1lTbHlrYWFDU29jbDhKSWdWX1JSamRJTlVNVkFMajNIajFtWGNfZEFheFhJYzBQZlZ6WlJHOWVFRXkxeFFNYklDdmVVQXlYWi16OEIxLTYwTWh0aXVQTDdGaXpzWFdSNk91bHo0VmxYcVcxWm1LbzdfMDhuR0Z5ZGM5aTkxTkktaUxRWkhBelJsZXEyM0dLRzVFS2hU?oc=5
62c4f2a1df24da8de158a432ed448df8,2021-04-22,TIMES Indonesia,Ramadan Jadi Momen Awal Kebangkitan UMKM di Lamongan - TIMES Indonesia,UMKM,Belum Teridentifikasi,Ramadan Jadi Momen Awal Kebangkitan UMKM di Lamongan TIMES Indonesia,https://news.google.com/rss/articles/CBMinAFBVV95cUxQRG80Y3BsOFlRcFZWcm1XWVpaRUFRVmJad1JnTWxEbzY4LU5YUnpLdXJmZ0JwWDlRNUMxNktWcHRvemMzQjZEb2huZmtYVW5vMlFsaWVyZHpRU3JEWVhaMWZSWUFoVW9FNUdzWmVaeEJ5RVlQVEdSbUV6TnNGRzY2NVFkTjB6MWFIX092UEVzMy1CUmh4TW1tSFo4elY?oc=5
11c40bad2a6bbcf6039411929b1eeb0e,2021-04-06,TIMES Indonesia,Pemkab Lamongan akan Lakukan Pembinaan Produsen Mie Lidi - TIMES Indonesia,Ekonomi Umum,"O - Administrasi Pemerintahan, Pertahanan dan Jaminan Sosial Wajib",Pemkab Lamongan akan Lakukan Pembinaan Produsen Mie Lidi TIMES Indonesia,https://news.google.com/rss/articles/CBMiogFBVV95cUxQNjY4MEVkN1B6UDllSDhTV2xYOUxYM0czTUo0SFd3MXJJeEptYkZOVFVpbEU5TWhOYlhIZHJ3QWlmWHFfM2ZfMnI5ZlB5TnZNR2lHcEhraGZvUzZjMHoyVko2WjZXSTJjV2p0WnVPU3FOTnJNdzBEb1dvcks1a1VxUEw4X24zV3k0S1hjcFplQ3pQNDJReUhiQ1pFSllTSDN2QlE?oc=5
8497a2c7e8b4c9f1ef2fd124dcbfce93,2021-04-05,klikjatim.com,"Shuttlecock Lamongan Kuasai Pasar Nasional, Khofifah Kagum - klikjatim.com",Perdagangan,G - Perdagangan Besar dan Eceran; Reparasi Mobil dan Sepeda Motor,"Shuttlecock Lamongan Kuasai Pasar Nasional, Khofifah Kagum klikjatim.com",https://news.google.com/rss/articles/CBMilAFBVV95cUxPWjAzSmZudVJKMF9fZjFiRTBGVmJNWHptT0pnUjRDb1ppaEFhZ3ctN0E2cGhQQkFjMHNVUUFDSFVveU9aNy1ZT0JzMVBuSXpieDhsUDNzOHBmRXJCUjVGOVAwNnEtU0NsekJKdlpRWGZqUXJnTUc5UHlNdlZjbTJnaWIydGRld2thX2t4MWZkVVJUTWwy0gGaAUFVX3lxTFBTTHltX3UyVV8yUkZFeVpCZHdpc1B3dXdkeDNlN2NnMTRMZ3I4REZ6c29xNkc2cVdEcTZmN1c1R3pkUWc5U2J6TXZnWU9vbDliS0xwUFZVSGdUaTJkcllYQ1M1alJfa2ZnODFlU2ZhN0k0TUlKT1B4dEI4dU53NzV4bU1xZ3V4WWJpNkMwdHB6akplMl9vNmhYYlE?oc=5
b5ff51cffbe15194ced97f09b2217622,2021-03-30,klikjatim.com,Pemerintah Kabupaten Lamongan Gelontorkan Bantuan Untuk Warga Terdampak Banjir - klikjatim.com,Ekonomi Umum,"O - Administrasi Pemerintahan, Pertahanan dan Jaminan Sosial Wajib",Pemerintah Kabupaten Lamongan Gelontorkan Bantuan Untuk Warga Terdampak Banjir klikjatim.com,https://news.google.com/rss/articles/CBMisAFBVV95cUxObFY4dllBUnpRVC1TLXNlVFNIRkRjSHFlcTF4MHNBZF9ORnY0VFZ4cG13MGM5NVpsZVgxOXlLWnhJVzkwRGNuNmNwTUp4TnBkT2Z1TEZrd19GSjZaVGtXLXZ3c2ZmeWhUVXh0YmVETDltR05xRnVwVUdrekdQWC1sSXQtZUhVcldCU2lhNV90ZEdhS1JjcGVOTmROQV9BSldmR2xSaHJMdDVkYkM3Nm5LR9IBtgFBVV95cUxNMnFYZE5WNEZFc1ctN20tMHZBUVM3NEJNd1FfNmo4SDY4dWlCNlM1akZzTllpRVExbnd5Ty1CR1dNRHdVZGh2Q3FGTWxwaVozaDUwSGI5c2xYX2RCX3p1X2xCanY4SzhBODJyNEtQNWwxckcwaU12aTJOQXVJdTBwSWp6ZjVZVDBPX0JJTThoZEpQaHVpeVFYY3U1YmhfeXU1bXlXdzhGOEJkbFlxOHVOeXlrUHF2UQ?oc=5
c661fa83975188f4f0b220e6c846edca,2021-03-09,TIMES Indonesia,"Tak Terserang Penyakit, Petani di Lamongan Nikmati Manisnya Harga Bawang Merah - TIMES Indonesia",Harga dan Inflasi,"A - Pertanian, Kehutanan, dan Perikanan","Tak Terserang Penyakit, Petani di Lamongan Nikmati Manisnya Harga Bawang Merah TIMES Indonesia",https://news.google.com/rss/articles/CBMivgFBVV95cUxOT040bzNKQ1I0ZGxYOWUyS0VoXzA5Nml6OVp6dnA2X1Z0Sll5QUEwVGNlZjFpZ2Q3dFNXMW1FUDcwREMxYlJZc0JPSXBUUmVDMHlqV2QyRHl3STlrbFVGckhLaG9yZlZnZXdEdjM2Tk9iR3lrWmJxMk1nWE13QWY1N1lfRVNCb0FQeU9OQklZUjdSaXYwMmVEdGp0MHpLTnhxTzNmenlrWUxtblBkRzRqOWxJdTYzY205MjBSblJ3?oc=5
ff083d0dbe83755ed5ce66eef121b0f1,2021-02-23,TIMES Indonesia,"Di Lamongan, Limbah Pakaian Disulap Jadi Vas Bunga - TIMES Indonesia",Ekonomi Umum,"E - Pengadaan Air, Pengelolaan Sampah, Limbah dan Daur Ulang","Di Lamongan, Limbah Pakaian Disulap Jadi Vas Bunga TIMES Indonesia",https://news.google.com/rss/articles/CBMimAFBVV95cUxPVkx6cC1zS1pMcnNaa3A3aU81a1k1aFprSm1WS21zc1E3T2RwSExNX2FoV2RXWWJjS3pDbTBhUXhnbHR3OE1kVTVHMTZicjVGZk9ieDNMaTdxak9CVDh1dTQtVHp2b0I1dmJHcWd6OGJDTmFUbUtsdmU1al9leHJfb0x4MG14SEpBdzdLYWMxODRNTl8zdnhacQ?oc=5
18ddd03547d8c15fa8f81395c2e7caf4,2021-02-21,TIMES Indonesia,Lamongan Sudah Jadikan Sampah Sebagai Bahan Baku Ekonomi - TIMES Indonesia,Ekonomi Umum,"E - Pengadaan Air, Pengelolaan Sampah, Limbah dan Daur Ulang",Lamongan Sudah Jadikan Sampah Sebagai Bahan Baku Ekonomi TIMES Indonesia,https://news.google.com/rss/articles/CBMirgFBVV95cUxQRk5LZWFrSUlkM2dZVG9QRXM2SE1UMFZxdS1zOHBpS0JVNmxxbjJfMHdNSVY4emN4YWlTZWNKaVJ2SENHNC0td1VwMk5GQmdiaFgyMHg2UV80T1AxSE16VkR6V2t3X1huNDBqamk3aHJhR1JhUjItM0llb0FkUndCY0c0OUJpZzZzNXpwUEFJUURrak9wOFBRWEZfb2hGUVpoZnZCTFRaMkx1M1dFSEE?oc=5
cc1a749d58f4f74219e3b036a9e846ff,2021-02-09,TIMES Indonesia,Pasokan Ikan Air Tawar di Pasar Ikan Lamongan Menurun - TIMES Indonesia,Perdagangan,"A - Pertanian, Kehutanan, dan Perikanan",Pasokan Ikan Air Tawar di Pasar Ikan Lamongan Menurun TIMES Indonesia,https://news.google.com/rss/articles/CBMingFBVV95cUxPeFBqQ0x3U0JtZ0hhNEktblJlbXFjY2tpaW9ra09fejRRWTU1RVB4YkMwZ3NxOGswMFNRNklmSENDY1VYN081c195NE55ZGt5d2JRajJwZnlXbF9wYkMyUUlVZEJOelFjaE1MUHNCM2ZuMjU1dk9NLWM0YUctU1lkSG9Ka2FGU2xXdjc3cWhrX3JySzdycUxRdmhFOTFUUQ?oc=5
52aeca32a078bf6897b1462f3ab62c9f,2021-01-22,TIMES Indonesia,"Meski Ada PPKM, Bupati Lamongan Fadeli: Perekonomian Tidak Boleh Berhenti - TIMES Indonesia",Ekonomi Daerah,"O - Administrasi Pemerintahan, Pertahanan dan Jaminan Sosial Wajib","Meski Ada PPKM, Bupati Lamongan Fadeli: Perekonomian Tidak Boleh Berhenti TIMES Indonesia",https://news.google.com/rss/articles/CBMitgFBVV95cUxOTzloM2hBT3MxWW05a3g2NUlQLUF2d2cyX0ZHSWExeUdwSllHLUZELXlnMEx1OVpoYmJ3YnNWMGNNNVlMVHFhUHctTjExODNQN001dTFxLXBRWFNEdGNlQmEzcHV0c1lheXctVGJicVh0S3A0V2JlTWs3ZkRJSEo0aGtldW9lbkNLUE9wbHRlXzFfQnJJSlU5d3ZXZ29rQkFENmp6UlJvQVlmUnhkcEhwaGl3UExyUQ?oc=5
a5e4c1e7f0fcc95cb36e98a07447c7d5,2020-11-05,TIMES Indonesia,"Harga Ikan di Lamongan Cenderung Naik, Dampak Covid-19 atau Perubahan Cuaca? - TIMES Indonesia",Harga dan Inflasi,"A - Pertanian, Kehutanan, dan Perikanan","Harga Ikan di Lamongan Cenderung Naik, Dampak Covid-19 atau Perubahan Cuaca? TIMES Indonesia",https://news.google.com/rss/articles/CBMiuAFBVV95cUxQbDdCZUhRNWhCTGtyemx2LUVBMUFSU3VKLVhTRnNUZHNTUHNxRVdnRkxmYzF6Q2lRTlcyMjZnMGU0ckpNek03RUFlLUNxNmEyTmhSc3hmUXlKRUxyRl83dHdsTVFpWXU2Qk5sVl81MjdJMnRlVGktMERKOEgyQ2lBLTVuLW5iaHZpX2Fac240ZWJZNnVQWUk3QkdvRlpFNDZJSTB6NTMyQ3FkbmF3ZWJhUnc0Q0dXTXB4?oc=5
fe155cda80e420dbce190f7908e60a19,2020-10-21,TIMES Indonesia,"Peta Sebaran Covid-19, Status Lamongan Turun Dari Zona Oranye jadi Zona Kuning - TIMES Indonesia",Harga dan Inflasi,Belum Teridentifikasi,"Peta Sebaran Covid-19, Status Lamongan Turun Dari Zona Oranye jadi Zona Kuning TIMES Indonesia",https://news.google.com/rss/articles/CBMiyAFBVV95cUxQM3BJMGxXMHlkSnE3cDlYUk91MVJ5ZmE4REdXbUc1YzhSWWtTckJTSWd4Mkhzb2NxSW00SHRYQUFSaWxnWGpTaEhwVC1uY1ZPX2RPV0Nid3lNM2Fia2hPNUVlX0lFc2Z1TVdaVFdjRUl1NUVlQm91eURwdUs3blI3R1o3eWx3bE50cDdRVUtTNWprUExqYnNfR05lNk11M1p3bi1GSXh4WmtzRnNocVFmc2M5LW5ZY0FHTG03Rng4UzdONlFEdFN5QQ?oc=5
128440e9bdca2eb76de3a10c3183b4cf,2020-09-30,TIMES Indonesia,BPJS Ketenagakerjaan Lamongan Layani Masyarakat dengan Lapak Asik - TIMES Indonesia,Ekonomi Umum,Q - Jasa Kesehatan dan Kegiatan Sosial,BPJS Ketenagakerjaan Lamongan Layani Masyarakat dengan Lapak Asik TIMES Indonesia,https://news.google.com/rss/articles/CBMirgFBVV95cUxNS1pfOUJEekcwUnRMV05ZY0xDUHhuclU1Rk81MVlpUmhOVU5pZ29VOWZVT25BWGRFWmtIaFBBSkdOWm5ReWpNbFpwcVBwMGR5aFNaR1FhTGpsOGhBMHBiMHRqSFdjdjk1al9DbV9ZVHpqZmRRQm91MTB3NHlVeFZKTW9vRTkyRXluQlVoME12YjhNbEc5OVJDZGQtQko0SE9mVmNld0JmS2FjbWR3ckE?oc=5
311ab86fc58f2824d2015bf6400389b6,2020-07-25,detikNews,Kemenhub Dorong Kemajuan Ekonomi Lamongan Lewat Pengembangan Pelabuhan - detikNews,Ekonomi Daerah,H - Transportasi dan Pergudangan,Kemenhub Dorong Kemajuan Ekonomi Lamongan Lewat Pengembangan Pelabuhan detikNews,https://news.google.com/rss/articles/CBMivgFBVV95cUxQUGZxaGlJaFpXNHFfWkdxdGZNX3pUZnpkVVMzWnZ0d1Q3Y0ZyTWxGZXpHbEU3YjlSbXo1VGJUU0x6bl9pa3JGRzFoTzB3STBTdWM1RmlQSjhXcVY3cVNPeng0cWRtelpPTE1QTnczQmhhWkNWNXFWa2NGWXllM1RzSjJMM0VDa2w1OW1NQy1POVBxQUlYaHVMNlphcXRLZGRlbmtZY0dVOEFLLTBrMGIycHRqMllhQnNvbmN5RnZn?oc=5
5bb3a96663ec7b7219c57fc101196c8a,2020-07-25,news.detik.com,Kemenhub Dorong Kemajuan Ekonomi Lamongan Lewat Pengembangan Pelabuhan - news.detik.com,Ekonomi Daerah,H - Transportasi dan Pergudangan,Kemenhub Dorong Kemajuan Ekonomi Lamongan Lewat Pengembangan Pelabuhan news.detik.com,https://news.google.com/rss/articles/CBMivgFBVV95cUxQUGZxaGlJaFpXNHFfWkdxdGZNX3pUZnpkVVMzWnZ0d1Q3Y0ZyTWxGZXpHbEU3YjlSbXo1VGJUU0x6bl9pa3JGRzFoTzB3STBTdWM1RmlQSjhXcVY3cVNPeng0cWRtelpPTE1QTnczQmhhWkNWNXFWa2NGWXllM1RzSjJMM0VDa2w1OW1NQy1POVBxQUlYaHVMNlphcXRLZGRlbmtZY0dVOEFLLTBrMGIycHRqMllhQnNvbmN5RnZn?oc=5
6e8b9ead76c1e223e91f5ae4a5066d0c,2020-06-25,TIMES Indonesia,Cerita Pelaku UMKM di Lamongan yang Berupaya Bangkit dari Keterpurukan Akibat Pandemi Covid-19 - TIMES Indonesia,UMKM,Belum Teridentifikasi,Cerita Pelaku UMKM di Lamongan yang Berupaya Bangkit dari Keterpurukan Akibat Pandemi Covid-19 TIMES Indonesia,https://news.google.com/rss/articles/CBMi0wFBVV95cUxQTGdQMUlOVlhpMnVFWFpmc2h2bUxZV1VEbUkyTFBzT3loOHNXNXhyVTNTZDlQQkVtSTNZWkxpZmdQOXFMWUZ4b2lXbXRrX0J3bkM1ZU1YTWxtdFN6cGpvNGRmd3NPSEFSbktBcFhsaHVXcDZDUE1sUUF5TE1EbUNFdzFmNkpnc0ZNdzJaN2dmV190MXlPbGxYeTNZY0djamV3ZWdLWTBFdFczYVV0a085ZEs2NW1aWGxwc0pmeElQbjAzNEhkM1RvV1RfWFpQSjdadmhZ?oc=5
09a045fc65e3f8ddbfefaf19f161435b,2020-05-02,TIMES Indonesia,"Ramadhan di Tengah Covid-19, Omzet Pedagang Kelapa Muda di Lamongan Tetap Naik - TIMES Indonesia",Harga dan Inflasi,G - Perdagangan Besar dan Eceran; Reparasi Mobil dan Sepeda Motor,"Ramadhan di Tengah Covid-19, Omzet Pedagang Kelapa Muda di Lamongan Tetap Naik TIMES Indonesia",https://news.google.com/rss/articles/CBMivAFBVV95cUxOVzBVSE1NM044WWFYOW95TVdXN2toOUpNejhyX1kzLUFyRkJ2Y2F1eVloYkFyRE85TkNBcnBCZ1M0YjVnRW9Yb1ZDUGgxTlpXTlFubE1SdlU4VUcwTlQzSk9tZFluUzNUX2VmYUxjbWtsQk5iMXEtSHBfUWJLQU9BOUpaZENOcEFjQVZwdHlGNWd2ZnRoYUpwUmNSWkdmUkNyZXBQNVdoOVpnT1M0cklfbDY5OHdPeGNuekJBRw?oc=5
de579cf7b3d29bd21cf80456daf0b6d3,2020-04-27,TIMES Indonesia,Dinas PMD Lamongan Paparkan Mekanisme Pemberian BLT Covid-19 - TIMES Indonesia,Ekonomi Umum,"O - Administrasi Pemerintahan, Pertahanan dan Jaminan Sosial Wajib",Dinas PMD Lamongan Paparkan Mekanisme Pemberian BLT Covid-19 TIMES Indonesia,https://news.google.com/rss/articles/CBMisgFBVV95cUxOdEx0dGxmNk1HSHpacy1fY2JMb1dpdUk1Y2JqVU1IbDVkNWdaSnBtWTB0dTBVYl9Sa2FqemhPSng0aHc1Y3JQc2IzOVVZYnh2UUl0dWRJQTVScmt0enM1LWJ1X2h1UUdVVEcxbWgwUEFscV9GQnF2V0NtVHh3VFpkckFweEdUTzQ0emg3RWpmc0ZtUTR0OXZ2a0FwdWhob2dpNm9YVUptYjc0ZUVBNFYxdHRn?oc=5
3a9a69a99cb05d74bdcf62035bc66e7d,2020-03-13,TIMES Indonesia,"Menjaga Tradisi, Merawat Budaya Lamongan - TIMES Indonesia",Ekonomi Umum,"R,S,T,U - Jasa Lainnya","Menjaga Tradisi, Merawat Budaya Lamongan TIMES Indonesia",https://news.google.com/rss/articles/CBMilwFBVV95cUxOZlBTajMzcW1CQllkb3F4X2h6RHFTOTRDR0tuRE5hcHFkR0k5RVJ6d1QyMUpTaFlySUdIaWpaMDZhQm03aEtoYXlOak41UDNrOHhpUGhuUU1QUGlPRG1kY3hKS25EUUg4bGptTGgtd3o3WFJENjVIUVk0SXZiRTlLZU9nb0pldnZ3eHI2VjlaSDZHbmoxQ0dJ?oc=5
e181cf5ded83eee2265f01d1ed530bb0,2020-02-20,TIMES Indonesia,Inilah Lima Desa Wisata Bahari di Lamongan - TIMES Indonesia,Pariwisata,I - Penyediaan Akomodasi dan Makan Minum,Inilah Lima Desa Wisata Bahari di Lamongan TIMES Indonesia,https://news.google.com/rss/articles/CBMijgFBVV95cUxOYTBxdGR3UnZzREVsdXVJZVV3SVZma2FEdVdUZGtPSFQzdWEyekxXTGI5SXpQaDZtSlc4ZmVJQVVhakVTQkdwb2JDd1FlVXFjcFBjaUxaczBVblNyNlpRaFUzN3Zoc3BZMkl0TE42NGVCakdHczVtNnRxS3BOOWU0ZmdEVjZ3YXFIcXZGMk5B?oc=5
e009880b1e66cfdcfe484dc26c3eba09,2020-01-08,Antara News jatim,Pemkab Lamongan luncurkan Kapal Maritim Perkasa 3031 - Antara News jatim,Ekonomi Umum,"O - Administrasi Pemerintahan, Pertahanan dan Jaminan Sosial Wajib",Pemkab Lamongan luncurkan Kapal Maritim Perkasa 3031 Antara News jatim,https://news.google.com/rss/articles/CBMimwFBVV95cUxNTFNaaEFUdnE5S0dhOVlXQTNDN0VUc0V4TjE2TVozbk52NzNXZHBOa0tXdFNYY2JPYjJZM1NiSlp1YUVzaDhYNlVjX2Vib2p1TzhrNWU3Z2lXUGR0ZDBpX0Rwb3pVNEN4SUVTZEZxZ0RLYm9oYUxINk8xbF9VT2d1Y0xFd1hUTFV6Wmc4bm9IUjlxNHYtb0FXc2l5aw?oc=5
00988e5e3da4ca5dbe8210e262de8c61,2019-12-02,Kumparan.com,Kereta Api Dharmawangsa Rute Pasar Senen-Surabaya Turi Resmi Meluncur - kumparan.com - Kumparan.com,Perdagangan,G - Perdagangan Besar dan Eceran; Reparasi Mobil dan Sepeda Motor,Kereta Api Dharmawangsa Rute Pasar Senen-Surabaya Turi Resmi Meluncur - kumparan.com Kumparan.com,https://news.google.com/rss/articles/CBMiuAFBVV95cUxPOGVud1hBbkdWRGJzRkNMYnpxZnlsZGdNaWlIeHE3aDFnSFBJR0UtZGp4ZXpNMk1vcUxEWlUyenhqTWVYaUEzbGVfU1hTdEdjbGtfalpMaVVmWlVjd1BNc2lzbDhId1podW05SmlsaFZiTHQta0JENTZNdXYzRHZaLW9XUjF0LXhDV0RKY0dGNGMxTXhmSl8yMU9IUmtSNzNKMW5GZXVyak52THBva3I4YkxDeDlwT1VP0gHAAUFVX3lxTE5VNkR1ZGgyTXVqMGV2aFV6c0IwdnpOMlBhMHpkZnJpaW1jaWtwcmh1VmpWc3JwQVlxNEVWUlpuUmozMjVySzNjQTZnSGs5ZHpfQlB2blRWdGxVejE3T0xVUThybHQ4NTZxLVZHWFlqOUJNcDNXUE13bEl6OUFyaUc2aUJ1VmhrQ295d2dIUmhua1RLVEhvb0Y2ZW5nVmF6QUFLS2M1amhmWXlILWc2UHVTNERkSEhSU2JVYVJ4VW13WQ?oc=5
9e0c4c2aea6a56ecf28ce3e32c21b539,2019-11-28,Kompas.com,"Hendak Diperbaiki, Sumur di Lamongan Semburkan Lumpur dan Gas - Kompas.com",Ekonomi Umum,D - Pengadaan Listrik dan Gas,"Hendak Diperbaiki, Sumur di Lamongan Semburkan Lumpur dan Gas Kompas.com",https://news.google.com/rss/articles/CBMi2AFBVV95cUxOWmx2VjRlaG1OUHh2Wm1qUjdLNldRRzVwVGdSa0VTNGFaOVhOUUs1X3Z4bV9MdVpxVUQzTl9WS2RhS2F1UFpnanhucWhpdGhsYXlEWmxXb0pMU29YNzFCR0Q2V0tUbkNYbzFIX1d4VzQ1amUyelBMd3pzdng2UTdDQlRXcS1GeFZ6WVhOb1loXzh1OFRDSjVLallqVWNQUk10SmVlZWZjejFlX0xOd1JWWXozZ2lMazBsZk53Wllxa2I2bXZwei1VdDZBOXFELUZhVkcySElnSXM?oc=5
21f35fc0040476219854d2708996032a,2019-11-28,regional.kompas.com,"Hendak Diperbaiki, Sumur di Lamongan Semburkan Lumpur dan Gas - regional.kompas.com",Ekonomi Umum,D - Pengadaan Listrik dan Gas,"Hendak Diperbaiki, Sumur di Lamongan Semburkan Lumpur dan Gas regional.kompas.com",https://news.google.com/rss/articles/CBMi2AFBVV95cUxOWmx2VjRlaG1OUHh2Wm1qUjdLNldRRzVwVGdSa0VTNGFaOVhOUUs1X3Z4bV9MdVpxVUQzTl9WS2RhS2F1UFpnanhucWhpdGhsYXlEWmxXb0pMU29YNzFCR0Q2V0tUbkNYbzFIX1d4VzQ1amUyelBMd3pzdng2UTdDQlRXcS1GeFZ6WVhOb1loXzh1OFRDSjVLallqVWNQUk10SmVlZWZjejFlX0xOd1JWWXozZ2lMazBsZk53Wllxa2I2bXZwei1VdDZBOXFELUZhVkcySElnSXM?oc=5
3f49786551028fe38cf11a04789b97a4,2019-11-22,klikjatim.com,"Kamis Depan, Enam Truk Raksasa Ini Bakal Melintas di Jalur Gresik Lamongan Bojonegoro - klikjatim.com",Ekonomi Umum,H - Transportasi dan Pergudangan,"Kamis Depan, Enam Truk Raksasa Ini Bakal Melintas di Jalur Gresik Lamongan Bojonegoro klikjatim.com",https://news.google.com/rss/articles/CBMitwFBVV95cUxOdW9HWjJtSks4c3F5NFgxcjQ2ekduRHBVd2JrekNMLWZMajhaZ1hlQnlLNGZ3V3BHZXEwSENVNEs5MEl0R0ZaQkQyUXhzXzhoelQtMVN4ZzlMdXpNRlQzcVNwVjFYaFRRam45MFpLMWI2N3hPZE9QMmJuQmYycDFnV0NKc1JuRE1XWnViOHJQeFVkWXdKR2dPeE5hQlUxQWE0aGZZb2Foa3ZoRGs0cnJDSmstRzF3MVHSAbwBQVVfeXFMTlFfNFAwS3dOU3llNFVvMDlEaTB0QU5xY0lSaVN2YWZEX2l0X0ZuRlo3eExodmpKOGtvNE9BSEpSUXAxdWo3ZzVIVUFWeUYzejl4bWFaNU5pVUhQbDZvUzNzZDkyU2tMdnV2TUE5el93MktNOFNWQ1Zqd2d2RFhZQ19PYnJyaVlzd3E0RzhQN0RWbmVqdktQVGpSMGw5QkM0ci1yWVNIY25GdWxYUVFacHVabWlKVE82c1ZBVFQ?oc=5
98c24b81b54d66fb53fdee73d1256fdc,2019-06-17,TIMES Indonesia,"Masuk Penghujung Masa Panen, Harga Ikan Tambak di Lamongan Mulai Naik - TIMES Indonesia",Harga dan Inflasi,"A - Pertanian, Kehutanan, dan Perikanan","Masuk Penghujung Masa Panen, Harga Ikan Tambak di Lamongan Mulai Naik TIMES Indonesia",https://news.google.com/rss/articles/CBMisgFBVV95cUxPcUgyNmpFQW12UjBIUHp2ZGRpMU9IQm16MlN0czJIYmhLNG9Zc3MzNXRuZm1LYXBIMTk0bTE0X3BVLWhtX2JpQkF2LUF1TXpfUERpaTBKRVNmak1HWWNISDJQcjJkOG1rTFQ3YzlFYTJGZ1dhSlFPT1VuTU9lT2poUGJZN0FpQU5mamRpZm9MUTRPQjlaSU8xbzFjMXVmT0cycUZxQl9UblZoeXlwUU80Nlpn?oc=5
19c12b6e9281ea7ba56a002766841a3e,2019-05-23,TIMES Indonesia,Pasar Rakyat Ramadhan Sale Manjakan Warga Lamongan - TIMES Indonesia,Perdagangan,G - Perdagangan Besar dan Eceran; Reparasi Mobil dan Sepeda Motor,Pasar Rakyat Ramadhan Sale Manjakan Warga Lamongan TIMES Indonesia,https://news.google.com/rss/articles/CBMimgFBVV95cUxPSFRMNjl2VVg2cHdJZHFHYWMwTVpPMFZvZmFKTV9QSzFLdlFrNGhkdTI4azZkRTItLVpZTlplT0hKa2FDWUxhb0d3SlpUMS1qZi1HSXVpck02V1YxNkJOY09QSkZhRUFJNXQyQUJGMzY4TTFZNDZEc1FsNFRHMjhHOEpOWHVnUzBNOTlidE4wYzB2ZGNobzVaRVJn?oc=5
31cc218d5b51d7610915034bdf4eb487,2019-02-16,TIMES Indonesia,"Apresiasi Nasabah, Bank Daerah Lamongan Konsisten Gelar Undian Simapan - TIMES Indonesia",Keuangan,K - Jasa Keuangan dan Asuransi,"Apresiasi Nasabah, Bank Daerah Lamongan Konsisten Gelar Undian Simapan TIMES Indonesia",https://news.google.com/rss/articles/CBMiswFBVV95cUxQSF9MSGFoU29UdkZMOWlCUE1SSF9fV0owZTJhSjRxdnFta1VLSkEtTUFkYWN4em5pcVVBczN0Ylo2RzV2dnpVeHdKc2xsS3U1eWFtd0hIc3JSS3M1VThUOWtFZUtJTlZaRUZCcW5WbGxCdW9OLWZ5Qkl0clBFZ0J0TUVYdEd3aVJUUlVxNU9CajZKdV9jQmduRTN4T2t5ZUZKekJ3NFdDM1FTazdkMEE1TDMwSQ?oc=5
75703d31f141962234072e2b08f039d7,2019-02-12,jatim.tribunnews.com,"Pohon Tumbang Melintang, Jalan Laras - Liris Lamongan Tertutup Total - jatim.tribunnews.com",Infrastruktur,F - Konstruksi,"Pohon Tumbang Melintang, Jalan Laras - Liris Lamongan Tertutup Total jatim.tribunnews.com",https://news.google.com/rss/articles/CBMiqAFBVV95cUxNYmhCaENFb3ZJNFAtSjJjR0Y4WE9fS3QyRzBEalhON2VtT19LODNPMkwwLUQ2SHlHRkNCcE5fNU1CM2xwd043dEcyaElfekE0VDRKNWt5S3MyZ3VXeHg3RnNZdG5MU3VvOVFzN211NWNLcFRLM3M0U0Z6Z09sYlQxVXhDS0hDQmJhb0dRZDliQ3lkWTdHYmE1T3dzODlQTkRscXllNU1zYXQ?oc=5
34cab19c25538280e1172c9f012c7dcf,2019-01-24,TIMES Indonesia,"Via Pelatihan Melek Digital, Bank Daerah Lamongan Berpacu dengan Teknologi - TIMES Indonesia",Ekonomi Digital,J - Informasi dan Komunikasi,"Via Pelatihan Melek Digital, Bank Daerah Lamongan Berpacu dengan Teknologi TIMES Indonesia",https://news.google.com/rss/articles/CBMiuAFBVV95cUxPNnNUdXdLQllaRFoxOTdDazhPVEJMNVh0ZlVXOFIxd25iVmxvUE5LNlp3M184c1lZcVJ2aGhKUnFSbGhXeFQyeFI2T1FfX2FGQnZuMi1UY0lfeEsxeFNNLXlOVlJvRmYxUlJUODYtSWViN2xWdjVheVVTaWdUYnJuV282c2xEZmZmS2sxUTdnWHV5TWcxbE5GSUJaeHpKaTlVUnV4NGh2N1J3WDZpNndlM0VMUWpjUzhF?oc=5
8dd61e33f710a9ed8bcb6a71340006ad,2019-01-04,TIMES Indonesia,"Pasokan Menurun, Harga Ikan di Pasar Ikan Lamongan Melambung - TIMES Indonesia",Harga dan Inflasi,G - Perdagangan Besar dan Eceran; Reparasi Mobil dan Sepeda Motor,"Pasokan Menurun, Harga Ikan di Pasar Ikan Lamongan Melambung TIMES Indonesia",https://news.google.com/rss/articles/CBMipgFBVV95cUxPaW50REwzNnJNWEdCRWlOc1ZZNTVXNE1jMU1hZ1RPLWYwcEZYX2xHTDZ0Nnd3QUR4WEtDdmNiV0FlLWppZ05VamVxS1hZaVZxVmdQc3h1MzUzbncyWVdEblFYbm92SGpHUFE0MENMYjlkRTBIbHZOLUJzMnpaV3pMYTEya1ljaXlmOEp6U3BZaERfU01sMDJNNndxMmd2Mk8zVXFKNU5B?oc=5
cd744f9e9d5d0573e42444f47bc78a53,2018-12-19,TIMES Indonesia,BPS Lamongan: Tingkat Pengangguran Kabupaten Lamongan Turun - TIMES Indonesia,Harga dan Inflasi,Belum Teridentifikasi,BPS Lamongan: Tingkat Pengangguran Kabupaten Lamongan Turun TIMES Indonesia,https://news.google.com/rss/articles/CBMipAFBVV95cUxQS3hBaHVGd0tlZWhHOW1STjVZdzFqTmExbDZNTUJ3cWRmTUJVZHhwM1JUTmRYU0FMNm9FeXVZYTFtRjJYUmlrVXJYbGJlMHhiWWNJamlyRmltVGsyOEhMd1NqY3N3X2tfTjZrWTZVX0owNmctMXd5WUhVZFZpY3JqYmw1clBXc0RZQ3RmbHFpOVBidmVLNGNsdHYxc0c4WmRoU29MdA?oc=5
9518aad25fa0eb960258485becce2d33,2018-11-19,detikNews,Jokowi Resmikan Masjid Kampus Muhammadiyah Lamongan - detikNews,Ekonomi Umum,P - Jasa Pendidikan,Jokowi Resmikan Masjid Kampus Muhammadiyah Lamongan detikNews,https://news.google.com/rss/articles/CBMilgFBVV95cUxQRV83YVVZbzMwLUZDYnU1ek5xRzVMczlRQThHVG1SYjlTNWpXRktpV0preTNTQkJ2ZF9GUzZpYTFUTVU1OWVMVjNISXVtS0ROckhQREVoT0xTeUJyMlB1OE9pQVNwYXZNZU4yV0xvc0F0Tmx0UnlCVW9SSVI0alJCQUwtSzhUZGxodVhiR3lEZUNDdkQ2emc?oc=5
46aad0a14c9446bdf06e19c3ffe2845d,2018-11-19,news.detik.com,Jokowi Resmikan Masjid Kampus Muhammadiyah Lamongan - news.detik.com,Ekonomi Umum,P - Jasa Pendidikan,Jokowi Resmikan Masjid Kampus Muhammadiyah Lamongan news.detik.com,https://news.google.com/rss/articles/CBMilgFBVV95cUxQRV83YVVZbzMwLUZDYnU1ek5xRzVMczlRQThHVG1SYjlTNWpXRktpV0preTNTQkJ2ZF9GUzZpYTFUTVU1OWVMVjNISXVtS0ROckhQREVoT0xTeUJyMlB1OE9pQVNwYXZNZU4yV0xvc0F0Tmx0UnlCVW9SSVI0alJCQUwtSzhUZGxodVhiR3lEZUNDdkQ2emc?oc=5
20d7d33234f3f7f963b2d45e597551ef,2018-11-16,TIMES Indonesia,"Inilah UKM Lamongan yang Naik Kelas, Apa Rahasianya? - TIMES Indonesia",Harga dan Inflasi,Belum Teridentifikasi,"Inilah UKM Lamongan yang Naik Kelas, Apa Rahasianya? TIMES Indonesia",https://news.google.com/rss/articles/CBMimgFBVV95cUxQRFVtX2tuWHhSSzh5ZXZ2TkFoTmtkX3hhZ0xKUEFvNmV6aVZTTk5pUXlJMDl5SlpZT1VRdnppeE5uZW9CWHF5UzI4bGd6SGk0c1JOaE1Cc0dpbjRiLWVmbU1oN1FRdk9wZDFPY0ZqcGVhR19iX2xLQ0tjVGdBSF9XaTZfT05fdUxybHM1N2RqSlVfcFZBX1dVbV9B?oc=5
6603cf3980b05932f7121f5412cbc1b6,2018-11-15,Antara News jatim,Lamongan Gandeng BATAN Siapkan Bibit Padi Unggul - Antara News jatim,Pertanian,"A - Pertanian, Kehutanan, dan Perikanan",Lamongan Gandeng BATAN Siapkan Bibit Padi Unggul Antara News jatim,https://news.google.com/rss/articles/CBMilgFBVV95cUxOanM3ZkxudkNicGNjUGQ3QnFoYnZsaE1mZEZadDhYUEhfemJEdlFtckY5NVoxTUNoU0d0QWd6Tk9WTnlNMEM1NThvdi0zUF9DWUZUVUpLcnhLelR1VmFDT25FMWJUZnlBd1M2N3ZzM2lNLWlUTlNEQmY1OFNiUzNobUszS2htYlBZd282M0VUd0NRcHN3cWfSAZsBQVVfeXFMUEZxcG5XWjNDc2xYT3lCRUZHYTItUTJCT1NFbUJ4U1FCWEQ2MkNuUFp1Z2JGdnpnZWM3blBWdHVfQlBfYVBWNGd2MHRKODMxT203aTZ6RGg1bmtRSjY0VzNKdGRMcFd6cGlzMm9OczhJRGFtdEc5VHJ3QzFyQnJVeXJvMlFuN25iTDdIU2tKVHZteW91LTZsZWlCM2M?oc=5
beda0cf637ea25fe7b76b12413e1c4d9,2018-11-15,Suryamalang.com,"Bupati Lamongan Raih ICSB Indonesia City Award 2018, Berhasil Dorong Pengembangan UKM - Suryamalang.com",Ekonomi Umum,"O - Administrasi Pemerintahan, Pertahanan dan Jaminan Sosial Wajib","Bupati Lamongan Raih ICSB Indonesia City Award 2018, Berhasil Dorong Pengembangan UKM Suryamalang.com",https://news.google.com/rss/articles/CBMiygFBVV95cUxPbmwwM1owRWczN21LUndfdUowM3F2LTN4MENDV0w2ZmwzeW5nM1lpeE5COENTR0tUcHpQcFo4cW02SlU1cGZiRzNtZVdKY2N5XzEwSXI4Rkw0eXdnVm8wUHRfemN1MUJ3VGo4TmVKbm5pdkVnemRaMGkwRkNRbDRJLU1tWGRGN1ljT1lDMWZiVUZoNEp4dzdEdEFvTUs4ekhrUERnZkN2SlY5b1hydlZFRmNoZUoxcVU3NUVJOTlQNDYtMF9WRFdKWGtR?oc=5
32693a728af7beba3b24ee734d6890da,2018-10-29,TIMES Indonesia,"Jagung Lamongan Melimpah, Olahan Jagung pun Tercipta - TIMES Indonesia",Pertanian,"A - Pertanian, Kehutanan, dan Perikanan","Jagung Lamongan Melimpah, Olahan Jagung pun Tercipta TIMES Indonesia",https://news.google.com/rss/articles/CBMimwFBVV95cUxQbXRWLU5WejJKMkJhLTZHYjRUdFBSNXhOME15MTdqUWNPMGJIV2VCT3N0dms5NHBEbWtpa29wUkVBQzhIQ2dZTEtfM0toOEJsUkV4dVdiWXlsV1Z0djhXMWFGaWN6LWdxUFl5MEdJYVRzT2dyZE9UUXZwQm1xVlNsb2REY0xUMExnOVRDVGEtVVYyMTMya1NrUndvUQ?oc=5
909b675d0041a72dcee4be6f7062090b,2018-10-28,TIMES Indonesia,Serundeng Iwak Kali Milik Pelajar Lamongan Tembus Pasar Malaysia - TIMES Indonesia,Perdagangan,G - Perdagangan Besar dan Eceran; Reparasi Mobil dan Sepeda Motor,Serundeng Iwak Kali Milik Pelajar Lamongan Tembus Pasar Malaysia TIMES Indonesia,https://news.google.com/rss/articles/CBMirAFBVV95cUxQei1rSWhzcEoxM3FNaTR2b2QyRUpKVUlPYUVqMnVaMnJTUllfTzZxY2JxWWg2SjFqQldHMjRicTZUUUJaNmZDa3o4MC1JU1UyeFpzN1EyQWdfaldmSGRtNUVBY1plLUhqMXZGNTRwUWhGNnh4QmM0aTExRUhIeUZycFhJQWJxTU44NFJJM2xnTW9Ya3FyLS1jeHROb1I0NkhxNDI0THBlZ29ibVAy?oc=5
f6ac10b1b9e4caaf68ae0ae3183a8a14,2018-10-22,Antara News jatim,Produksi Garam Lamongan Lampaui Target - Antara News jatim,Industri,C - Industri Pengolahan,Produksi Garam Lamongan Lampaui Target Antara News jatim,https://news.google.com/rss/articles/CBMiiAFBVV95cUxNTU43d0EzZ0hvaDhpeWlXSGdhaUpnUm5kTW9WMktSSWxkMmpweWVrOFo4eTUzbGlxbmh3RFZwX2gyT25FMGdZd1ozcDVyc2lVby1WdTBGQmU1NHBIc1F5QmFxeEdTTUx3UjdwM21qLWdKS09qcXhZc3RNaTMxQWpwdDczY2ZobW5B0gGOAUFVX3lxTE5TUVQyOWR4WU9RUXF3UXJPR0MyazVhb1BFcngySG5mWnQ3d0dWRVVjdy1CRUpUdXVsV2ZnbUFISTN1M2Q2eER3YVNTZlFubFpFc0ZqWmduYVJiZ0dMWG9HcUc4MmYzZGpNV0s3Y3FUZ2F5bTV3WUEtYV9rVXdVOXhsZHI1a0VFa0tDeWI4OGc?oc=5
41b72c53d1bead28279691a241857851,2018-09-27,Kumparan.com,"Panen Melon Golden Apollo di Lamongan, Rini Soemarno Justru Terharu - kumparan.com - Kumparan.com",Pertanian,"A - Pertanian, Kehutanan, dan Perikanan","Panen Melon Golden Apollo di Lamongan, Rini Soemarno Justru Terharu - kumparan.com Kumparan.com",https://news.google.com/rss/articles/CBMivwFBVV95cUxNcExrT1BpekJVUmU1N0xoeXM4b1FYV29jVTlvcDFNZ1RxdVp4c0tHMWJQbjBOY2hyN2F5UE83dlRlc3JIcXFlbzJyZVRnUE02b2k5RDBEUWJLTThvbDV5NFdHcVJ1T3NQTTdtTUFLOGtVTk9hZFNLWGdVeXlnMjQwVjBOUXZVcGhzZ2I0UTBxeVFkSkVsYmY2cWtIdDBBUWpLS3lGNlRCZUlEdjkteUFtdlZ0Sk5DSEF6T3VpZFE5Y9IBxwFBVV95cUxNdE9zNGlZX2xoUVNKTWpQcUlwSXMtblAyLUpkUTA5M1JmdzUyNDI5aV9CS2Q0SDgxOVVZN1lveUxDd1Zvb0NWc184eTJDVkEwVzFvZmZLUVhnaTZiZTBEMWlIR3hRMmphb0xLcjNSNnJzMVNVZEREWWxEc3FaR1FnWnA4Vk0yZktNTWxJR205ZC1uYXhNWm95blRzYUlXcG1FU1p6TkxLVzgyQzJLQXAwSEZHX3FSTjBTQnZiWHRLWFAxaG1CN2NR?oc=5
f5a4fad33a78f2cb5b00d6b45c29c1b1,2018-09-25,TIMES Indonesia,Harga Bumbu Dapur di Lamongan Meroket - TIMES Indonesia,Harga dan Inflasi,G - Perdagangan Besar dan Eceran; Reparasi Mobil dan Sepeda Motor,Harga Bumbu Dapur di Lamongan Meroket TIMES Indonesia,https://news.google.com/rss/articles/CBMiiAFBVV95cUxOUkxuMWNLVVRqUkRzQUFXcTBONWZ5dFFNTmFsN2RqUDYyTzYydl9lY1VjVTZDZlEzeXBKMm1xNk5QMjZxLWdSY1FqN01wSnBacUgzdGFiTDVaT1VoSlhUeldLQWFHMmwzYnJXQnNVd2lZUGF5dlFldkpFUGstUGo4OUctUFIxMGdz?oc=5
977438e7bf172b66950d2f8cc1c6ae13,2018-08-13,TIMES Indonesia,"Hama Tikus Menyerang, Petani Jagung di Lamongan Resah - TIMES Indonesia",Pertanian,"A - Pertanian, Kehutanan, dan Perikanan","Hama Tikus Menyerang, Petani Jagung di Lamongan Resah TIMES Indonesia",https://news.google.com/rss/articles/CBMinAFBVV95cUxNYlhZSDc4aVFFNkRQSi03b29TaUQ4ZmktRWVkV2xOYWdmdXFxQmFiVVE0b1ltMGY1SEt2STFHWnhOSDFGUkktOHhEY3FFWTZSZkpXYUN5LU5BR2ZKS05STFJiSGxaakV0VFRCYkY1alNkd2JBd3RfYVNLR1ZLY2Y5ei1VWWhLMFhrbEd6WDF4LVdVT3JwbUxZRzAxN3Q?oc=5
28f6ea921731fc65e6e0c4049abcfde5,2018-08-09,detikFinance,Petani Lamongan Budidaya Beras Jepang Bahan Baku Sushi - detikFinance,Pertanian,"A - Pertanian, Kehutanan, dan Perikanan",Petani Lamongan Budidaya Beras Jepang Bahan Baku Sushi detikFinance,https://news.google.com/rss/articles/CBMisgFBVV95cUxPX0lJZFJoMEdncWUxZkhES1BZMXFTOG9BUkM2N0d1Q2pXb3d3R2dyY3IwV2doX2ExTzFOdHdBOVQySXotWUFEUDlHQjRfYjRBcXJkUzJsR0tvNEF2YnVLdWk5QXZNVmo2ckplMnZ5MXhfZXFJX040UXAzX0NEM0FtS1VVWndBS1M5c0xVQ2lEUkxub0hiRDY4ZnlzYjluOFFiVHltM3dBV1h1Rnp2WG16bnln?oc=5
fc3d3181b88eb548abcb44b36b3e0891,2018-07-11,TIMES Indonesia,Produksi Jagung Lamongan Bakal Melimpah - TIMES Indonesia,Pertanian,"A - Pertanian, Kehutanan, dan Perikanan",Produksi Jagung Lamongan Bakal Melimpah TIMES Indonesia,https://news.google.com/rss/articles/CBMiiwFBVV95cUxOTXhJTG5fVmFjT3R4bmJWd1FFYXhsaWhLZFNOS2NDWThralVhcWdGSm03d3JoYjhYMmdGeFJLQ3M0RXBoX3dYY2NXdEtwX1k2cWFvN1luSnVjdU1KT3FKRHZqVDlGOEh6OV9GNVAtTFpMRENRc0Y4cURBTVNOMDMtZkFuSTlNWjg4U3NJ?oc=5
8bc59729beb23eb417a52f1d334e5833,2018-05-28,Kompas.com,"Melihat Lebih Dekat Sego Boranan, Kuliner Asli Lamongan - Kompas.com",Pariwisata,I - Penyediaan Akomodasi dan Makan Minum,"Melihat Lebih Dekat Sego Boranan, Kuliner Asli Lamongan Kompas.com",https://news.google.com/rss/articles/CBMi1gFBVV95cUxQZnZKQ2JubUVYQ2pwMzlicUI1ZW9JZVZHUl95X0lrcjdBc01uWTlRVGVVNGNjYXZMb1RibTA5U3RkOEpkUmR1NDM5aFAxb0R4Q1NsbkNibUdISDEzUEVTSFhrMW5MdTVWT21qNjI2SXFWOEtKeURpNzR2bHd6dkllOXlSTnRqTkRaV1l6M1hlbjVCR2t3Z0QzdkxJaXMyWmZOazNNY1dILWZxVVFyQ0VfVE1VMEpQX2RQLXpad1dtTFpXZTRiTEpJVW9mbDFxWlBpUVhla3lB?oc=5
bbf4dbefe4c8e01b00a6c30d60eeeea4,2018-05-26,jatim.tribunnews.com,DPP Partai Demokrat Tunjuk Anak Bupati Fadeli Jadi Ketua DPRD Lamongan - jatim.tribunnews.com,Ekonomi Umum,"O - Administrasi Pemerintahan, Pertahanan dan Jaminan Sosial Wajib",DPP Partai Demokrat Tunjuk Anak Bupati Fadeli Jadi Ketua DPRD Lamongan jatim.tribunnews.com,https://news.google.com/rss/articles/CBMirwFBVV95cUxPQTVjZmsxV2o3OGt5dWg0WkQ5eDhZaUVwNTc0NnpwUTJmM0J5SVZRYkstQmZmZXFKS0xkRE8yaEExdHh2MlA5NFBzWlhmaEpCNjBEQWVhU19FOTA5cjdEQU1IZ1p3UnNYcE5kTkF1VG5pTlhGZmczR3diUldDVlJGUWVZdHg2ZC00MTczdDJSWWF6U3pFYWdIaGZrZkFoVnB5QzM4WEVJR2tSVXlkQ1pJ?oc=5
139d6e365bddfbf0d9bb3eee4045b796,2018-05-08,TIMES Indonesia,Ibu-ibu OPD Kabupaten Lamongan Adu Kreatif Menu Makanan dari Ikan - TIMES Indonesia,Perikanan,"A - Pertanian, Kehutanan, dan Perikanan",Ibu-ibu OPD Kabupaten Lamongan Adu Kreatif Menu Makanan dari Ikan TIMES Indonesia,https://news.google.com/rss/articles/CBMiuAFBVV95cUxQTjdmTGdCd0xRdlhYckVFTWYtVldBbExLOW9QWU5RWUQxbTFXNi1HVTZmbVN1NmhGY2ZSeXJWMmxOTXRXcXVON2xSQUdteDRPcDdjSjVlZVNfWnFUNmhYOWs3d2FRS0M2THFUVkh1TkxBQzlVZ0lKb0M1d1pwdVBYY1d4QUl0ZlNlMHpRMjNxYUFRYjJKYVdEc0h6Y0Jvc0E5Ykl0c1cwdVh0S0htYWRrQkRHLUw1dnRY?oc=5
59211c800995e6c725cbb0746575687d,2018-04-12,TIMES Indonesia,UMKM Lamongan Mampu Serap Ribuan Tenaga Kerja - TIMES Indonesia,UMKM,"M,N - Jasa Perusahaan",UMKM Lamongan Mampu Serap Ribuan Tenaga Kerja TIMES Indonesia,https://news.google.com/rss/articles/CBMinwFBVV95cUxONnJvRGh0a3ZHTXNucE91TWJHeTFCLW1kRmVFQlg3RnA4RWtseVlWWDZpWWJCdjBKZXBjQ2Y1VzVMSTB2cnJsOUR5Rk42Ri0zM1cwdHBVZGZxa3RzbjNwWEk0UjJVdlhYbHhoWThHWFRGd0FLaW9jenN6MTFpczduMk9xWkdtWnJ3N1ppZUY4TURRV0ZteTZiWTFwYkpId2c?oc=5
5989971bd10975944aaa6c5ce310e722,2017-10-24,TIMES Indonesia,Mengenal Ratu Jagung Lamongan - TIMES Indonesia,Pertanian,"A - Pertanian, Kehutanan, dan Perikanan",Mengenal Ratu Jagung Lamongan TIMES Indonesia,https://news.google.com/rss/articles/CBMifkFVX3lxTE1GTzF4LWRmeDhKU0tFSEs4amZ6MEw2Z1hIbXlBUTZZal8yYnc3T3E5X0FxQlJYT2Q1UHIwNGc4QmZTSEJvQ0Y1ekplUmF1MzZ2TzZGTUlkZV9oS3F6MTlWVVZudXdoS3MyVUZMY3MwQV9fSjJMeUwzMzd0Zlo4UQ?oc=5
388aaac1e6b858775bab267d78a73cd8,2017-05-10,TIMES Indonesia,"Harumkan Nama SMAN 1 Lamongan, Dua Siswa Dapatkan Hadiah Ini - TIMES Indonesia",Ekonomi Umum,P - Jasa Pendidikan,"Harumkan Nama SMAN 1 Lamongan, Dua Siswa Dapatkan Hadiah Ini TIMES Indonesia",https://news.google.com/rss/articles/CBMiqgFBVV95cUxOVDVLY2E3bUNkekg5Z1pOTWNrYTRKMzFVSkEtZ2VIdU4zUGtUQ1I5cC05bVBpYV9OUDAwbTlaQ2kzRXA5RDlwWVliOUVPaTY3MjVXckRPQXFKN2U3ZEFvUm5VQS1MeGRUR3NsUVFDUzVKUnAwaEo4UV93WmxmaWZickxPX0F2N3BuX1hBQVN0S2Q0c3RVdjlCY0l5TUF6SXRJLVZVSEUxRlA2QQ?oc=5
1215141a36214a84defb8a8cb300e4bf,2017-03-29,detikFinance,Lamongan Siap Ekspor Jagung ke Malaysia - detikFinance,Pertanian,"A - Pertanian, Kehutanan, dan Perikanan",Lamongan Siap Ekspor Jagung ke Malaysia detikFinance,https://news.google.com/rss/articles/CBMingFBVV95cUxObVlNX1czUDYyQWF5aUVaNmcyeVNJS3BoM1hiNE10TVRYelRtVU96V29BOWhINlVSeEZ2enRQYVBkZ2N2U1VRZ2JLd3Q4LUNNODJZZXNiaUdJakx0dGZhcEQ2RktzWHRERXUzSEZ2Y19QZU1HaURBRU5MWWE2b0NTYVhsSDVNXzkwY29nT3cwVmtlVml2SGtSS0YtZFBoZw?oc=5
93e87e97adb9983fccc34167eb61ac94,2017-02-28,TIMES Indonesia,"""Kentok"" Penerapan Konsep Peternakan Terintegrasi Perkebunan di Lamongan - TIMES Indonesia",Ekonomi Umum,"A - Pertanian, Kehutanan, dan Perikanan","""Kentok"" Penerapan Konsep Peternakan Terintegrasi Perkebunan di Lamongan TIMES Indonesia",https://news.google.com/rss/articles/CBMitAFBVV95cUxOc012NW5xWll4UjNUY2pqaFVlUk1RM1BIa01hVS0xUEdlNlU1TE5MRU1KVF9rcXJ5aXV2MUhsc21TYlRvYmZIZlA2MHNPYzNkaWJ1eGVEU2FMUjdPTUpzWlZsSzVUbUpSQkcxNTFsejNqdlM1b3lycWk0UnBLZ0RodzV2OHl4LVJrUm5ad0VLVVlpeXJCc2VrSjJMaXpoVVFkcVlrLWo1cVhwdDAyS21UMW9VNE8?oc=5
3f94635b5f8474361038dbf5e215014a,2017-01-25,Kompas.com,Kementan Siap Penuhi Benih Hibrida Jagung untuk Petani di Lamongan - Kompas.com,Pertanian,"A - Pertanian, Kehutanan, dan Perikanan",Kementan Siap Penuhi Benih Hibrida Jagung untuk Petani di Lamongan Kompas.com,https://news.google.com/rss/articles/CBMiuAFBVV95cUxPdTJud0xLbTZUb3FDSDFvQWphMGxfeXh6by14cmFkZFh6WmI1R01UVzdhRnJXZW5XdEhia2lBbU9iQ2RGVE5rUnYzZWVGd0p3eXNJaWxRZHZvQjNlNVNYN3JyX0lJRG0xTmFWcVp5VE1KYmdVaGdSaHlHMjV2eE8zTWlIM0VEUlFPLUdXSDhieGkyNzdkU2N1MzdKTmoxOTdqODZabTBUSEdHUktZVzdVbnpTX3JoN1Nv?oc=5
2d7e80418e11b8f8ad45843fc2ae0c35,2017-01-24,detikFinance,Produksi Jagung di Lamongan Naik Jadi 10 Ton per Hektar - detikFinance,Harga dan Inflasi,"A - Pertanian, Kehutanan, dan Perikanan",Produksi Jagung di Lamongan Naik Jadi 10 Ton per Hektar detikFinance,https://news.google.com/rss/articles/CBMiswFBVV95cUxORlZ1QzBQdTdCdHJYX0lNdnVYOWphLV9KUGtpRTRIQmVFcXpTVWRVVGFNTmdYb2FqdGdySXI1Z1l4YU53V1M4TWZWSmota0ZrN2RvbjRYV0xjUG9pWnpkU1Q3d1BzRjFjVGNORENZSHR3THMwbHI0OFNLNGlHU2hvc01rMV9YRjQxaFlNampNZm5MRV9TVHA4SmxkcF8ta0xQdDR6WklBQWpUYkxnanlDUUV1OA?oc=5
238657179cde6c064f5aed7d05ae3ce0,2016-11-25,detikFinance,Ada Rumah Kedelai Di Lamongan - detikFinance,Ekonomi Umum,L - Real Estat,Ada Rumah Kedelai Di Lamongan detikFinance,https://news.google.com/rss/articles/CBMikAFBVV95cUxQTGVvdC11MEl4Z1lCN24yUWs3QVQyYnlBTjBHMm1tbktHZl8xYmlfbGNPcmNRVjdiNlJ4eUxUY3BqZ3hDQkNkT2YwcllyTUZ0dm9mT0o4bjM2TGdpeUhxNTcyRkdmMExrWkVGaXRBc01XMlBnSkwzVHlUVWtBT2ZJNDFuMjZmb1FRdF9nRE42Qkc?oc=5
4c4e370feef7cc7e6d6bb7bd861d9b55,2016-10-06,Kompas.com,Bank Mandiri Kucurkan KUR untuk Nelayan Lamongan - Kompas.com,Perikanan,"A - Pertanian, Kehutanan, dan Perikanan",Bank Mandiri Kucurkan KUR untuk Nelayan Lamongan Kompas.com,https://news.google.com/rss/articles/CBMioAFBVV95cUxPYWhsd3ltWHhiT2lYc1FwYmE2QVJEYVdkREhYbVdyR0xCT25jYjl5SlZIZ0lRWmFFZ3ZwWUkzTzI1cXJGUG9vdTNFdUN1dVNXVGhjaWdyUEk0U1BzUVQ5LXVkR1M5QmhsaGNtSzZ6M0pIUUNnVy1SM3lhQU5GYUZxNG1fVTlPT1pUMS1oVXdUY3dlYUxiRjBybGJfZm1PS3E5?oc=5
26e25ba65569686dbcf3576e6da5f3bf,2016-10-05,TIMES Indonesia,Bank Daerah Lamongan Ajukan Tambahan Modal Rp 100 Miliar - TIMES Indonesia,Investasi,K - Jasa Keuangan dan Asuransi,Bank Daerah Lamongan Ajukan Tambahan Modal Rp 100 Miliar TIMES Indonesia,https://news.google.com/rss/articles/CBMiogFBVV95cUxQbmNCMHk4aHBBZUo4NVdNN1huSW84clIzeWJJb3RRVHZTczlJNkgwTnJVTXBRdkRyaFRkc0lkN0o3ckZsX2VVTkR5N0lJMWtac3ZuSUhWZm5ZYndManpYTGxaQXJlQnR2NjlITzFLczR5Q2ZVZ1VtLTRjTHdYdFpyb2ttTUxIbDJPeE9JRkdfaDd4UXVONTJXc0lvcVVjZmsxUVE?oc=5
b77b549042edc2f730bcb8e1e900456c,2014-04-26,detikFinance,"Proyek Terminal Teluk Lamongan Telan Dana Rp 3,4 Triliun - detikFinance",Ekonomi Umum,F - Konstruksi,"Proyek Terminal Teluk Lamongan Telan Dana Rp 3,4 Triliun detikFinance",https://news.google.com/rss/articles/CBMitAFBVV95cUxOZlN4cmNNN0pZellzN2w0c0V5WEhPSnVkQ0ozc1RDcHRTTEdIYkNuMDJDR0dfWUZVTVZpamk1bWMxYV9FN1JJZmQyTlZKRHRmOVNoN0N6aHh4YlhZVlVhX3JTUjNUaURWV1Nma0cyLTVYWjB0bGhhdW1Wd1ZrNG0zTm5UdHZ0Ym9MaFgyZmkxNXJIbVpzWlNqVGN3YXh6cUdCNzJWUS1UeFF1XzBqelpxZFlIOHA?oc=5
879d0023afd5016ef68a09319a3e58ab,2012-10-15,Kompas.com,Oxford Business Group Riset Investasi Lamongan - Kompas.com,Investasi,K - Jasa Keuangan dan Asuransi,Oxford Business Group Riset Investasi Lamongan Kompas.com,https://news.google.com/rss/articles/CBMiogFBVV95cUxNbHRXU1REU0hva1FTOWh6UkRNb2pwX1FnbENubTFjS1BFSUdOQ19BLVc3czRJc2pMcUdMNG5XTDhEWTBucTdCUTBZeVQ2M3VadThxU2JmYWhVamtjcmlOUnNmekFvUGFyaWRfTE1PQ011Z0ZWeXJEVWs2X1BmOEFiMlZpNVNhOTZwc1BPZEgzSEptUE9CMzViLUV1dXRNSTNOaVE?oc=5
7cfc1aa15afa8bd4f78769fb588a9a9c,2012-08-08,Antara News jatim,Wilayah Selatan Lamongan Ditetapkan Sebagai Pusat Peternakan - Antara News jatim,Ekonomi Umum,"A - Pertanian, Kehutanan, dan Perikanan",Wilayah Selatan Lamongan Ditetapkan Sebagai Pusat Peternakan Antara News jatim,https://news.google.com/rss/articles/CBMipAFBVV95cUxOa2ltS3lOQ3lPSXdjdEFOMkNLdG9mNF83RlVMWEdZbXhRYnNMQXgwNzRuWXFYcURJZ0hDSDZoVXh4RUhqOUdBNllVVW9ua09XeHhVMlR3Zzh2blp0NFBCSUhZMEJ2WVlUdlpLWXV1QTdZUWFDMml1WS1KcVZVZ3pwTXdqM2lKRXlvZVBxZGJWNEJ2SUNJVG1Rd0QzRUdZa0g1QnUyONIBqgFBVV95cUxQNDZVOTZvelpSS2FCdGJhUEVHZHJPUVAwR240UzdYMUFUQmZtdGwzMmRjRUpCaGtybTRPSV9aNS00T3VYQzl0OTdEYjh4Nl9XTS0tNk05VXl4bGhIUnJZMXoyelo1c1ZOVkRwdmVMLWxzM2hJMDdlSjd5c1habGxNN0tWT21aUFVkczBDWE1fNGNXZHc4amNEVy1uRW0zNFRUTXpGRVQxdktXZw?oc=5
9c9816fd145e4a85745f41a4cb59a2ec,2008-12-11,Kompas.com,Penyusunan Dokumen Amdal Lamongan Difasilitasi Pemerintah Pusat - Kompas.com,Ekonomi Umum,"O - Administrasi Pemerintahan, Pertahanan dan Jaminan Sosial Wajib",Penyusunan Dokumen Amdal Lamongan Difasilitasi Pemerintah Pusat Kompas.com,https://news.google.com/rss/articles/CBMiswFBVV95cUxOLXpUeWpSdm5zSU1QZkc1T0lxZEllUTNJYi1sR01mT2dnM3lkMGtvT2JmcmdBWUVaZExsc0QyaXkwWXBHLVF1YzlpVUh6X1l6Q01TS3ZkdDg3SW5Nc2tzZXRVVS1HQ05WcGFYOTBueldWX0ZudmtodzNCbUZmV0NNZHZFMDl4ZjhENWlNTlk0dnZzZG5DWThFTWVRVjRHVVdRM012UnJMRmZlVjZCZS1CR21rRQ?oc=5
